,Player,Team,Age,Height,Weight,COLLEGE,COUNTRY,DRAFT YEAR,DRAFT ROUND,DRAFT NUMBER,GP,PTS,REB,AST,NETRTG,OREB%,DREB%,USG%,TS%,AST%
0,,,,,,,,,,,,,,,,,,,,
1,AJ Price,CLE,28,6-2,195,Connecticut,USA,2009,2,52,26.0,5.1,1.2,1.8,-10.0,1.7,8.5,21.8,45.1,25.4
2,Aaron Brooks,CHI,30,6-0,161,Oregon,USA,2007,1,26,82.0,11.6,2.0,3.2,5.0,1.7,6.8,24.6,53.4,24.5
3,Aaron Gordon,ORL,19,6-9,220,Arizona,USA,2014,1,4,47.0,5.2,3.6,0.7,-7.9,5.8,15.1,15.1,51.7,6.4
4,Adreian Payne,MIN,24,6-10,245,Michigan State,USA,2014,1,15,32.0,6.7,5.1,0.9,-17.0,6.6,16.8,17.3,44.3,6.7
5,Al Horford,ATL,29,6-10,250,Florida,Dominican Republic,2007,1,3,76.0,15.2,7.2,3.2,6.7,6.1,17.3,22.0,56.3,17.8
6,Al Jefferson,CHA,30,6-10,289,None,USA,2004,1,15,65.0,16.6,8.4,1.7,-3.4,4.9,23.0,26.5,50.0,11.0
7,Al-Farouq Aminu,DAL,24,6-9,215,Wake Forest,USA,2010,1,8,74.0,5.6,4.6,0.8,5.3,8.1,16.1,14.6,50.4,6.2
8,Alan Anderson,BKN,32,6-6,220,Michigan State,USA,Undrafted,Undrafted,Undrafted,74.0,7.4,2.8,1.1,-1.0,1.8,9.6,13.9,56.3,7.4
9,Alec Burks,UTA,23,6-6,211,Colorado,USA,2011,1,12,27.0,13.9,4.2,3.0,-7.2,2.2,11.3,20.6,52.4,14.5
10,Alex Kirk,CLE,23,7-0,245,New Mexico,USA,Undrafted,Undrafted,Undrafted,5.0,0.8,0.2,0.2,-44.1,8.3,0.0,16.7,41.0,12.5
11,Alex Len,PHX,22,7-1,255,Maryland,Ukraine,2013,1,5,69.0,6.3,6.6,0.5,-0.3,9.2,19.6,13.3,54.2,3.0
12,Alexey Shved,NYK,26,6-6,187,None,Russia,Undrafted,Undrafted,Undrafted,42.0,10.3,2.4,2.5,-9.1,2.7,9.6,25.1,54.1,26.0
13,Alexis Ajinca,NOP,27,7-2,248,None,France,2008,1,20,68.0,6.5,4.6,0.7,-0.2,11.5,22.0,21.0,59.5,8.4
14,Allen Crabbe,POR,23,6-6,210,California,USA,2013,2,31,51.0,3.3,1.4,0.8,-2.0,1.0,9.2,11.1,52.5,8.2
15,Alonzo Gee,POR,28,6-6,225,Alabama,USA,Undrafted,Undrafted,Undrafted,54.0,4.5,1.7,0.5,-6.1,5.4,8.3,16.4,54.8,6.2
16,Amar'e Stoudemire,DAL,32,6-10,245,None,USA,2002,1,9,59.0,11.5,5.6,0.8,-2.5,9.1,18.7,23.2,59.5,6.4
17,Amir Johnson,TOR,28,6-9,240,No College,USA,2005,2,56,75.0,9.3,6.1,1.6,1.8,8.2,14.6,15.5,60.3,9.2
18,Anderson Varejao,CLE,32,6-11,267,None,Brazil,2004,2,30,26.0,9.8,6.5,1.3,0.1,9.6,19.1,18.2,58.0,9.0
19,Andre Dawkins,MIA,23,6-5,219,Duke,USA,Undrafted,Undrafted,Undrafted,4.0,0.8,0.5,0.3,-11.6,0.0,7.1,14.9,25.0,7.7
20,Andre Drummond,DET,21,6-11,279,Connecticut,USA,2012,1,9,82.0,13.8,13.5,0.7,-0.6,16.2,27.2,21.7,50.4,3.7
21,Andre Iguodala,GSW,31,6-6,215,Arizona,USA,2004,1,9,77.0,7.8,3.3,3.0,10.5,2.1,9.4,13.1,55.3,15.1
22,Andre Miller,SAC,39,6-2,200,Utah,USA,1999,1,8,81.0,4.4,1.9,3.5,-4.8,3.1,9.2,15.2,54.8,35.2
23,Andre Roberson,OKC,23,6-7,210,Colorado,USA,2013,1,26,67.0,3.4,3.8,1.0,5.6,4.6,14.3,8.8,51.3,7.5
24,Andrea Bargnani,NYK,29,7-0,245,None,Italy,2006,1,1,29.0,14.8,4.4,1.6,-18.2,3.9,12.8,25.8,52.7,11.9
25,Andrei Kirilenko,BKN,34,6-9,235,None,Russia,1999,1,24,7.0,0.4,1.1,0.1,-44.6,5.7,14.6,9.2,22.2,3.8
26,Andrew Bogut,GSW,30,7-0,260,Utah,Australia,2005,1,1,67.0,6.3,8.1,2.7,16.9,9.2,23.7,13.1,56.5,14.9
27,Andrew Nicholson,ORL,25,6-9,250,St. Bonaventure,Canada,2012,1,19,40.0,4.9,2.1,0.6,-9.7,3.5,13.0,20.7,48.3,7.6
28,Andrew Wiggins,MIN,20,6-8,199,Kansas,Canada,2014,1,1,82.0,16.9,4.6,2.1,-9.7,4.4,8.5,22.3,51.7,9.7
29,Anthony Bennett,MIN,22,6-8,245,UNLV,Canada,2013,1,1,57.0,5.2,3.8,0.8,-16.4,5.4,20.2,17.2,45.8,8.7
30,Anthony Davis,NOP,22,6-10,220,Kentucky,USA,2012,1,1,68.0,24.4,10.2,2.2,6.1,7.2,21.5,27.2,59.1,10.9
31,Anthony Morrow,OKC,29,6-5,210,Georgia Tech,USA,Undrafted,Undrafted,Undrafted,74.0,10.7,2.6,0.8,5.1,2.1,8.1,16.0,60.4,5.0
32,Anthony Tolliver,DET,30,6-8,240,Creighton,USA,Undrafted,Undrafted,Undrafted,76.0,6.3,3.1,0.8,3.2,3.4,13.4,14.5,56.9,6.1
33,Archie Goodwin,PHX,20,6-5,198,Kentucky,USA,2013,1,29,41.0,5.6,1.8,1.1,-14.7,4.3,8.9,22.5,48.6,14.9
34,Arinze Onuaku,MIN,27,6-9,275,Syracuse,USA,Undrafted,Undrafted,Undrafted,6.0,4.5,3.5,0.7,-10.5,10.8,19.2,12.5,77.1,8.9
35,Aron Baynes,SAS,28,6-10,260,Washington State,Australia,Undrafted,Undrafted,Undrafted,70.0,6.6,4.5,0.5,6.8,10.0,18.0,17.2,61.8,4.9
36,Arron Afflalo,POR,29,6-5,215,UCLA,USA,2007,1,27,78.0,13.3,3.2,1.7,-0.2,1.0,8.5,18.8,53.3,7.9
37,Austin Daye,ATL,27,6-11,220,Gonzaga,USA,2009,1,15,34.0,3.8,2.2,0.5,-4.4,2.8,18.0,21.1,44.9,8.3
38,Austin Rivers,LAC,22,6-4,200,Duke,USA,2012,1,10,76.0,7.0,2.0,2.0,-3.6,1.7,7.9,17.4,48.1,15.7
39,Avery Bradley,BOS,24,6-2,180,Texas-Austin,USA,2010,1,19,77.0,13.9,3.1,1.8,-1.1,1.8,7.9,20.7,50.7,8.7
40,Ben Gordon,ORL,32,6-3,205,Connecticut,USA,2004,1,3,56.0,6.2,1.1,0.9,-9.9,0.8,7.2,21.3,53.8,11.1
41,Ben McLemore,SAC,22,6-5,195,Kansas,USA,2013,1,7,82.0,12.1,2.9,1.7,-0.6,1.2,7.6,17.0,55.2,8.2
42,Beno Udrih,MEM,32,6-3,205,None,Slovenia,2004,1,28,79.0,7.7,1.8,2.8,-0.5,1.4,8.1,19.1,55.0,23.6
43,Bernard James,DAL,30,6-10,235,Florida State,USA,2012,2,33,16.0,2.8,2.4,0.3,-0.6,11.0,12.8,11.9,59.3,3.9
44,Bismack Biyombo,CHA,22,6-9,245,None,DRC,2011,1,7,64.0,4.8,6.4,0.3,-1.1,11.6,19.2,11.4,57.8,2.1
45,Blake Griffin,LAC,26,6-10,251,Oklahoma,USA,2009,1,1,67.0,21.9,7.6,5.3,12.2,5.6,16.1,27.8,55.1,24.6
46,Bojan Bogdanovic,BKN,26,6-8,216,None,Croatia,2011,2,31,78.0,9.0,2.7,0.9,-4.9,2.8,8.6,16.9,56.2,5.7
47,Boris Diaw,SAS,33,6-8,250,None,France,2003,1,21,81.0,8.7,4.3,2.9,7.4,4.1,13.7,18.0,52.6,18.1
48,Bradley Beal,WAS,22,6-5,207,Florida,USA,2012,1,3,63.0,15.3,3.8,3.1,4.5,2.9,8.5,22.2,52.1,14.4
49,Brandan Wright,PHX,27,6-10,210,North Carolina,USA,2007,1,8,75.0,7.3,4.3,0.5,-0.1,8.8,12.9,13.4,66.0,4.4
50,Brandon Bass,BOS,30,6-8,250,Louisiana State,USA,2005,2,33,82.0,10.6,4.9,1.3,-2.9,7.0,13.1,19.5,55.7,9.1
51,Brandon Davies,PHI,23,6-10,240,Brigham Young,USA,Undrafted,Undrafted,Undrafted,27.0,5.3,3.1,1.1,-18.0,8.4,11.9,18.3,46.3,12.3
52,Brandon Jennings,DET,25,6-1,169,None,USA,2009,1,10,41.0,15.4,2.5,6.6,0.8,1.6,7.1,25.0,52.2,38.4
53,Brandon Knight,PHX,23,6-3,189,Kentucky,USA,2011,1,8,63.0,17.0,3.9,5.2,-1.7,1.4,10.4,25.0,54.3,27.2
54,Brandon Rush,GSW,29,6-6,220,Kansas,USA,2008,1,13,33.0,0.9,1.2,0.4,-21.9,1.4,13.6,10.6,25.5,6.3
55,Brendan Haywood,CLE,35,7-0,263,North Carolina,USA,2001,1,20,22.0,1.6,1.3,0.1,-23.3,4.8,17.6,16.9,49.0,3.2
56,Brian Roberts,CHA,29,6-1,173,University of Dayton,USA,Undrafted,Undrafted,Undrafted,72.0,6.7,1.5,2.3,-3.8,0.9,7.0,18.2,49.5,20.9
57,Brook Lopez,BKN,27,7-0,275,Stanford,USA,2008,1,10,72.0,17.2,7.4,0.7,-3.2,10.2,15.2,25.7,55.8,4.4
58,Bruno Caboclo,TOR,19,6-9,205,None,Brazil,2014,1,20,8.0,1.3,0.3,0.0,-68.5,4.3,4.8,28.1,41.7,0.0
59,Bryce Cotton,UTA,22,6-1,165,Providence,USA,Undrafted,Undrafted,Undrafted,15.0,5.3,1.2,1.0,-1.8,1.8,9.7,22.7,52.0,16.9
60,C.J. Watson,IND,31,6-2,175,Tennessee,USA,Undrafted,Undrafted,Undrafted,57.0,10.0,2.9,3.6,-1.2,1.2,10.0,18.0,58.1,22.9
61,C.J. Wilcox,LAC,24,6-5,195,Washington,USA,2014,1,28,21.0,2.0,0.3,0.4,-9.0,1.0,5.6,21.0,52.7,15.1
62,CJ McCollum,POR,23,6-4,200,Lehigh,USA,2013,1,10,62.0,6.8,1.5,1.0,4.7,1.4,7.4,19.8,53.4,10.4
63,CJ Miles,IND,28,6-6,231,No College,USA,2005,2,34,70.0,13.5,3.1,1.1,3.8,0.9,10.1,23.0,52.5,6.9
64,Cameron Bairstow,CHI,24,6-9,250,New Mexico,Australia,2014,2,49,18.0,0.6,0.4,0.1,-16.3,9.0,3.7,12.6,30.9,2.1
65,Carl Landry,SAC,31,6-9,248,Purdue,USA,2007,2,31,70.0,7.2,3.8,0.4,-8.8,8.2,13.5,18.0,57.8,4.0
66,Carlos Boozer,LAL,33,6-9,258,Duke,USA,2002,2,34,71.0,11.8,6.8,1.3,-9.3,6.2,22.3,23.1,51.7,10.1
67,Carmelo Anthony,NYK,31,6-8,240,Syracuse,USA,2003,1,3,40.0,24.2,6.6,3.1,-4.5,5.2,14.0,31.9,53.1,16.1
68,Caron Butler,DET,35,6-7,228,Connecticut,USA,2002,1,10,78.0,5.9,2.5,1.0,-0.9,1.2,11.1,12.9,54.4,7.4
69,Cartier Martin,DET,30,6-7,220,Kansas State,USA,Undrafted,Undrafted,Undrafted,23.0,1.6,0.9,0.5,5.4,0.0,10.4,12.4,34.0,8.5
70,Chandler Parsons,DAL,26,6-9,227,Florida,USA,2011,2,38,66.0,15.7,4.9,2.4,4.0,2.9,11.9,20.1,56.7,11.1
71,Channing Frye,ORL,32,6-11,255,Arizona,USA,2005,1,8,75.0,7.3,3.9,1.3,-6.9,1.4,15.1,13.9,54.6,7.4
72,Charlie Villanueva,DAL,30,6-11,232,Connecticut,USA,2005,1,7,64.0,6.3,2.3,0.3,-3.7,4.1,16.5,25.2,53.4,4.7
73,Chase Budinger,MIN,27,6-7,209,Arizona,USA,2009,2,44,67.0,6.8,3.0,1.0,-9.3,2.6,13.1,16.1,53.7,8.2
74,Chris Andersen,MIA,36,6-10,245,Blinn J.C.,USA,Undrafted,Undrafted,Undrafted,60.0,5.3,5.0,0.7,-0.4,7.5,20.1,12.3,62.2,6.3
75,Chris Bosh,MIA,31,6-11,235,Georgia Tech,USA,2003,1,4,44.0,21.1,7.0,2.2,-4.1,3.2,17.6,28.2,54.8,12.1
76,Chris Copeland,IND,31,6-8,235,Colorado,USA,Undrafted,Undrafted,Undrafted,50.0,6.2,2.2,1.0,-2.6,2.7,10.6,20.6,46.8,10.2
77,Chris Douglas-Roberts,LAC,28,6-7,210,Memphis,USA,2008,2,40,12.0,1.6,1.0,0.3,-4.3,1.0,13.8,10.8,38.7,5.8
78,Chris Johnson,UTA,25,6-6,201,Dayton,USA,Undrafted,Undrafted,Undrafted,29.0,5.7,1.9,0.5,-3.2,1.4,8.6,13.9,51.5,4.6
79,Chris Kaman,POR,33,7-0,265,Central Michigan,USA,2003,1,6,74.0,8.6,6.5,0.9,-0.7,10.5,23.5,22.2,53.7,7.9
80,Chris Paul,LAC,30,6-0,175,Wake Forest,USA,2005,1,4,82.0,19.1,4.6,10.2,12.7,1.9,11.1,23.2,59.6,44.1
81,Chuck Hayes,TOR,32,6-6,240,Kentucky,USA,Undrafted,Undrafted,Undrafted,29.0,1.7,1.8,0.7,8.8,7.1,13.9,10.4,49.2,10.5
82,Cleanthony Early,NYK,24,6-8,220,Wichita State,USA,2014,2,34,39.0,5.4,2.5,0.9,-12.3,3.2,12.2,19.0,44.7,10.2
83,Clint Capela,HOU,21,6-10,240,None,Switzerland,2014,1,25,12.0,2.7,3.0,0.2,5.0,9.9,21.8,20.6,40.9,3.7
84,Cody Zeller,CHA,22,7-0,240,Indiana,USA,2013,1,4,62.0,7.6,5.8,1.6,1.2,6.4,17.5,15.3,53.0,10.6
85,Cole Aldrich,NYK,26,6-11,250,Kansas,USA,2010,1,11,61.0,5.5,5.5,1.2,-13.5,9.9,24.9,17.8,51.3,14.3
86,Corey Brewer,HOU,29,6-9,186,Florida,USA,2007,1,7,80.0,11.5,3.7,2.2,-0.5,3.6,10.1,20.6,50.7,13.1
87,Cory Jefferson,BKN,24,6-9,218,Baylor,USA,2014,2,60,50.0,3.7,2.9,0.3,8.2,8.7,17.3,17.0,48.0,4.7
88,Cory Joseph,SAS,23,6-3,190,Texas,Canada,2011,1,29,79.0,6.8,2.4,2.4,6.2,3.2,10.1,16.6,56.4,20.5
89,Courtney Lee,MEM,29,6-5,200,Western Kentucky,USA,2008,1,22,77.0,10.1,2.3,2.0,2.2,0.9,6.9,14.8,55.5,9.6
90,D.J. Augustin,OKC,27,6-0,183,University of Texas at Austin,USA,2008,1,9,82.0,9.5,2.0,4.3,-2.3,0.9,7.1,19.4,52.7,28.6
91,Dahntay Jones,LAC,34,6-6,225,Duke,USA,2003,1,20,33.0,0.6,0.3,0.1,-26.3,0.7,8.1,9.4,40.6,2.7
92,Damian Lillard,POR,24,6-3,195,Weber State,USA,2012,1,6,82.0,21.0,4.6,6.2,5.3,1.6,10.7,26.2,56.0,28.5
93,Damjan Rudez,IND,29,6-10,200,None,Croatia,Undrafted,Undrafted,Undrafted,68.0,4.8,0.7,0.8,0.1,0.7,3.7,13.4,59.1,7.9
94,Danilo Gallinari,DEN,26,6-10,225,None,Italy,2008,1,6,59.0,12.4,3.7,1.4,1.2,2.0,13.0,21.4,56.3,9.4
95,Danny Granger,PHX,32,6-9,222,New Mexico,USA,2005,1,17,30.0,6.3,2.7,0.6,-9.5,3.5,10.2,15.6,52.7,4.9
96,Danny Green,SAS,28,6-6,215,North Carolina,USA,2009,2,46,81.0,11.7,4.2,2.0,9.8,2.5,12.2,17.0,59.6,10.1
97,Dante Cunningham,NOP,28,6-8,230,Villanova,USA,2009,2,33,66.0,5.2,3.9,0.8,-0.4,4.5,11.3,10.9,47.3,4.5
98,Dante Exum,UTA,19,6-6,190,None,Australia,2014,1,5,82.0,4.8,1.6,2.4,2.7,1.6,5.7,13.7,45.7,16.9
99,Darius Miller,NOP,25,6-8,225,Kentucky,USA,2012,2,46,5.0,0.4,0.2,0.4,-13.5,0.0,2.7,8.4,14.3,7.4
100,Darius Morris,BKN,24,6-4,195,Michigan,USA,2011,2,41,38.0,2.2,0.7,1.3,-10.0,2.1,6.7,19.0,37.7,28.1
101,Darrell Arthur,DEN,27,6-9,235,Kansas,USA,2008,1,27,58.0,6.6,2.9,1.0,0.4,4.9,11.2,19.9,46.6,9.6
102,Darren Collison,SAC,27,6-0,175,UCLA,USA,2009,1,21,45.0,16.1,3.2,5.6,0.8,1.3,7.6,20.6,57.5,26.3
103,David Lee,GSW,32,6-9,245,Florida,USA,2005,1,30,49.0,7.9,5.2,1.7,1.3,8.6,19.0,19.2,54.1,14.2
104,David Stockton,SAC,24,5-11,165,Gonzaga,USA,2014,0,0,3.0,2.7,0.7,3.0,33.8,0.0,4.4,15.0,46.3,33.3
105,David Wear,SAC,24,6-10,230,UCLA,USA,Undrafted,Undrafted,Undrafted,2.0,0.0,1.0,0.5,-60.0,16.7,0.0,8.7,0.0,14.3
106,David West,IND,34,6-9,250,Xavier,USA,2003,1,18,66.0,11.7,6.8,3.4,-1.2,5.6,17.1,20.8,50.8,19.9
107,DeAndre Jordan,LAC,26,6-11,265,Texas A&M,USA,2008,2,35,82.0,11.5,15.0,0.7,11.7,14.4,28.9,13.4,63.8,3.0
108,DeJuan Blair,WAS,26,6-7,270,Pittsburgh,USA,2009,2,37,29.0,1.9,1.9,0.1,-14.3,9.2,20.7,17.2,46.9,2.9
109,DeMar DeRozan,TOR,25,6-7,220,Southern California,USA,2009,1,9,60.0,20.1,4.6,3.5,2.7,2.0,11.3,28.2,51.0,17.4
110,DeMarcus Cousins,SAC,24,6-11,270,Kentucky,USA,2010,1,5,59.0,24.1,12.7,3.6,1.1,9.6,26.9,33.4,54.5,20.2
111,DeMarre Carroll,ATL,28,6-8,212,Missouri,USA,2009,1,27,70.0,12.6,5.3,1.7,5.6,4.8,12.5,16.5,60.3,8.3
112,Dennis Schroder,ATL,21,6-1,168,None,Germany,2013,1,17,77.0,10.0,2.1,4.1,0.2,2.0,8.9,26.7,51.6,37.3
113,Deron Williams,BKN,31,6-3,200,Illinois,USA,2005,1,3,68.0,13.0,3.5,6.6,0.2,1.4,9.9,21.9,50.4,32.6
114,Derrick Favors,UTA,23,6-10,262,Georgia Tech,USA,2010,1,3,74.0,16.0,8.2,1.5,1.5,9.0,18.5,23.7,55.8,9.0
115,Derrick Rose,CHI,26,6-3,190,Memphis,USA,2008,1,1,51.0,17.7,3.2,4.9,3.7,2.2,7.5,30.5,49.3,28.9
116,Derrick Williams,SAC,24,6-8,240,Arizona,USA,2011,1,2,74.0,8.3,2.7,0.7,-7.7,2.9,10.3,18.5,54.0,5.7
117,Devin Harris,DAL,32,6-3,192,Wisconsin,USA,2004,1,5,76.0,8.8,1.8,3.1,3.4,0.7,7.2,17.5,55.9,20.7
118,Devyn Marble,ORL,22,6-6,200,Iowa,USA,2014,2,56,16.0,2.3,1.9,1.1,-1.1,2.2,12.7,12.2,36.2,10.2
119,Dewayne Dedmon,ORL,25,7-0,245,Southern California,USA,Undrafted,Undrafted,Undrafted,59.0,3.7,5.0,0.2,-0.6,13.5,20.8,12.4,56.8,1.6
120,Dion Waiters,OKC,23,6-4,225,Syracuse,USA,2012,1,4,80.0,11.8,2.4,2.0,1.7,1.7,6.6,21.8,46.0,11.6
121,Dirk Nowitzki,DAL,37,7-0,245,None,Germany,1998,1,9,77.0,17.3,5.9,1.9,4.4,2.0,18.3,24.4,56.0,10.1
122,Donald Sloan,IND,27,6-3,205,Texas A&M,USA,Undrafted,Undrafted,Undrafted,53.0,7.4,2.7,3.6,-4.2,1.0,11.5,18.1,50.3,29.1
123,Donatas Motiejunas,HOU,24,7-0,255,None,Lithuania,2011,1,20,71.0,12.0,5.9,1.8,2.7,6.6,14.0,19.0,55.3,10.9
124,Dorell Wright,POR,29,6-9,205,None,USA,2004,1,19,48.0,4.6,2.3,0.9,5.5,2.3,15.7,16.4,52.5,10.2
125,Doug McDermott,CHI,23,6-8,225,Creighton,USA,2014,1,11,36.0,3.0,1.2,0.2,-15.1,1.9,11.3,18.0,48.0,3.3
126,Draymond Green,GSW,25,6-7,230,Michigan State,USA,2012,2,35,79.0,11.7,8.2,3.7,15.8,4.6,19.5,16.9,54.0,15.5
127,Drew Gooden,WAS,33,6-10,250,Kansas,USA,2002,1,4,51.0,5.4,4.4,1.0,0.1,8.5,16.6,16.7,46.9,8.9
128,Drew Gordon,PHI,24,6-9,245,New Mexico,USA,Undrafted,Undrafted,Undrafted,9.0,1.9,2.0,0.2,-20.8,8.3,16.2,15.5,42.8,4.4
129,Dwight Buycks,LAL,26,6-3,190,Marquette,USA,Undrafted,Undrafted,Undrafted,6.0,8.7,2.0,2.3,-8.2,1.7,8.3,20.7,58.6,20.6
130,Dwight Howard,HOU,29,6-11,275,None,USA,2004,1,1,41.0,15.8,10.5,1.2,9.3,9.2,25.9,23.2,59.6,7.2
131,Dwight Powell,DAL,23,6-11,240,Stanford,Canada,2014,2,45,29.0,3.1,1.7,0.3,1.1,7.1,14.7,16.6,55.2,5.8
132,Dwyane Wade,MIA,33,6-4,220,Marquette,USA,2003,1,5,62.0,21.5,3.5,4.8,-2.1,3.2,8.5,33.8,53.4,30.0
133,E'Twaun Moore,CHI,26,6-4,191,Purdue,USA,2011,2,55,56.0,2.7,0.8,0.6,-1.3,2.4,6.6,14.0,50.4,10.6
134,Earl Barron,PHX,33,7-0,250,Memphis,USA,Undrafted,Undrafted,Undrafted,16.0,2.0,1.8,0.3,-16.9,8.0,11.8,15.1,36.1,6.0
135,Earl Clark,BKN,27,6-10,234,Louisville,USA,2009,1,14,10.0,2.7,2.3,0.3,-10.9,1.0,21.0,17.4,42.5,5.8
136,Ed Davis,LAL,26,6-10,240,North Carolina,USA,2010,1,13,79.0,8.3,7.6,1.2,-6.6,11.8,20.8,14.4,59.4,8.2
137,Ekpe Udoh,LAC,28,6-10,245,Baylor,USA,2010,1,6,33.0,0.9,0.8,0.2,-4.9,5.7,14.0,12.2,51.9,10.7
138,Elfrid Payton,ORL,21,6-4,185,Louisana-Lafayette,USA,2014,1,10,82.0,8.9,4.3,6.5,-3.4,4.2,9.9,17.9,45.6,31.4
139,Elijah Millsap,UTA,27,6-6,215,Alabama-Birmingham,USA,Undrafted,Undrafted,Undrafted,47.0,5.3,3.2,1.2,3.9,3.0,12.6,16.4,45.0,10.1
140,Elliot Williams,PHI,26,,,Memphis,USA,2010,1,22,13.0,2.8,0.6,0.9,5.5,0.0,6.5,16.2,47.7,15.0
141,Elton Brand,ATL,36,6-9,254,Duke,USA,1999,1,1,36.0,2.7,2.8,0.6,1.2,5.7,14.4,11.4,45.7,7.0
142,Enes Freedom,OKC,23,6-11,245,None,Turkey,2011,1,3,75.0,15.5,8.9,0.7,-0.7,12.8,19.1,23.8,56.4,4.4
143,Eric Bledsoe,PHX,25,6-1,195,Kentucky,USA,2010,1,18,81.0,17.0,5.2,6.1,0.7,2.6,12.1,23.3,55.5,27.3
144,Eric Gordon,NOP,26,6-4,215,Indiana,USA,2008,1,7,61.0,13.4,2.6,3.8,1.8,1.4,6.5,19.6,54.4,17.7
145,Eric Moreland,SAC,23,6-10,218,Oregon State,USA,Undrafted,Undrafted,Undrafted,3.0,0.7,0.3,0.0,54.3,0.0,50.0,20.0,100,0.0
146,Erick Green,DEN,24,6-4,185,Virginia Tech,USA,2013,2,46,43.0,3.4,0.7,0.9,-9.3,1.5,6.0,18.1,43.6,16.5
147,Ersan Ilyasova,MIL,28,6-10,235,None,Turkey,2005,2,36,58.0,11.5,4.8,1.0,1.3,6.2,15.7,21.7,55.4,7.0
148,Evan Fournier,ORL,22,6-7,205,None,France,2012,1,20,58.0,12.0,2.6,2.1,-4.1,1.8,7.8,19.7,54.6,11.5
149,Evan Turner,BOS,26,6-7,220,Ohio State,USA,2010,1,2,82.0,9.5,5.1,5.5,-1.8,1.7,16.3,19.3,48.2,30.2
150,Festus Ezeli,GSW,25,6-11,265,Vanderbilt,Nigeria,2012,1,30,46.0,4.4,3.4,0.2,1.4,11.5,16.5,17.3,58.0,2.8
151,Francisco Garcia,HOU,33,6-7,215,Louisville,Dominican Republic,2005,1,23,14.0,3.2,1.2,1.1,-1.0,1.4,6.6,16.3,34.7,12.8
152,Furkan Aldemir,PHI,23,6-10,240,None,Turkey,2012,2,53,41.0,2.3,4.3,0.7,-8.2,12.6,18.9,8.3,51.7,7.9
153,Gal Mekel,DAL,27,6-3,191,Wichita State,Israel,Undrafted,Undrafted,Undrafted,4.0,1.5,0.3,3.3,2.4,0.0,2.3,23.4,15.0,44.8
154,Garrett Temple,WAS,29,6-6,195,Louisiana State,USA,Undrafted,Undrafted,Undrafted,52.0,3.9,1.7,1.1,-1.7,3.3,8.5,13.6,53.4,11.9
155,Gary Harris,DEN,20,6-4,210,Michigan State,USA,2014,1,19,55.0,3.4,1.2,0.5,-10.7,2.6,6.1,16.0,39.5,6.1
156,Gary Neal,MIN,30,6-4,210,Towson,USA,Undrafted,Undrafted,Undrafted,54.0,10.1,2.4,1.9,-6.0,1.1,9.5,23.1,48.3,15.2
157,George Hill,IND,29,6-3,188,Indiana-Purdue Indianapolis,USA,2008,1,26,43.0,16.1,4.2,5.1,6.2,2.0,11.8,24.0,57.9,30.4
158,Gerald Green,PHX,29,6-8,210,No College,USA,2005,1,18,74.0,11.9,2.5,1.2,0.1,2.2,10.4,27.7,53.2,11.0
159,Gerald Henderson,CHA,27,6-5,215,Duke,USA,2009,1,12,80.0,12.1,3.4,2.6,-0.4,1.5,10.1,20.7,51.4,15.2
160,Gerald Wallace,BOS,32,6-7,220,Alabama,USA,2001,1,25,32.0,1.1,1.8,0.3,5.4,5.9,13.9,8.8,43.1,5.0
161,Giannis Antetokounmpo,MIL,20,6-11,217,None,Greece,2013,1,15,81.0,12.7,6.7,2.6,0.6,4.1,17.7,19.3,55.2,13.3
162,Gigi Datome,BOS,27,6-8,215,None,Italy,Undrafted,Undrafted,Undrafted,21.0,5.0,1.4,0.4,14.6,1.3,11.6,20.1,58.7,7.3
163,Glen Davis,LAC,29,6-9,289,Louisiana State,USA,2007,2,35,74.0,4.0,2.3,0.5,-3.9,4.5,13.4,16.8,49.5,7.3
164,Glen Rice,WAS,24,6-6,206,Michigan,USA,2013,2,35,5.0,2.2,0.8,0.4,-29.9,4.4,5.4,19.0,31.2,8.3
165,Glenn Robinson III,PHI,21,6-7,222,Michigan,USA,2014,2,40,35.0,2.1,1.1,0.3,6.3,5.4,9.2,14.3,47.1,6.4
166,Goran Dragic,MIA,29,6-3,190,None,Slovenia,2008,2,45,78.0,16.3,3.5,4.5,-0.1,3.1,7.2,21.1,57.7,21.2
167,Gordon Hayward,UTA,25,6-8,225,Butler,USA,2010,1,9,76.0,19.3,4.9,4.1,1.9,2.1,12.4,25.7,56.7,21.1
168,Gorgui Dieng,MIN,25,6-11,233,Louisville,Senegal,2013,1,21,73.0,9.7,8.3,2.0,-8.4,10.1,18.6,14.9,57.3,10.5
169,Grant Jerrett,UTA,21,6-10,232,Arizona,USA,2013,2,40,8.0,2.0,1.1,0.4,-17.3,3.2,15.2,23.4,30.3,9.1
170,Greg Monroe,DET,25,6-11,250,Georgetown,USA,2010,1,7,69.0,15.9,10.2,2.1,-0.7,9.9,23.0,23.4,54.9,11.9
171,Greg Smith,DAL,24,6-10,250,Fresno State,USA,Undrafted,Undrafted,Undrafted,42.0,1.9,1.9,0.2,-3.4,6.7,13.1,9.6,60.5,3.9
172,Greg Stiemsma,TOR,29,6-11,260,Wisconsin,USA,Undrafted,Undrafted,Undrafted,17.0,0.8,0.9,0.2,-21.2,15.0,11.3,11.3,71.7,7.7
173,Greivis Vasquez,TOR,28,6-6,200,Maryland,Venezuela,2010,1,28,82.0,9.5,2.6,3.7,1.6,1.1,9.9,19.6,51.4,24.7
174,Harrison Barnes,GSW,23,6-8,225,North Carolina,USA,2012,1,7,82.0,10.1,5.5,1.4,11.6,5.1,13.3,14.7,57.3,6.8
175,Hassan Whiteside,MIA,26,7-0,265,Marshall,USA,2010,2,33,48.0,11.8,10.0,0.1,-2.1,13.4,29.3,20.2,61.9,0.9
176,Hedo Turkoglu,LAC,36,6-10,220,None,Turkey,2000,1,16,62.0,3.7,1.6,0.6,1.7,0.7,13.5,14.2,60.2,8.0
177,Henry Sims,PHI,25,6-10,248,Georgetown,USA,Undrafted,Undrafted,Undrafted,73.0,8.0,4.9,1.1,-12.2,8.0,17.0,20.0,52.1,10.9
178,Henry Walker,MIA,27,6-6,235,Kansas State,USA,2008,2,47,24.0,7.3,3.4,1.2,0.3,1.2,11.8,14.2,49.7,7.1
179,Hollis Thompson,PHI,24,6-8,206,Georgetown,USA,Undrafted,Undrafted,Undrafted,71.0,8.8,2.8,1.2,-9.6,2.7,8.2,15.4,53.8,8.3
180,Ian Clark,DEN,24,6-3,180,Belmont,USA,Undrafted,Undrafted,Undrafted,30.0,1.9,0.5,0.4,-9.0,2.0,6.5,15.2,48.3,9.7
181,Ian Mahinmi,IND,28,6-11,250,None,France,2005,1,28,61.0,4.3,5.8,0.5,1.4,9.0,21.5,12.2,51.6,4.5
182,Iman Shumpert,CLE,25,6-5,220,Georgia Tech,USA,2011,1,17,62.0,8.0,3.6,2.2,2.6,3.7,10.7,17.2,49.7,13.7
183,Isaiah Canaan,PHI,24,6-0,201,Murray State,USA,2013,2,34,47.0,9.2,1.9,2.1,-3.7,1.7,7.3,21.1,53.4,18.9
184,Isaiah Thomas,BOS,26,5-9,185,Washington,USA,2011,2,60,67.0,16.4,2.3,4.2,4.8,1.8,6.9,27.1,58.0,26.9
185,Ish Smith,PHI,26,6-0,175,Wake Forest,USA,Undrafted,Undrafted,Undrafted,55.0,6.1,1.8,3.3,-6.2,1.6,10.0,23.6,43.1,38.8
186,J.J. Barea,DAL,31,6-0,185,Northeastern,Puerto Rico,Undrafted,Undrafted,Undrafted,77.0,7.5,1.7,3.4,4.9,1.7,8.1,20.9,50.2,29.5
187,JJ Hickson,DEN,26,6-9,242,North Carolina State,USA,2008,1,19,73.0,7.6,6.2,0.8,-7.6,9.9,20.5,19.7,50.4,6.9
188,JJ Redick,LAC,31,6-4,190,Duke,USA,2006,1,11,78.0,16.4,2.1,1.8,12.3,0.9,5.9,20.1,62.2,8.5
189,JR Smith,CLE,29,6-6,225,No College,USA,2004,1,18,70.0,12.1,3.1,2.8,3.6,1.5,9.1,18.8,53.8,14.5
190,JaKarr Sampson,PHI,22,6-9,214,"St. John's, N.Y.",USA,Undrafted,Undrafted,Undrafted,74.0,5.2,2.2,1.0,-12.2,2.8,11.2,17.3,49.8,12.1
191,JaMychal Green,MEM,25,6-8,230,Alabama,USA,Undrafted,Undrafted,Undrafted,24.0,2.6,1.9,0.2,-5.9,11.0,16.7,16.8,60.3,4.0
192,JaVale McGee,DEN,27,7-0,270,Nevada,USA,2008,1,18,23.0,4.6,2.7,0.1,-11.9,6.6,16.0,18.7,56.7,2.1
193,Jabari Brown,LAL,22,6-5,214,Missouri,USA,2014,,,19.0,11.9,1.9,2.1,-10.8,0.5,6.2,18.3,54.7,11.3
194,Jabari Parker,MIL,20,6-8,240,Duke,USA,2014,1,2,25.0,12.3,5.5,1.7,-6.8,6.9,12.1,20.2,52.7,9.5
195,Jack Cooley,UTA,24,6-9,246,Notre Dame,USA,Undrafted,Undrafted,Undrafted,16.0,1.7,1.6,0.1,-4.1,10.0,18.3,15.6,43.2,1.9
196,Jae Crowder,BOS,24,6-6,235,Marquette,USA,2012,2,34,82.0,7.7,3.6,1.1,2.8,4.1,13.2,16.9,51.7,8.7
197,Jamaal Franklin,DEN,23,6-5,191,San Diego State,USA,2013,2,41,3.0,1.0,0.7,1.0,-28.1,5.9,9.1,13.2,75.0,27.3
198,Jamal Crawford,LAC,35,6-5,200,Michigan,USA,2000,1,8,64.0,15.8,1.9,2.5,1.6,1.1,6.2,27.0,53.2,16.0
199,Jameer Nelson,DEN,33,6-0,190,St. Joseph's (PA),USA,2004,1,20,63.0,8.3,2.3,4.0,-0.6,2.3,8.1,19.5,50.3,27.8
200,James Ennis III,MIA,24,6-7,208,Cal State-Long Beach,USA,2013,2,50,62.0,5.0,2.8,0.8,-0.2,5.1,12.1,14.2,54.1,7.4
201,James Harden,HOU,25,6-5,225,Arizona State,USA,2009,1,3,81.0,27.4,5.7,7.0,5.7,2.5,12.6,30.8,60.5,34.0
202,James Johnson,TOR,28,6-9,250,Wake Forest,USA,2009,1,16,70.0,7.9,3.7,1.4,6.4,4.6,14.2,17.0,61.7,11.4
203,James Jones,CLE,34,6-8,215,Miami,USA,2003,2,49,57.0,4.4,1.1,0.4,-8.9,1.3,8.4,15.3,56.5,5.9
204,James Michael McAdoo,GSW,22,6-9,230,North Carolina,USA,Undrafted,Undrafted,Undrafted,15.0,4.1,2.5,0.1,6.0,10.7,14.9,18.5,56.4,2.0
205,James Young,BOS,19,6-6,215,Kentucky,USA,2014,1,17,31.0,3.4,1.4,0.4,0.0,2.3,10.1,14.9,45.7,5.9
206,Jannero Pargo,CHA,35,6-1,185,Arkansas,USA,Undrafted,Undrafted,Undrafted,9.0,4.6,0.3,0.9,-2.1,0.0,4.2,23.8,57.1,21.6
207,Jared Cunningham,LAC,24,6-4,195,Oregon State,USA,2012,1,24,19.0,1.8,0.5,0.5,-0.1,1.1,9.1,22.5,45.2,20.4
208,Jared Dudley,MIL,29,6-7,225,Boston College,USA,2007,1,22,72.0,7.2,3.1,1.8,3.2,2.7,10.0,13.5,57.2,11.5
209,Jared Sullinger,BOS,23,6-9,260,Ohio State,USA,2012,1,21,58.0,13.3,7.6,2.3,-1.3,8.9,18.7,23.1,50.3,14.0
210,Jarnell Stokes,MEM,21,6-9,263,Tennessee,USA,2014,2,35,19.0,3.0,1.8,0.2,7.9,12.0,13.7,18.8,57.8,5.3
211,Jarrett Jack,BKN,31,6-3,200,Georgia Tech,USA,2005,1,22,80.0,12.0,3.1,4.7,-7.5,0.9,9.9,22.2,52.2,28.6
212,Jason Maxiell,CHA,32,6-7,260,Cincinnati,USA,2005,1,26,61.0,3.3,3.3,0.3,-8.8,8.8,12.8,12.5,45.5,3.6
213,Jason Richardson,PHI,34,6-6,225,Michigan State,USA,2001,1,5,19.0,9.1,3.5,2.0,-8.7,2.7,12.5,21.3,45.8,17.1
214,Jason Smith,NYK,29,7-0,245,Colorado State,USA,2007,1,20,82.0,8.0,4.0,1.7,-12.8,5.4,13.3,19.3,49.7,13.4
215,Jason Terry,HOU,37,6-2,185,Arizona,USA,1999,1,10,77.0,7.0,1.6,1.9,3.7,0.9,6.0,13.7,57.9,13.9
216,Jason Thompson,SAC,28,6-11,250,Rider University,USA,2008,1,12,81.0,6.1,6.5,1.0,-4.4,7.2,19.5,12.8,50.0,6.3
217,Jeff Adrien,HOU,29,,,Connecticut,USA,Undrafted,Undrafted,Undrafted,17.0,3.5,4.5,0.9,-1.6,9.1,24.4,13.4,49.4,10.4
218,Jeff Ayres,SAS,28,6-9,250,Arizona State,USA,2009,2,31,51.0,2.7,2.3,0.3,-8.3,9.5,21.9,15.3,61.8,6.1
219,Jeff Green,MEM,28,6-9,235,Georgetown,USA,2007,1,5,78.0,15.0,4.2,1.7,-3.1,2.6,10.8,21.7,53.4,8.9
220,Jeff Teague,ATL,27,6-2,181,Wake Forest,USA,2009,1,19,73.0,15.9,2.5,7.0,8.3,1.4,6.8,24.7,56.6,36.7
221,Jeff Withey,NOP,25,7-0,222,Kansas,USA,2013,2,39,37.0,2.6,1.7,0.3,-7.1,8.9,17.3,17.1,57.0,7.0
222,Jeffery Taylor,CHA,26,6-7,225,Vanderbilt,Sweden,2012,2,31,29.0,4.4,1.8,0.8,-15.4,3.0,9.0,16.1,48.1,9.3
223,Jerami Grant,PHI,21,6-8,210,Syracuse,USA,2014,2,39,65.0,6.3,3.0,1.2,-5.2,3.3,10.4,16.2,47.0,9.5
224,Jerel McNeal,PHX,28,6-3,200,Marquette,USA,Undrafted,Undrafted,Undrafted,6.0,1.5,0.5,0.3,-6.5,0.0,9.1,21.0,37.9,11.8
225,Jeremy Evans,UTA,27,6-9,200,Western Kentucky,USA,2010,2,55,38.0,2.4,1.9,0.3,7.2,9.9,15.5,12.5,63.6,8.4
226,Jeremy Lamb,OKC,23,6-5,185,Connecticut,USA,2012,1,12,47.0,6.3,2.3,0.9,-6.5,1.2,14.8,21.2,53.8,12.5
227,Jeremy Lin,LAL,26,6-3,200,Harvard,USA,Undrafted,Undrafted,Undrafted,74.0,11.2,2.6,4.6,-6.6,1.3,9.0,21.5,53.9,27.9
228,Jerome Jordan,BKN,28,7-0,253,Tulsa,Jamaica,2010,2,44,44.0,3.1,2.4,0.3,-9.6,12.8,13.6,15.3,60.9,6.0
229,Jerrelle Benimon,DEN,23,,,Towson,USA,Undrafted,Undrafted,Undrafted,2.0,0.0,1.5,0.0,100.0,100,40.0,14.3,0.0,0.0
230,Jerryd Bayless,MIL,26,6-3,200,Arizona,USA,2008,1,11,77.0,7.8,2.7,3.0,0.0,1.3,10.9,18.5,51.9,22.1
231,Jimmer Fredette,NOP,26,6-2,195,Brigham Young,USA,2011,1,10,50.0,3.6,0.8,1.2,4.4,1.5,6.1,18.2,47.9,17.1
232,Jimmy Butler,CHI,25,6-7,220,Marquette,USA,2011,1,30,65.0,20.0,5.8,3.3,4.6,4.5,9.9,21.3,58.3,14.2
233,Joakim Noah,CHI,30,6-11,232,Florida,USA,2007,1,9,67.0,7.2,9.6,4.7,2.0,10.5,20.0,13.5,48.2,22.7
234,Jodie Meeks,DET,27,6-4,210,Kentucky,USA,2009,2,41,60.0,11.1,1.7,1.3,-4.3,0.8,6.3,19.6,54.8,9.1
235,Joe Harris,CLE,23,6-6,225,Virginia,USA,2014,2,33,51.0,2.7,0.8,0.5,-10.7,1.4,7.3,13.7,53.7,8.3
236,Joe Ingles,UTA,27,6-8,216,None,Australia,Undrafted,Undrafted,Undrafted,79.0,5.0,2.2,2.3,-2.2,1.3,9.4,12.6,53.3,17.1
237,Joe Johnson,BKN,34,6-7,240,Arkansas,USA,2001,1,10,80.0,14.4,4.8,3.7,-2.5,1.9,12.2,20.3,52.3,16.9
238,Joel Anthony,DET,32,6-9,245,UNLV,Canada,Undrafted,Undrafted,Undrafted,49.0,1.8,1.9,0.1,1.9,7.4,14.2,9.1,60.7,1.9
239,Joel Freeland,POR,28,6-10,225,None,United Kingdom,2006,1,30,48.0,3.5,4.0,0.3,6.4,10.1,19.3,13.1,52.2,3.9
240,Joey Dorsey,HOU,31,6-9,275,Memphis,USA,2008,2,33,69.0,2.7,4.0,0.4,1.7,10.8,20.5,10.9,50.7,4.3
241,Joffrey Lauvergne,DEN,23,6-11,220,None,France,2013,2,55,24.0,3.9,3.2,0.5,-19.1,8.2,19.8,18.5,45.9,9.0
242,John Henson,MIL,24,6-11,230,North Carolina,USA,2012,1,14,67.0,7.0,4.7,0.9,-2.1,10.3,14.7,18.1,57.8,8.4
243,John Jenkins,ATL,24,6-4,215,Vanderbilt,USA,2012,1,23,24.0,5.6,1.6,0.5,-3.5,0.6,11.5,16.9,62.9,8.1
244,John Lucas III,DET,32,5-11,166,Oklahoma State,USA,Undrafted,Undrafted,Undrafted,21.0,4.7,0.8,2.9,-9.4,1.5,4.7,20.5,46.1,39.2
245,John Salmons,NOP,35,6-6,210,Miami,USA,2002,1,26,21.0,2.0,1.0,0.6,-11.2,1.3,6.8,9.0,42.2,7.8
246,John Wall,WAS,24,6-4,195,Kentucky,USA,2010,1,1,79.0,17.6,4.6,10.0,4.8,1.3,11.1,25.3,52.3,44.6
247,Johnny O'Bryant III,MIL,22,6-9,265,Louisiana State,USA,2014,2,36,34.0,2.9,1.9,0.5,-12.8,7.0,10.8,18.8,37.9,7.6
248,Jon Leuer,MEM,26,6-10,228,Wisconsin,USA,2011,2,40,63.0,4.5,3.3,0.7,-1.1,6.0,18.8,18.1,47.8,9.1
249,Jonas Jerebko,BOS,28,6-10,231,None,Sweden,2009,2,39,75.0,6.0,3.8,0.9,6.0,7.1,15.6,16.0,54.9,9.1
250,Jonas Valanciunas,TOR,23,7-0,255,None,Lithuania,2011,1,5,80.0,12.0,8.7,0.5,-0.7,10.6,22.9,19.2,62.3,3.1
251,Jordan Adams,MEM,20,6-5,209,UCLA,USA,2014,1,22,30.0,3.1,0.9,0.5,3.6,3.5,7.5,18.6,48.9,10.1
252,Jordan Clarkson,LAL,23,6-5,185,Missouri,USA,2014,2,46,59.0,11.9,3.2,3.5,-8.3,3.6,9.7,23.0,52.8,24.3
253,Jordan Farmar,LAC,28,6-2,180,UCLA,USA,2006,1,26,36.0,4.6,1.2,1.9,-4.0,1.5,6.5,16.6,51.3,21.3
254,Jordan Hamilton,LAC,24,6-7,220,Texas-Austin,USA,2011,1,26,14.0,2.7,1.1,0.5,-9.8,1.7,10.8,14.1,54.3,9.0
255,Jordan Hill,LAL,27,6-10,235,Arizona,USA,2009,1,8,70.0,12.0,7.9,1.5,-10.7,8.6,20.8,22.2,49.4,9.6
256,Jorge Gutierrez,MIL,26,6-3,195,California,Mexico,Undrafted,Undrafted,Undrafted,20.0,2.7,1.3,1.1,-7.1,2.8,10.6,14.6,56.7,21.2
257,Jose Calderon,NYK,33,6-3,200,None,Spain,Undrafted,Undrafted,Undrafted,42.0,9.1,3.0,4.7,-13.6,1.5,8.9,15.8,51.9,25.1
258,Josh McRoberts,MIA,28,6-10,240,Duke,USA,2007,2,37,17.0,4.2,2.6,1.9,6.1,2.7,14.0,12.9,61.3,16.8
259,Josh Smith,HOU,29,6-9,225,None,USA,2004,1,17,83.0,12.4,6.4,3.3,0.7,6.1,15.5,24.2,46.7,20.7
260,Jrue Holiday,NOP,25,6-4,205,UCLA,USA,2009,1,17,40.0,14.8,3.4,6.9,4.0,2.5,8.1,22.4,52.2,32.2
261,Julius Randle,LAL,20,6-9,250,Kentucky,USA,2014,1,7,1.0,2.0,0.0,0.0,-66.9,0.0,0.0,17.2,25.8,0.0
262,Justin Hamilton,MIN,25,7-0,255,Louisiana State,USA,2012,2,45,41.0,5.3,3.3,0.9,-13.0,8.3,11.4,14.4,55.1,9.0
263,Justin Holiday,GSW,26,6-6,185,Washington,USA,Undrafted,Undrafted,Undrafted,59.0,4.3,1.2,0.8,-0.4,1.7,8.1,18.2,49.8,11.4
264,Jusuf Nurkic,DEN,20,6-11,280,None,Bosnia and Herzegovina,2014,1,16,62.0,6.9,6.2,0.8,0.5,10.2,22.5,20.3,48.3,7.2
265,KJ McDaniels,HOU,22,6-6,205,Clemson,USA,2014,2,32,62.0,7.9,3.2,1.2,-8.7,4.3,9.8,18.8,49.4,9.5
266,Kalin Lucas,MEM,26,6-1,186,Michigan State,USA,Undrafted,Undrafted,Undrafted,1.0,0.0,0.0,0.0,-58.3,0.0,0.0,5.3,0.0,0.0
267,Kawhi Leonard,SAS,24,6-7,230,San Diego State,USA,2011,1,15,64.0,16.5,7.2,2.5,11.4,4.4,18.1,22.7,56.7,12.4
268,Kelly Olynyk,BOS,24,7-0,238,Gonzaga,Canada,2013,1,13,64.0,10.3,4.7,1.7,6.6,6.1,14.6,20.6,55.8,11.5
269,Kemba Walker,CHA,25,6-1,184,Connecticut,USA,2011,1,9,62.0,17.3,3.5,5.1,-4.7,1.5,8.8,25.4,48.6,27.2
270,Kendall Marshall,MIL,23,6-4,200,North Carolina,USA,2012,1,13,28.0,4.2,1.0,3.1,6.7,0.6,6.3,15.5,56.2,30.1
271,Kendrick Perkins,CLE,30,6-10,270,None,USA,2003,1,27,68.0,3.6,4.7,0.8,0.9,7.7,19.0,13.6,46.7,6.5
272,Kenneth Faried,DEN,25,6-8,228,Morehead State,USA,2011,1,22,75.0,12.6,8.9,1.2,-0.6,10.8,20.9,19.9,54.8,6.7
273,Kent Bazemore,ATL,25,6-5,201,Old Dominion,USA,Undrafted,Undrafted,Undrafted,75.0,5.2,3.0,1.0,-2.4,1.6,14.5,15.1,52.0,9.3
274,Kentavious Caldwell-Pope,DET,22,6-5,205,Georgia,USA,2013,1,8,82.0,12.7,3.1,1.3,1.4,1.6,8.2,19.0,50.1,6.5
275,Kenyon Martin,MIL,37,6-9,225,Cincinnati,USA,2000,1,1,11.0,1.8,1.7,0.5,-4.6,6.1,11.1,11.0,43.7,6.8
276,Kevin Durant,OKC,26,6-9,240,Texas,USA,2007,1,2,27.0,25.4,6.6,4.1,8.5,1.7,16.3,28.0,63.3,21.3
277,Kevin Garnett,MIN,39,6-11,253,None,USA,1995,1,5,47.0,6.9,6.6,1.6,-0.6,5.4,28.9,17.9,49.6,13.1
278,Kevin Love,CLE,26,6-10,243,UCLA,USA,2008,1,5,75.0,16.4,9.7,2.2,7.5,5.8,23.5,21.4,56.2,10.4
279,Kevin Martin,MIN,32,6-7,204,Western Carolina,USA,2004,1,26,39.0,20.0,3.6,2.3,-10.1,1.4,9.7,26.2,54.9,12.3
280,Kevin Seraphin,WAS,25,6-10,278,None,France,2010,1,17,79.0,6.6,3.6,0.7,-5.7,7.4,15.9,21.6,53.5,8.5
281,Khris Middleton,MIL,23,6-7,225,Texas A&M,USA,2012,2,39,79.0,13.4,4.4,2.3,7.2,2.1,12.3,19.4,56.3,12.3
282,Kirk Hinrich,CHI,34,6-4,190,Kansas,USA,2003,1,7,66.0,5.7,1.8,2.2,1.4,1.2,5.8,12.9,46.8,14.3
283,Klay Thompson,GSW,25,6-7,215,Washington State,USA,2011,1,11,77.0,21.7,3.2,2.9,15.2,1.1,8.2,27.2,59.1,13.7
284,Kobe Bryant,LAL,36,6-6,212,None,USA,1996,1,13,35.0,22.3,5.7,5.6,-11.9,2.0,14.7,33.7,47.7,30.0
285,Kosta Koufos,MEM,26,7-0,265,Ohio State,USA,2008,1,23,81.0,5.2,5.3,0.5,4.3,8.7,21.9,15.4,53.0,4.4
286,Kostas Papanikolaou,HOU,24,6-8,235,None,Greece,2012,2,48,43.0,4.2,2.7,2.0,-3.0,4.7,9.8,14.0,44.4,16.6
287,Kris Humphries,WAS,30,6-9,235,Minnesota,USA,2004,1,14,64.0,8.0,6.5,0.9,-2.5,8.9,21.6,18.1,51.2,6.8
288,Kyle Anderson,SAS,21,6-9,230,UCLA,USA,2014,1,30,33.0,2.2,2.2,0.8,-5.3,1.5,18.9,13.0,38.9,11.6
289,Kyle Korver,ATL,34,6-7,212,Creighton,USA,2003,2,51,75.0,12.1,4.1,2.6,12.3,0.7,11.7,13.9,69.9,11.1
290,Kyle Lowry,TOR,29,6-0,205,Villanova,USA,2006,1,24,70.0,17.8,4.7,6.8,4.1,2.2,11.5,24.6,52.7,31.2
291,Kyle O'Quinn,ORL,25,6-10,250,Norfolk State,USA,2012,2,49,51.0,5.8,3.9,1.2,-6.7,5.9,18.4,17.9,55.0,11.9
292,Kyle Singler,OKC,27,6-8,228,Duke,USA,2011,2,33,80.0,6.0,2.4,1.1,-2.0,1.7,9.1,12.9,51.2,7.1
293,Kyrie Irving,CLE,23,6-3,193,Duke,Australia,2011,1,1,75.0,21.7,3.2,5.2,7.7,2.1,6.7,25.5,58.3,23.6
294,LaMarcus Aldridge,POR,29,6-11,240,Texas-Austin,USA,2006,1,2,71.0,23.4,10.2,1.7,6.6,6.9,20.9,29.7,52.8,8.9
295,Lance Stephenson,CHA,24,6-5,230,Cincinnati,USA,2010,2,40,61.0,8.2,4.5,3.9,-6.9,2.3,15.1,20.6,41.9,25.9
296,Lance Thomas,NYK,27,6-8,225,Duke,USA,Undrafted,Undrafted,Undrafted,62.0,7.1,3.1,1.1,-11.1,4.3,8.9,16.9,45.6,7.9
297,Landry Fields,TOR,27,6-7,215,Stanford,USA,2010,2,39,26.0,1.8,1.0,0.6,-19.5,4.6,7.8,10.5,52.7,11.2
298,Langston Galloway,NYK,23,6-2,200,St. Joseph's (PA),USA,Undrafted,Undrafted,Undrafted,45.0,11.8,4.2,3.3,-9.4,2.4,10.8,18.7,48.9,17.5
299,Larry Drew II,PHI,25,6-2,180,UCLA,USA,Undrafted,Undrafted,Undrafted,12.0,3.8,1.3,3.8,-17.1,0.4,6.9,16.8,38.8,38.1
300,Larry Sanders,MIL,26,6-11,230,Va Commonwealth,USA,2010,1,15,27.0,7.3,6.1,0.9,-5.0,11.3,16.3,16.6,50.7,6.5
301,Lavoy Allen,IND,26,6-9,255,Temple,USA,2011,2,50,63.0,5.0,5.1,1.2,4.1,10.8,18.7,14.7,49.3,10.7
302,LeBron James,CLE,30,6-8,250,None,USA,2003,1,1,69.0,25.3,6.0,7.4,10.9,2.2,14.7,31.8,57.7,36.6
303,Leandro Barbosa,GSW,32,6-3,194,None,Brazil,2003,1,28,66.0,7.1,1.4,1.5,0.6,2.3,6.6,20.0,55.8,16.2
304,Lester Hudson,LAC,30,6-3,190,Tennessee-Martin,USA,2009,2,58,5.0,3.6,1.6,1.0,-8.2,1.9,12.1,15.7,57.1,17.2
305,Lorenzo Brown,MIN,24,6-5,189,North Carolina State,USA,2013,2,52,29.0,4.2,2.4,3.1,-7.2,2.8,11.1,13.3,46.8,25.7
306,Lou Amundson,NYK,32,6-9,225,UNLV,USA,Undrafted,Undrafted,Undrafted,53.0,4.9,5.1,1.3,-7.0,9.8,18.8,17.3,44.2,11.8
307,Lou Williams,TOR,28,6-1,175,None,USA,2005,2,45,80.0,15.5,1.9,2.1,6.6,1.2,6.4,25.7,56.4,13.6
308,Luc Mbah a Moute,PHI,28,6-8,230,UCLA,Cameroon,2008,2,37,67.0,9.9,4.9,1.6,-9.5,3.9,12.8,18.5,46.6,10.1
309,Lucas Nogueira,TOR,22,7-0,220,None,Brazil,2013,1,16,6.0,1.0,1.8,0.2,-26.0,6.3,40.9,18.8,30.7,7.1
310,Luis Scola,IND,35,6-9,240,None,Argentina,2002,2,55,81.0,9.4,6.5,1.3,0.9,8.1,23.2,22.1,51.5,11.0
311,Luke Babbitt,NOP,26,6-9,225,Nevada-Reno,USA,2010,1,16,63.0,4.1,1.8,0.4,-6.2,1.5,11.7,12.2,63.9,4.4
312,Luke Ridnour,ORL,34,6-2,175,Oregon,USA,2003,1,14,47.0,4.0,1.4,2.0,-10.3,1.2,8.8,14.5,50.7,22.0
313,Luol Deng,MIA,30,6-9,220,Duke,United Kingdom,2004,1,7,72.0,14.0,5.2,1.9,-0.7,4.6,11.5,19.2,56.1,9.4
314,Malcolm Lee,PHI,25,6-5,200,UCLA,USA,2011,2,43,1.0,0.0,0.0,0.0,60.0,0.0,0.0,16.7,0.0,0.0
315,Malcolm Thomas,PHI,26,6-9,225,San Diego State,USA,Undrafted,Undrafted,Undrafted,17.0,2.6,3.3,0.4,-25.5,7.5,21.1,12.6,49.2,6.5
316,Manu Ginobili,SAS,37,6-6,205,None,Argentina,1999,2,57,70.0,10.5,3.0,4.2,9.8,1.8,11.3,23.1,54.4,29.0
317,Marc Gasol,MEM,30,7-1,265,None,Spain,2007,2,48,81.0,17.4,7.8,3.8,3.9,4.6,19.9,24.5,55.8,19.3
318,Marcin Gortat,WAS,31,6-11,240,None,Poland,2005,2,57,82.0,12.2,8.7,1.2,5.1,7.6,20.9,17.3,58.7,6.2
319,Marco Belinelli,SAS,29,6-5,210,None,Italy,2007,1,18,62.0,9.2,2.5,1.5,0.5,2.0,9.5,18.6,55.3,10.5
320,Marcus Morris Sr.,PHX,25,6-9,235,Kansas,USA,2011,1,14,81.0,10.4,4.8,1.6,-1.3,3.5,15.1,18.8,52.0,10.0
321,Marcus Smart,BOS,21,6-4,220,Oklahoma State,USA,2014,1,6,67.0,7.8,3.3,3.1,3.4,3.2,8.9,14.9,49.1,16.1
322,Marcus Thornton,PHX,28,6-4,205,Louisiana State,USA,2009,2,43,48.0,7.9,1.8,0.8,-1.6,2.9,8.7,22.8,51.4,8.7
323,Mario Chalmers,MIA,29,6-2,190,Kansas,USA,2008,2,34,80.0,10.2,2.6,3.8,-3.6,1.1,8.0,18.3,52.1,21.6
324,Markel Brown,BKN,23,6-3,190,Oklahoma State,USA,2014,2,44,47.0,4.6,2.3,0.8,-1.5,2.0,12.0,14.7,45.9,7.0
325,Markieff Morris,PHX,25,6-10,245,Kansas,USA,2011,1,13,82.0,15.3,6.2,2.3,2.0,4.3,14.9,23.2,52.3,12.0
326,Marreese Speights,GSW,27,6-10,255,Florida,USA,2008,1,16,76.0,10.4,4.3,0.9,7.4,9.1,16.8,28.1,54.6,9.8
327,Martell Webster,WAS,28,6-7,230,None,USA,2005,1,6,32.0,3.3,1.4,0.5,-19.7,2.8,9.9,17.4,44.5,8.1
328,Marvin Williams,CHA,29,6-9,237,North Carolina,USA,2005,1,2,78.0,7.4,4.9,1.3,-4.5,2.7,16.1,13.1,54.1,7.8
329,Mason Plumlee,BKN,25,6-11,235,Duke,USA,2013,1,22,82.0,8.7,6.2,0.9,-4.6,10.3,19.8,19.2,57.0,6.9
330,Matt Barnes,LAC,35,6-7,226,UCLA,USA,2002,2,45,76.0,10.1,4.0,1.5,11.9,2.3,10.8,14.5,57.4,6.7
331,Matt Bonner,SAS,35,6-10,235,Florida,USA,2003,2,45,72.0,3.7,1.6,0.7,1.5,3.1,9.3,12.3,53.6,7.4
332,Matthew Dellavedova,CLE,24,6-4,200,St. Mary's,Australia,Undrafted,Undrafted,Undrafted,67.0,4.8,1.9,3.0,1.7,2.6,6.6,12.5,49.3,22.8
333,Maurice Harkless,ORL,22,6-9,215,"St. John's, N.Y.",USA,2012,1,15,45.0,3.5,2.4,0.6,-6.5,5.5,10.4,13.0,44.9,5.6
334,Meyers Leonard,POR,23,7-1,245,Illinois,USA,2012,1,11,55.0,5.9,4.5,0.6,0.6,5.5,22.0,15.7,63.1,6.3
335,Michael Beasley,MIA,26,6-10,235,Kansas State,USA,2008,1,2,24.0,8.8,3.7,1.3,1.0,2.5,14.8,23.6,47.4,11.3
336,Michael Carter-Williams,MIL,23,6-6,190,Syracuse,USA,2013,1,11,66.0,14.6,5.3,6.7,-3.7,2.9,13.4,26.4,46.1,37.4
337,Michael Kidd-Gilchrist,CHA,21,6-7,232,Kentucky,USA,2012,1,2,55.0,10.9,7.6,1.4,3.1,6.6,19.1,17.9,51.9,7.8
338,Mike Conley,MEM,27,6-1,175,Ohio State,USA,2007,1,4,70.0,15.8,3.0,5.4,4.9,1.4,8.4,23.3,55.8,27.8
339,Mike Dunleavy,CHI,34,6-9,230,Duke,USA,2002,1,3,63.0,9.4,3.9,1.8,5.4,1.5,11.2,14.0,57.3,9.4
340,Mike Miller,CLE,35,6-8,218,Florida,USA,2000,1,5,52.0,2.1,1.8,0.9,-5.0,0.6,12.3,8.9,47.1,10.1
341,Mike Muscala,ATL,23,6-11,230,Bucknell,USA,2013,2,44,40.0,4.9,3.0,0.6,4.8,10.6,12.9,16.0,60.8,8.0
342,Mike Scott,ATL,26,6-8,237,Virginia,USA,2012,2,43,68.0,7.8,2.9,1.1,1.0,4.2,13.3,21.3,54.3,11.5
343,Miles Plumlee,MIL,26,6-11,255,Duke,USA,2012,1,26,73.0,4.0,4.4,0.5,0.6,9.6,17.7,12.0,53.6,4.1
344,Miroslav Raduljica,MIN,27,7-0,250,None,Serbia,Undrafted,Undrafted,Undrafted,5.0,1.6,1.0,0.0,0.3,8.7,16.7,21.6,45.0,0.0
345,Mirza Teletovic,BKN,29,6-9,242,None,Bosnia and Herzegovina,Undrafted,Undrafted,Undrafted,40.0,8.5,4.9,1.2,-1.2,3.0,17.5,19.7,50.0,8.7
346,Mitch McGary,OKC,23,6-10,255,Michigan,USA,2014,1,21,32.0,6.3,5.2,0.4,5.6,10.5,21.8,18.0,55.0,4.3
347,Mo Williams,CHA,32,6-1,198,Alabama,USA,2003,2,47,68.0,14.2,2.6,6.2,-3.1,1.1,7.8,24.3,51.2,35.8
348,Monta Ellis,DAL,29,6-3,185,None,USA,2005,2,40,80.0,18.9,2.4,4.1,3.9,1.3,5.6,27.3,50.9,20.0
349,Nate Robinson,DEN,31,5-9,180,Washington,USA,2005,1,21,42.0,5.7,1.2,2.3,-10.1,2.7,5.2,22.5,43.2,30.3
350,Nate Wolters,MIL,24,6-4,190,South Dakota State,USA,2013,2,38,21.0,2.0,1.6,1.0,-0.7,3.2,10.1,13.1,35.2,12.7
351,Nazr Mohammed,CHI,37,6-10,250,Kentucky,USA,1998,1,29,23.0,1.2,1.7,0.1,4.3,8.7,20.9,13.1,43.1,3.8
352,Nene,WAS,32,6-11,250,None,Brazil,2002,1,7,67.0,11.0,5.1,1.8,4.7,5.3,15.3,21.5,53.4,11.7
353,Nerlens Noel,PHI,21,6-11,228,Kentucky,USA,2013,1,6,75.0,9.9,8.1,1.7,-9.1,7.4,18.4,17.0,49.3,9.9
354,Nick Calathes,MEM,26,6-6,213,Florida,USA,2009,2,45,58.0,4.2,1.8,2.5,6.4,2.2,10.1,17.1,45.5,27.4
355,Nick Collison,OKC,34,6-10,255,Kansas,USA,2003,1,12,66.0,4.1,3.8,1.4,3.7,7.6,14.0,12.6,48.5,12.0
356,Nick Johnson,HOU,22,6-3,202,Arizona,USA,2014,2,42,28.0,2.6,1.4,0.4,-8.1,4.5,8.9,16.7,43.0,6.9
357,Nick Young,LAL,30,6-7,210,Southern California,USA,2007,1,16,42.0,13.4,2.3,1.0,-3.5,1.6,7.7,24.8,52.0,7.1
358,Nicolas Batum,POR,26,6-8,200,None,France,2008,1,25,71.0,9.4,5.9,4.8,4.5,2.6,14.1,14.3,51.6,20.0
359,Nik Stauskas,SAC,21,6-6,205,Michigan,Canada,2014,1,8,73.0,4.4,1.2,0.9,-5.9,1.0,6.6,13.8,49.2,9.2
360,Nikola Mirotic,CHI,24,6-10,220,None,Montenegro,2011,1,23,82.0,10.2,4.9,1.2,5.0,3.9,19.3,22.5,55.6,10.2
361,Nikola Pekovic,MIN,29,6-11,295,None,Montenegro,2008,2,31,31.0,12.5,7.5,0.9,-4.4,10.4,18.1,22.4,50.2,5.7
362,Nikola Vucevic,ORL,24,7-0,260,Southern California,Montenegro,2011,1,16,74.0,19.3,10.9,2.0,-6.1,9.5,23.6,25.4,54.8,10.6
363,Noah Vonleh,CHA,19,6-10,240,Indiana,USA,2014,1,9,25.0,3.3,3.4,0.2,-13.3,9.2,22.7,16.7,47.5,2.9
364,Norris Cole,NOP,26,6-2,175,Cleveland State,USA,2011,1,28,75.0,7.6,2.1,3.4,-5.3,0.8,8.0,17.9,48.3,22.9
365,O.J. Mayo,MIL,27,6-5,210,Southern California,USA,2008,1,3,71.0,11.4,2.6,2.8,-1.5,1.9,8.9,23.2,52.9,19.4
366,Ognjen Kuzmic,GSW,25,7-0,260,None,Serbia,2012,2,52,16.0,1.3,1.1,0.4,-28.6,10.9,11.5,10.9,72.7,15.4
367,Omer Asik,NOP,28,7-0,255,None,Turkey,2008,2,36,76.0,7.3,9.8,0.9,1.0,12.3,26.0,13.8,54.5,5.4
368,Omri Casspi,SAC,27,6-9,225,None,Israel,2009,1,23,67.0,8.9,3.9,1.5,-6.0,4.0,14.0,18.2,58.0,12.1
369,Otto Porter Jr.,WAS,22,6-8,198,Georgetown,USA,2013,1,3,74.0,6.0,3.0,0.9,-0.9,5.1,10.3,14.7,52.3,6.8
370,P.J. Tucker,PHX,30,6-6,224,Texas,USA,2006,2,35,78.0,9.1,6.4,1.6,-1.2,4.6,15.7,13.8,54.1,7.6
371,PJ Hairston,CHA,22,6-6,230,North Carolina,USA,2014,1,26,45.0,5.6,2.0,0.5,-8.1,2.8,10.1,19.0,44.6,5.1
372,Pablo Prigioni,HOU,38,6-3,185,None,Argentina,Undrafted,Undrafted,Undrafted,67.0,4.1,1.8,2.6,-3.3,2.5,7.6,11.3,55.7,21.3
373,Patrick Beverley,HOU,26,6-1,210,Arkansas,USA,2009,2,42,56.0,10.1,4.2,3.4,2.7,3.8,9.9,16.1,50.9,17.1
374,Patrick Christopher,MEM,27,,,California,USA,Undrafted,Undrafted,Undrafted,4.0,1.5,1.5,0.0,-27.8,7.1,15.4,20.3,25.0,0.0
375,Patrick Patterson,TOR,26,6-9,235,Kentucky,USA,2010,1,14,81.0,8.0,5.3,1.9,5.6,5.7,14.5,12.7,56.8,10.8
376,Patty Mills,SAS,26,6-0,185,St. Mary's,Australia,2009,2,55,51.0,6.9,1.5,1.7,9.9,2.5,6.4,20.8,49.6,17.2
377,Pau Gasol,CHI,34,7-0,250,None,Spain,2001,1,3,78.0,18.5,11.8,2.7,3.2,8.0,23.7,24.2,55.0,14.2
378,Paul George,IND,25,6-9,220,Fresno State,USA,2010,1,10,6.0,8.8,3.7,1.0,9.5,4.5,17.3,31.9,49.2,12.2
379,Paul Millsap,ATL,30,6-8,253,Louisiana Tech,USA,2006,2,47,73.0,16.7,7.8,3.1,8.3,6.2,18.1,23.3,56.5,14.9
380,Paul Pierce,WAS,37,6-7,235,Kansas,USA,1998,1,10,73.0,11.9,4.0,2.0,4.4,2.4,12.8,19.5,58.0,11.5
381,Pero Antic,ATL,32,6-11,260,None,Macedonia,Undrafted,Undrafted,Undrafted,63.0,5.7,3.0,0.8,7.9,5.6,12.7,16.7,50.8,7.2
382,Perry Jones III,OKC,23,6-11,235,Baylor,USA,2012,1,28,43.0,4.3,1.8,0.4,-10.2,0.9,10.5,15.2,45.9,4.6
383,Phil Pressey,BOS,24,5-11,175,Missouri,USA,Undrafted,Undrafted,Undrafted,50.0,3.5,1.6,2.3,0.9,2.0,10.4,17.1,45.3,30.0
384,Quincy Acy,NYK,24,6-7,240,Baylor,USA,2012,2,37,68.0,5.9,4.4,1.0,-7.3,5.9,17.6,15.1,53.3,9.1
385,Quincy Miller,DET,22,6-9,210,Baylor,USA,2012,2,38,10.0,2.9,2.0,0.8,17.4,3.0,11.6,16.2,33.8,9.2
386,Quincy Pondexter,NOP,27,6-7,220,Washington,USA,2010,1,26,75.0,7.2,2.6,1.3,0.3,3.0,7.9,13.5,55.0,8.0
387,Rajon Rondo,DAL,29,6-1,186,Kentucky,USA,2006,1,21,68.0,8.9,5.5,7.9,-0.9,3.6,14.5,19.1,44.8,39.3
388,Ramon Sessions,WAS,29,6-3,190,Nevada-Reno,USA,2007,2,56,64.0,6.3,2.3,2.8,-6.9,2.0,9.5,18.7,49.0,25.8
389,Randy Foye,DEN,31,6-4,213,Villanova,USA,2006,1,7,50.0,8.7,1.7,2.4,-4.5,0.8,7.1,19.0,51.0,17.6
390,Rasual Butler,WAS,36,6-7,215,La Salle,USA,2002,2,52,75.0,7.7,2.6,0.8,-1.9,1.8,10.5,17.3,53.1,6.7
391,Ray McCallum,SAC,24,6-3,190,Detroit,USA,2013,2,36,68.0,7.4,2.6,2.8,-8.1,3.5,8.9,17.5,49.6,21.0
392,Raymond Felton,DAL,31,6-1,205,North Carolina,USA,2005,1,5,29.0,3.7,0.9,1.4,-4.3,0.7,8.0,19.9,48.0,23.7
393,Reggie Bullock,PHX,24,6-7,205,North Carolina,USA,2013,1,25,36.0,1.9,1.4,0.2,0.4,0.3,14.0,11.1,46.6,3.8
394,Reggie Evans,SAC,35,6-8,245,Iowa,USA,Undrafted,Undrafted,Undrafted,47.0,3.7,6.4,0.7,-3.5,12.4,27.0,12.8,49.0,6.5
395,Reggie Jackson,DET,25,6-3,208,Boston College,USA,2011,1,24,77.0,14.5,4.2,6.0,2.0,2.3,11.5,24.4,51.1,33.3
396,Reggie Williams,SAS,28,6-6,205,Virginia Military Institute,USA,Undrafted,Undrafted,Undrafted,20.0,1.9,0.9,0.5,-21.6,4.5,11.7,17.6,45.4,16.9
397,Richard Jefferson,DAL,35,6-7,234,Arizona,USA,2001,1,13,74.0,5.8,2.5,0.8,2.0,2.0,12.1,15.0,57.7,7.3
398,Ricky Ledo,NYK,22,6-7,195,Providence,USA,2013,2,43,17.0,5.3,2.1,1.1,-10.6,6.1,8.6,23.2,42.6,14.3
399,Ricky Rubio,MIN,24,6-4,192,None,Spain,2009,1,5,22.0,10.3,5.7,8.8,-1.4,2.6,15.2,19.3,45.2,42.2
400,Robbie Hummel,MIN,26,6-9,219,Purdue,USA,2012,2,58,45.0,4.4,3.0,0.6,-9.1,4.0,14.7,12.0,53.6,5.8
401,Robert Covington,PHI,24,6-9,215,Tennessee State,USA,Undrafted,Undrafted,Undrafted,70.0,13.5,4.5,1.5,-3.7,3.0,12.8,21.3,55.4,9.5
402,Robert Sacre,LAL,26,7-0,270,Gonzaga,Canada,2012,2,60,67.0,4.6,3.5,0.8,-2.8,7.4,12.7,14.9,44.9,7.6
403,Robin Lopez,POR,27,7-0,255,Stanford,USA,2008,1,15,59.0,9.6,6.7,0.9,4.3,11.6,11.5,15.3,57.4,5.0
404,Rodney Hood,UTA,22,6-8,215,Duke,USA,2014,1,23,50.0,8.7,2.3,1.7,3.8,0.8,10.1,19.2,52.9,13.6
405,Rodney Stuckey,IND,29,6-5,205,Eastern Washington,USA,2007,1,15,71.0,12.6,3.5,3.1,-0.6,1.9,10.7,23.0,52.8,20.0
406,Ronnie Price,LAL,32,6-2,190,Utah Valley,USA,Undrafted,Undrafted,Undrafted,43.0,5.1,1.6,3.8,-3.3,1.8,5.2,13.2,45.5,24.4
407,Ronny Turiaf,MIN,32,6-10,249,Gonzaga,France,2005,2,37,2.0,0.0,0.5,1.0,-16.4,0.0,7.1,0.0,0.0,16.7
408,Roy Hibbert,IND,28,7-2,290,Georgetown,USA,2008,1,17,76.0,10.6,7.1,1.1,-1.1,8.2,19.3,21.6,50.1,7.6
409,Rudy Gay,SAC,28,6-8,230,Connecticut,USA,2006,1,8,68.0,21.1,5.9,3.7,-2.4,4.2,12.4,26.3,55.6,18.5
410,Rudy Gobert,UTA,23,7-1,245,None,France,2013,1,27,82.0,8.4,9.5,1.3,0.5,12.3,23.2,13.8,62.7,8.7
411,Russ Smith,MEM,24,6-0,165,Louisville,USA,2014,2,47,12.0,2.5,0.5,0.7,15.6,1.3,6.8,25.1,48.8,21.6
412,Russell Westbrook,OKC,26,6-3,200,UCLA,USA,2008,1,4,67.0,28.1,7.3,8.6,4.7,5.1,15.1,36.8,53.6,43.0
413,Ryan Anderson,NOP,27,6-10,240,California,USA,2008,1,21,61.0,13.7,4.8,0.9,-1.1,6.3,11.4,22.5,52.4,5.4
414,Ryan Hollins,SAC,30,7-0,240,UCLA,USA,2006,2,50,46.0,3.0,2.2,0.3,-5.3,8.5,13.7,13.1,64.8,4.8
415,Ryan Kelly,LAL,24,6-11,230,Duke,USA,2013,2,48,52.0,6.4,2.8,1.8,-6.1,1.0,10.9,14.0,47.3,11.3
416,Samuel Dalembert,NYK,35,6-11,255,Seton Hall,Haiti,2001,1,26,32.0,4.0,5.3,0.9,-15.8,10.1,21.8,14.9,46.1,8.8
417,Sean Kilpatrick,MIN,25,6-4,210,Cincinnati,USA,Undrafted,Undrafted,Undrafted,4.0,5.5,1.5,1.0,11.5,1.7,7.8,15.0,50.6,8.2
418,Sebastian Telfair,OKC,30,6-0,170,None,USA,2004,1,13,16.0,8.4,1.9,2.8,-11.2,0.6,8.8,21.9,47.9,29.0
419,Serge Ibaka,OKC,25,6-10,245,None,Republic of the Congo,2008,1,24,64.0,14.3,7.8,0.9,3.9,6.3,15.8,19.0,54.9,4.1
420,Sergey Karasev,BKN,21,6-7,208,None,Russia,2013,1,19,33.0,4.6,2.0,1.4,1.7,4.1,7.8,13.9,50.8,12.3
421,Seth Curry,PHX,24,6-2,185,Duke,USA,Undrafted,Undrafted,Undrafted,2.0,0.0,1.0,0.5,-25.0,0.0,28.6,16.7,0.0,20.0
422,Shabazz Muhammad,MIN,22,6-6,227,UCLA,USA,2013,1,14,38.0,13.5,4.1,1.2,-8.9,6.9,11.1,23.9,55.6,9.1
423,Shabazz Napier,MIA,23,6-1,175,Connecticut,USA,2014,1,24,51.0,5.1,2.2,2.5,-2.2,1.8,10.2,15.4,51.7,21.6
424,Shane Larkin,NYK,22,5-11,175,Miami,USA,2013,1,18,76.0,6.2,2.3,3.0,-10.7,1.5,8.4,13.4,50.4,20.1
425,Shannon Brown,MIA,29,6-3,215,Michigan State,USA,2006,1,25,5.0,4.0,0.2,0.6,-8.7,0.0,1.3,14.0,48.2,4.9
426,Shaun Livingston,GSW,29,6-7,192,None,USA,2004,1,4,78.0,5.9,2.3,3.3,1.0,3.0,8.8,15.9,52.9,26.7
427,Shavlik Randolph,PHX,31,6-10,236,Duke,USA,Undrafted,Undrafted,Undrafted,21.0,1.1,1.8,0.2,-8.0,10.1,18.2,14.2,29.8,5.1
428,Shawn Marion,CLE,37,6-7,228,UNLV,USA,1999,1,9,57.0,4.8,3.5,0.9,3.1,5.8,12.6,12.6,48.9,6.9
429,Shawne Williams,DET,29,6-10,230,Memphis,USA,2006,1,17,63.0,5.4,2.6,0.7,-5.1,3.5,13.1,14.9,53.7,6.8
430,Shayne Whittington,IND,24,6-11,250,Western Michigan,USA,Undrafted,Undrafted,Undrafted,20.0,2.9,1.5,0.3,7.0,9.4,17.8,24.3,54.7,9.4
431,Shelvin Mack,ATL,25,6-3,207,Butler,USA,2011,2,34,55.0,5.4,1.4,2.8,2.3,1.0,8.6,19.0,48.9,29.8
432,Sim Bhullar,SAC,22,7-5,360,New Mexico State,Canada,Undrafted,Undrafted,Undrafted,3.0,0.7,0.3,0.3,0.0,0.0,33.3,28.6,50.0,50.0
433,Solomon Hill,IND,24,6-7,225,Arizona,USA,2013,1,23,82.0,8.9,3.8,2.2,-3.7,2.9,10.3,15.9,50.7,12.1
434,Spencer Dinwiddie,DET,22,6-6,200,Colorado,USA,2014,2,38,34.0,4.3,1.4,3.1,-7.9,0.8,10.0,20.8,39.4,39.4
435,Spencer Hawes,LAC,27,7-1,245,Washington,USA,2007,1,10,73.0,5.8,3.5,1.2,-3.1,2.4,17.3,18.1,47.8,11.0
436,Stephen Curry,GSW,27,6-3,190,Davidson,USA,2009,1,7,80.0,23.8,4.3,7.7,16.3,2.2,10.0,27.7,63.8,35.8
437,Steve Blake,POR,35,6-3,172,Maryland,USA,2003,2,38,81.0,4.3,1.7,3.6,3.2,1.0,7.3,12.9,50.7,26.4
438,Steve Novak,OKC,32,6-10,225,Marquette,USA,2006,2,32,35.0,1.8,0.6,0.3,-16.1,0.9,10.0,12.9,55.4,8.8
439,Steven Adams,OKC,21,7-0,255,Pittsburgh,New Zealand,2013,1,12,70.0,7.7,7.5,0.9,1.8,10.7,17.9,14.2,54.9,5.6
440,T.J. Warren,PHX,21,6-8,215,North Carolina State,USA,2014,1,14,40.0,6.1,2.1,0.6,-8.5,6.1,7.1,17.3,55.1,6.9
441,Taj Gibson,CHI,30,6-9,225,Southern California,USA,2009,1,26,62.0,10.3,6.4,1.1,1.7,9.5,13.2,17.5,54.5,7.1
442,Tarik Black,LAL,23,6-11,257,Kansas,USA,Undrafted,Undrafted,Undrafted,63.0,6.0,5.8,0.7,-3.8,11.4,20.1,13.8,58.3,5.9
443,Tayshaun Prince,DET,35,6-9,215,Kentucky,USA,2002,1,23,58.0,7.5,3.6,1.6,-4.5,3.6,11.4,15.0,50.4,10.9
444,Terrence Jones,HOU,23,6-9,255,Kentucky,USA,2012,1,18,33.0,11.7,6.7,1.1,4.8,8.8,14.3,18.4,56.7,6.7
445,Terrence Ross,TOR,24,6-7,195,Washington,USA,2012,1,8,82.0,9.8,2.8,1.0,0.6,1.6,9.5,18.1,51.9,6.3
446,Thabo Sefolosha,ATL,31,6-7,222,None,Switzerland,2006,1,13,52.0,5.3,4.3,1.4,11.2,5.6,16.9,14.3,50.6,11.6
447,Thaddeus Young,BKN,27,6-8,221,Georgia Tech,USA,2007,1,12,76.0,14.1,5.4,2.3,-4.5,5.2,12.1,21.2,50.7,11.8
448,Thomas Robinson,PHI,24,6-10,237,Kansas,USA,2012,1,5,54.0,5.7,5.6,0.6,0.4,10.6,25.0,19.0,50.2,7.0
449,Tiago Splitter,SAS,30,6-11,245,None,Brazil,2007,1,28,52.0,8.2,4.8,1.5,11.9,9.2,15.5,18.1,60.1,11.0
450,Tim Duncan,SAS,39,6-11,250,Wake Forest,US Virgin Islands,1997,1,1,77.0,13.9,9.1,3.0,6.8,8.1,23.6,22.1,56.0,16.6
451,Tim Frazier,POR,24,6-1,170,Penn State,USA,Undrafted,Undrafted,Undrafted,11.0,5.2,2.5,5.5,-2.2,2.3,8.9,17.0,40.6,36.1
452,Tim Hardaway Jr.,NYK,23,6-6,210,Michigan,USA,2013,1,24,70.0,11.5,2.2,1.8,-11.1,0.7,8.8,22.9,51.2,13.4
453,Timofey Mozgov,CLE,28,7-1,250,None,Russia,Undrafted,Undrafted,Undrafted,81.0,9.7,7.3,0.7,6.7,10.0,18.6,16.6,59.4,4.0
454,Tobias Harris,ORL,22,6-9,235,Tennessee,USA,2011,1,19,68.0,17.1,6.3,1.8,-6.1,3.1,15.4,22.2,55.1,8.8
455,Toney Douglas,NOP,29,6-2,195,Florida State,USA,2009,1,29,12.0,4.3,1.8,2.0,2.4,1.2,11.1,18.0,45.0,21.4
456,Tony Allen,MEM,33,6-4,213,Oklahoma State,USA,2004,1,25,63.0,8.6,4.4,1.4,8.5,6.5,10.6,16.2,52.8,8.1
457,Tony Parker,SAS,33,6-2,185,None,France,2001,1,28,68.0,14.4,1.9,4.9,4.7,0.8,5.9,24.2,53.9,27.8
458,Tony Snell,CHI,23,6-7,200,New Mexico,USA,2013,1,20,72.0,6.0,2.4,0.9,2.2,2.1,9.6,13.9,55.0,6.8
459,Tony Wroten,PHI,22,6-6,205,Washington,USA,2012,1,25,30.0,16.9,2.9,5.2,-12.7,2.3,7.3,30.0,49.4,33.8
460,Toure' Murry,UTA,25,6-5,195,Wichita State,USA,Undrafted,Undrafted,Undrafted,5.0,1.2,0.2,0.2,0.0,5.9,0.0,25.0,51.0,11.1
461,Travis Wear,NYK,24,6-10,225,UCLA,USA,Undrafted,Undrafted,Undrafted,51.0,3.9,2.1,0.8,-6.2,4.7,11.6,17.2,45.1,10.4
462,Trevor Ariza,HOU,29,6-8,215,UCLA,USA,2004,2,43,82.0,12.8,5.6,2.5,4.0,2.6,12.7,16.3,53.9,11.2
463,Trevor Booker,UTA,27,6-8,230,Clemson,USA,2010,1,23,79.0,7.2,5.0,1.1,1.0,9.0,16.7,17.7,53.6,9.3
464,Trey Burke,UTA,22,6-1,185,Michigan,USA,2013,1,9,76.0,12.8,2.7,4.3,-1.7,1.4,7.7,23.2,45.5,24.5
465,Tristan Thompson,CLE,24,6-9,238,University of Texas at Austin,Canada,2011,1,4,82.0,8.5,8.0,0.5,5.9,12.4,17.4,13.9,58.0,2.8
466,Troy Daniels,CHA,23,6-4,205,Va Commonwealth,USA,Undrafted,Undrafted,Undrafted,47.0,3.7,0.7,0.5,-10.8,1.8,6.4,20.3,51.5,11.1
467,Ty Lawson,DEN,27,5-11,195,North Carolina,USA,2009,1,18,75.0,15.2,3.1,9.6,-0.3,1.5,7.2,20.3,52.6,40.8
468,Tyler Ennis,MIL,20,6-3,175,Syracuse,Canada,2014,1,18,33.0,3.7,1.1,2.2,-7.3,1.6,7.3,19.9,41.1,27.8
469,Tyler Hansbrough,TOR,29,6-9,250,North Carolina,USA,2009,1,13,74.0,3.6,3.6,0.3,10.3,10.6,15.9,10.4,59.7,2.9
470,Tyler Johnson,MIA,23,6-3,190,Fresno State,USA,Undrafted,Undrafted,Undrafted,32.0,5.9,2.5,1.3,-4.7,2.3,10.8,16.1,50.6,11.5
471,Tyler Zeller,BOS,25,7-0,253,North Carolina,USA,2012,1,17,82.0,10.2,5.7,1.4,-2.0,8.1,17.8,19.5,59.4,10.6
472,Tyreke Evans,NOP,25,6-6,220,Memphis,USA,2009,1,4,79.0,16.6,5.3,6.6,3.2,3.0,12.7,25.5,50.8,31.6
473,Tyrus Thomas,MEM,28,6-10,225,Louisiana State,USA,2006,1,4,2.0,2.0,0.0,0.5,-8.7,0.0,0.0,12.5,106.4,20.0
474,Tyson Chandler,DAL,32,7-1,240,None,USA,2001,1,2,75.0,10.3,11.5,1.1,4.7,12.9,24.4,12.6,69.7,5.3
475,Udonis Haslem,MIA,35,6-8,235,Florida,USA,Undrafted,Undrafted,Undrafted,62.0,4.2,4.2,0.7,-8.2,7.2,19.5,14.1,48.8,7.8
476,Vander Blue,LAL,22,6-4,200,Marquette,USA,Undrafted,Undrafted,Undrafted,2.0,11.0,4.5,4.0,-25.0,2.1,10.4,20.2,34.2,17.8
477,Victor Claver,POR,26,6-9,224,None,Spain,2009,1,22,10.0,2.4,2.0,0.1,14.3,4.0,22.7,14.5,60.0,1.9
478,Victor Oladipo,ORL,23,6-4,210,Indiana,USA,2013,1,2,72.0,17.9,4.2,4.1,-6.1,2.0,10.2,24.9,52.7,18.8
479,Vince Carter,MEM,38,6-6,220,North Carolina,USA,1998,1,5,66.0,5.8,2.0,1.2,0.5,2.4,9.6,19.3,44.5,11.0
480,Wayne Ellington,LAL,27,6-4,200,North Carolina,USA,2009,1,28,65.0,10.0,3.2,1.6,-3.9,1.7,10.5,18.2,50.4,10.1
481,Wesley Johnson,LAL,27,6-7,215,Syracuse,USA,2010,1,4,76.0,9.9,4.2,1.6,-6.7,2.9,11.6,16.1,50.9,8.4
482,Wesley Matthews,POR,28,6-5,220,Marquette,USA,Undrafted,Undrafted,Undrafted,60.0,15.9,3.7,2.3,6.8,1.8,8.5,19.3,58.6,11.0
483,Will Barton,DEN,24,6-6,175,Memphis,USA,2012,2,40,58.0,6.8,2.8,1.4,-0.7,2.4,13.4,19.7,50.3,13.5
484,Will Bynum,WAS,32,6-0,185,Georgia Tech,USA,Undrafted,Undrafted,Undrafted,7.0,3.1,0.9,2.6,-42.8,2.9,6.1,26.1,33.6,48.6
485,Will Cherry,TOR,24,,,Montana,USA,Undrafted,Undrafted,Undrafted,8.0,1.9,0.6,1.0,-3.6,1.4,5.6,16.5,34.7,17.4
486,Willie Green,ORL,33,6-3,205,Detroit,USA,2003,2,41,52.0,5.9,1.5,1.3,-4.9,1.5,6.7,17.2,47.7,12.1
487,Wilson Chandler,DEN,28,6-8,225,DePaul,USA,2007,1,23,78.0,13.9,6.1,1.7,-3.9,3.6,15.5,19.8,52.3,8.6
488,Xavier Henry,LAL,24,6-6,220,Kansas,USA,2010,1,12,9.0,2.2,0.4,0.3,9.4,2.2,2.7,14.2,42.4,4.8
489,Zach LaVine,MIN,20,6-5,183,UCLA,USA,2014,1,13,77.0,10.1,2.8,3.6,-14.2,1.4,10.3,21.8,51.5,25.0
490,Zach Randolph,MEM,33,6-9,260,Michigan State,USA,2001,1,19,71.0,16.1,10.5,2.2,6.8,10.3,23.0,24.0,53.8,11.1
491,Zaza Pachulia,MIL,31,6-11,270,None,Georgia,2003,2,42,73.0,8.3,6.8,2.4,7.5,11.8,18.3,18.6,50.6,15.5
492,Zoran Dragic,MIA,26,6-5,200,None,Slovenia,Undrafted,Undrafted,Undrafted,16.0,1.8,0.5,0.3,-8.9,6.0,4.1,20.8,43.5,11.6
