,Player,Team,Age,Height,Weight,COLLEGE,COUNTRY,DRAFT YEAR,DRAFT ROUND,DRAFT NUMBER,GP,PTS,REB,AST,NETRTG,OREB%,DREB%,USG%,TS%,AST%
0,,,,,,,,,,,,,,,,,,,,
1,Aaron Brooks,CHI,31,6-0,161,Oregon,USA,2007,1,26,69.0,7.1,1.5,2.6,0.0,1.8,6.8,22.5,49.4,26.5
2,Aaron Gordon,ORL,20,6-9,220,Arizona,USA,2014,1,4,78.0,9.2,6.5,1.6,-1.4,8.0,18.9,16.9,54.1,10.3
3,Aaron Harrison,CHA,21,6-6,210,Kentucky,USA,Undrafted,Undrafted,Undrafted,21.0,0.9,0.7,0.1,-3.4,4.5,11.2,13.2,37.1,3.3
4,Adreian Payne,MIN,25,6-10,237,Michigan State,USA,2014,1,15,52.0,2.5,2.1,0.6,-12.0,4.4,19.8,17.5,42.2,9.3
5,Al Horford,ATL,30,6-10,245,Florida,Dominican Republic,2007,1,3,82.0,15.2,7.3,3.2,4.2,5.6,15.8,20.2,56.5,16.5
6,Al Jefferson,CHA,31,6-10,289,None,USA,2004,1,15,47.0,12.0,6.4,1.5,2.5,5.0,21.6,24.0,50.7,11.4
7,Al-Farouq Aminu,POR,25,6-9,215,Wake Forest,USA,2010,1,8,82.0,10.2,6.1,1.7,1.6,4.1,16.8,16.6,53.3,8.7
8,Alan Anderson,WAS,33,6-6,220,Michigan State,USA,Undrafted,Undrafted,Undrafted,13.0,5.0,2.1,1.1,8.2,0.5,13.1,15.1,49.5,11.2
9,Alan Williams,PHX,23,6-8,260,California-Santa Barbara,USA,Undrafted,Undrafted,Undrafted,10.0,2.9,3.8,0.5,-0.7,16.5,34.8,19.4,48.1,9.6
10,Alec Burks,UTA,24,6-6,214,Colorado,USA,2011,1,12,31.0,13.3,3.5,2.0,0.5,1.9,12.1,24.6,52.0,14.0
11,Alex Len,PHX,23,7-1,260,Maryland,Ukraine,2013,1,5,78.0,9.0,7.6,1.2,-7.7,9.1,22.3,20.2,48.2,8.7
12,Alex Stepheson,MEM,28,6-10,270,Southern California,USA,Undrafted,Undrafted,Undrafted,8.0,2.8,3.5,0.3,-2.0,17.6,10.8,16.6,34.1,5.3
13,Alexis Ajinca,NOP,28,7-2,248,None,France,2008,1,20,59.0,6.0,4.6,0.5,-2.6,8.5,22.7,20.1,51.4,5.9
14,Allen Crabbe,POR,24,6-6,210,California,USA,2013,2,31,81.0,10.3,2.7,1.2,1.0,1.2,8.6,15.9,57.2,7.2
15,Alonzo Gee,NOP,29,6-6,225,Alabama,USA,Undrafted,Undrafted,Undrafted,73.0,4.5,3.4,1.0,-4.4,3.5,11.1,9.1,57.2,6.3
16,Amar'e Stoudemire,MIA,33,6-10,245,None,USA,2002,1,9,52.0,5.8,4.3,0.5,0.0,9.2,20.6,17.6,59.9,5.4
17,Amir Johnson,BOS,29,6-9,240,No College,USA,2005,2,56,79.0,7.3,6.4,1.7,4.6,9.2,17.3,13.6,60.2,11.0
18,Anderson Varejao,GSW,33,6-11,273,None,Brazil,2004,2,30,53.0,2.6,2.7,0.7,2.8,6.8,20.4,14.3,47.3,10.2
19,Andre Drummond,DET,22,6-11,279,Connecticut,USA,2012,1,9,81.0,16.2,14.8,0.8,2.4,13.5,30.9,23.9,49.9,4.2
20,Andre Iguodala,GSW,32,6-6,215,Arizona,USA,2004,1,9,65.0,7.0,4.0,3.4,13.2,3.1,11.0,11.7,56.5,16.5
21,Andre Miller,SAS,40,6-3,200,Utah,USA,1999,1,8,39.0,3.7,1.3,2.2,2.8,3.1,8.7,15.6,60.0,27.6
22,Andre Roberson,OKC,24,6-7,210,Colorado,USA,2013,1,26,70.0,4.8,3.6,0.7,9.2,5.3,10.2,9.2,56.6,3.9
23,Andrea Bargnani,BKN,30,7-0,245,None,Italy,2006,1,1,46.0,6.6,2.1,0.4,-14.7,4.2,11.7,22.7,50.0,5.1
24,Andrew Bogut,GSW,31,7-0,260,Utah,Australia,2005,1,1,70.0,5.4,7.0,2.3,14.1,8.6,22.9,11.5,62.3,14.5
25,Andrew Goudelock,HOU,27,6-3,200,College of Charleston,USA,2011,2,46,8.0,2.8,0.3,0.5,8.3,2.1,1.3,23.4,50.6,11.8
26,Andrew Nicholson,ORL,26,6-9,250,St. Bonaventure,Canada,2012,1,19,56.0,6.9,3.6,0.4,2.8,4.1,19.1,20.5,56.7,5.0
27,Andrew Wiggins,MIN,21,6-8,199,Kansas,Canada,2014,1,1,81.0,20.7,3.6,2.0,-1.3,3.9,6.6,26.7,54.3,9.8
28,Anthony Bennett,TOR,23,6-8,245,UNLV,Canada,2013,1,1,19.0,1.5,1.2,0.0,-19.0,5.9,26.2,16.6,44.6,0.0
29,Anthony Brown,LAL,23,6-7,210,Stanford,USA,2015,2,34,29.0,4.0,2.4,0.7,-2.3,1.4,10.1,10.9,42.7,4.8
30,Anthony Davis,NOP,23,6-10,253,Kentucky,USA,2012,1,1,61.0,24.3,10.3,1.9,-4.1,5.9,23.4,29.0,55.9,10.0
31,Anthony Morrow,OKC,30,6-5,210,Georgia Tech,USA,Undrafted,Undrafted,Undrafted,68.0,5.6,0.9,0.4,5.3,1.1,5.4,16.7,54.3,3.7
32,Anthony Tolliver,DET,31,6-8,240,Creighton,USA,Undrafted,Undrafted,Undrafted,72.0,5.3,3.2,0.7,0.0,2.6,14.3,12.2,54.3,5.8
33,Archie Goodwin,PHX,21,6-5,200,Kentucky,USA,2013,1,29,57.0,8.9,2.5,2.1,-9.0,2.3,10.4,22.7,49.8,17.4
34,Aron Baynes,DET,29,6-10,260,Washington State,Australia,Undrafted,Undrafted,Undrafted,81.0,6.3,4.7,0.6,-3.4,10.6,20.2,18.4,56.3,7.0
35,Arron Afflalo,NYK,30,6-5,210,UCLA,USA,2007,1,27,71.0,12.8,3.7,2.0,-3.4,1.0,9.8,17.8,53.1,9.7
36,Austin Rivers,LAC,23,6-4,200,Duke,USA,2012,1,10,67.0,8.9,1.9,1.5,-4.0,1.5,7.0,18.8,52.3,11.6
37,Avery Bradley,BOS,25,6-2,180,Texas-Austin,USA,2010,1,19,76.0,15.2,2.9,2.1,4.6,1.8,6.5,19.7,53.8,9.5
38,Axel Toupane,DEN,23,6-7,210,None,France,Undrafted,Undrafted,Undrafted,21.0,3.6,1.5,0.7,-2.2,2.8,7.6,12.2,49.0,6.8
39,Ben McLemore,SAC,23,6-5,195,Kansas,USA,2013,1,7,68.0,7.8,2.2,1.2,1.2,2.3,7.6,17.2,53.1,7.6
40,Beno Udrih,MEM,33,6-3,205,None,Slovenia,2004,1,28,44.0,4.7,1.6,2.6,-1.7,1.2,9.1,16.7,49.6,25.6
41,Bismack Biyombo,TOR,23,6-9,245,None,DRC,2011,1,7,82.0,5.5,8.0,0.4,3.1,10.0,24.9,11.4,58.6,2.5
42,Blake Griffin,LAC,27,6-10,251,Oklahoma,USA,2009,1,1,35.0,21.4,8.4,4.9,7.3,4.4,19.6,28.9,54.4,25.8
43,Boban Marjanovic,SAS,27,7-3,290,None,Serbia,Undrafted,Undrafted,Undrafted,54.0,5.5,3.6,0.4,4.5,15.4,24.6,22.0,66.2,7.2
44,Bobby Portis,CHI,21,6-11,230,Arkansas,USA,2015,1,22,62.0,7.0,5.4,0.8,-7.6,10.1,18.6,20.3,46.9,7.6
45,Bojan Bogdanovic,BKN,27,6-8,216,None,Croatia,2011,2,31,79.0,11.2,3.2,1.3,-9.2,1.7,10.5,19.0,55.0,7.3
46,Boris Diaw,SAS,34,6-8,250,None,France,2003,1,21,76.0,6.4,3.1,2.3,10.2,4.5,12.4,16.4,58.2,18.2
47,Bradley Beal,WAS,23,6-5,207,Florida,USA,2012,1,3,55.0,17.4,3.4,2.9,-0.2,2.4,8.8,24.5,54.7,15.3
48,Brandan Wright,MEM,28,6-10,210,North Carolina,USA,2007,1,8,12.0,6.9,3.6,0.5,-11.1,6.6,13.4,15.2,66.3,5.0
49,Branden Dawson,LAC,23,6-6,225,Michigan State,USA,2015,2,56,6.0,0.8,0.7,0.0,-29.5,9.1,6.3,7.8,46.0,0.0
50,Brandon Bass,LAL,31,6-8,250,Louisiana State,USA,2005,2,33,66.0,7.2,4.3,1.1,-0.9,7.4,13.6,13.6,61.9,8.8
51,Brandon Jennings,ORL,26,6-1,169,None,USA,2009,1,10,48.0,6.9,2.0,3.5,0.3,1.7,9.2,19.2,49.1,29.8
52,Brandon Knight,PHX,24,6-3,189,Kentucky,USA,2011,1,8,52.0,19.6,3.9,5.1,-5.5,1.8,9.0,25.8,52.2,23.4
53,Brandon Rush,GSW,30,6-6,220,Kansas,USA,2008,1,13,72.0,4.2,2.5,0.8,-0.9,2.1,14.0,12.5,56.0,7.2
54,Brian Roberts,POR,30,6-1,173,University of Dayton,USA,Undrafted,Undrafted,Undrafted,51.0,4.0,0.8,1.1,-7.0,1.2,7.5,18.8,55.2,20.5
55,Briante Weber,MIA,23,6-2,165,Va Commonwealth,USA,Undrafted,Undrafted,Undrafted,7.0,4.4,3.6,3.0,-21.2,3.7,11.5,11.7,38.0,17.5
56,Brook Lopez,BKN,28,7-0,275,Stanford,USA,2008,1,10,73.0,20.6,7.8,2.0,-2.4,8.6,15.3,27.2,56.2,10.6
57,Bruno Caboclo,TOR,20,6-9,205,None,Brazil,2014,1,20,6.0,0.5,0.3,0.2,-13.1,2.0,2.1,15.2,12.5,3.3
58,Bryce Cotton,MEM,23,6-1,165,Providence,USA,Undrafted,Undrafted,Undrafted,8.0,1.0,0.0,0.4,-30.4,0.0,0.0,17.0,40.0,13.6
59,Bryce Dejean-Jones,NOP,23,6-6,203,Iowa State,USA,Undrafted,Undrafted,Undrafted,14.0,5.6,3.4,1.1,-6.8,2.5,15.7,14.0,50.5,7.6
60,C.J. Watson,ORL,32,6-2,175,Tennessee,USA,Undrafted,Undrafted,Undrafted,33.0,4.3,2.0,2.7,-3.5,1.5,8.4,11.7,46.1,18.0
61,C.J. Wilcox,LAC,25,6-5,195,Washington,USA,2014,1,28,23.0,3.0,0.5,0.4,6.3,0.6,5.7,19.0,49.1,9.0
62,CJ McCollum,POR,24,6-4,200,Lehigh,USA,2013,1,10,80.0,20.8,3.2,4.3,2.6,1.6,7.5,26.6,54.4,21.1
63,CJ Miles,IND,29,6-6,231,No College,USA,2005,2,34,64.0,11.8,2.7,1.0,0.2,1.7,9.9,22.1,54.7,6.9
64,Cameron Bairstow,DET,25,6-9,250,New Mexico,Australia,2014,2,49,18.0,1.9,1.6,0.3,-2.3,3.4,20.3,19.6,39.1,9.1
65,Cameron Payne,OKC,21,6-3,185,Murray State,USA,2015,1,14,57.0,5.0,1.5,1.9,-1.8,1.2,10.8,19.9,49.0,24.1
66,Carl Landry,PHI,32,6-9,248,Purdue,USA,2007,2,31,36.0,9.8,4.1,0.9,-9.3,8.1,17.8,23.6,60.5,10.2
67,Carmelo Anthony,NYK,32,6-8,240,Syracuse,USA,2003,1,3,72.0,21.8,7.7,4.2,-0.9,3.9,17.3,29.1,53.0,20.9
68,Caron Butler,SAC,36,6-7,228,Connecticut,USA,2002,1,10,17.0,3.7,1.3,0.6,-13.1,2.5,9.8,15.9,49.0,9.9
69,Chandler Parsons,DAL,27,6-10,230,Florida,USA,2011,2,38,61.0,13.7,4.7,2.8,0.3,1.7,14.1,20.4,58.9,15.8
70,Channing Frye,CLE,33,6-11,255,Arizona,USA,2005,1,8,70.0,6.1,3.3,1.0,4.8,3.0,17.2,15.3,58.6,8.6
71,Charlie Villanueva,DAL,31,6-11,232,Connecticut,USA,2005,1,7,62.0,5.1,2.5,0.4,-8.0,3.2,19.3,23.6,47.3,6.3
72,Chase Budinger,PHX,28,6-7,209,Arizona,USA,2009,2,44,66.0,4.1,2.3,1.0,-0.3,4.3,11.5,13.8,51.4,9.8
73,Chris Andersen,MEM,37,6-10,245,Blinn J.C.,USA,Undrafted,Undrafted,Undrafted,27.0,3.9,3.6,0.4,-10.1,8.8,17.5,10.8,59.8,4.5
74,Chris Bosh,MIA,32,6-11,235,Georgia Tech,USA,2003,1,4,53.0,19.1,7.4,2.4,0.5,2.8,18.8,24.7,57.1,12.9
75,Chris Copeland,MIL,32,6-9,239,Colorado,USA,Undrafted,Undrafted,Undrafted,24.0,2.1,0.4,0.5,-25.7,0.6,6.4,16.9,46.2,12.0
76,Chris Johnson,UTA,26,6-6,206,Dayton,USA,Undrafted,Undrafted,Undrafted,70.0,2.9,1.9,0.6,2.0,3.2,11.8,13.1,48.2,8.2
77,Chris Kaman,POR,34,7-0,265,Central Michigan,USA,2003,1,6,16.0,2.8,1.5,0.7,-14.6,6.7,14.8,20.2,49.6,18.6
78,Chris McCullough,BKN,21,6-11,200,Syracuse,USA,2015,1,29,24.0,4.7,2.8,0.4,-14.7,6.3,12.6,15.8,47.0,3.8
79,Chris Paul,LAC,31,6-0,175,Wake Forest,USA,2005,1,4,74.0,19.5,4.2,10.0,11.0,1.7,10.5,26.5,57.5,49.3
80,Christian Wood,PHI,20,6-11,220,UNLV,USA,Undrafted,Undrafted,Undrafted,17.0,3.6,2.2,0.2,-13.0,7.5,15.5,18.5,49.0,3.5
81,Chuck Hayes,LAC,33,6-6,240,Kentucky,USA,Undrafted,Undrafted,Undrafted,2.0,2.0,4.0,1.0,-2.3,0.0,25.0,11.3,69.4,13.3
82,Cleanthony Early,NYK,25,6-8,210,Wichita State,USA,2014,2,34,17.0,1.8,1.5,0.4,0.3,2.4,12.4,14.7,37.1,5.8
83,Cliff Alexander,POR,20,6-8,240,Kansas,USA,Undrafted,Undrafted,Undrafted,8.0,1.3,0.8,0.0,-20.4,6.5,10.5,13.4,50.0,0.0
84,Clint Capela,HOU,22,6-10,240,None,Switzerland,2014,1,25,77.0,7.0,6.4,0.6,3.7,12.3,20.2,15.6,55.3,5.0
85,Cody Zeller,CHA,23,7-0,240,Indiana,USA,2013,1,4,73.0,8.7,6.2,1.0,5.0,7.7,17.8,15.2,59.2,6.1
86,Cole Aldrich,LAC,27,6-11,250,Kansas,USA,2010,1,11,60.0,5.5,4.8,0.8,-0.7,11.0,25.2,18.5,62.6,10.7
87,Corey Brewer,HOU,30,6-9,186,Florida,USA,2007,1,7,82.0,7.2,2.4,1.3,-2.1,2.3,9.0,17.2,48.1,10.2
88,Cory Jefferson,PHX,25,6-9,218,Baylor,USA,2014,2,60,8.0,2.8,2.0,0.0,-6.7,10.3,18.5,20.3,44.6,0.0
89,Cory Joseph,TOR,24,6-3,190,Texas,Canada,2011,1,29,80.0,8.5,2.6,3.1,6.2,1.9,8.0,16.6,51.2,19.9
90,Coty Clarke,BOS,23,6-7,225,Arkansas,USA,Undrafted,Undrafted,Undrafted,3.0,2.0,0.3,0.0,42.3,0.0,20.0,35.7,75.0,0.0
91,Courtney Lee,CHA,30,6-5,200,Western Kentucky,USA,2008,1,22,79.0,9.6,2.6,1.7,3.0,1.3,7.7,14.6,55.1,8.8
92,Cristiano Felicio,CHI,23,6-10,275,None,Brazil,Undrafted,Undrafted,Undrafted,31.0,3.4,3.3,0.8,8.0,9.4,21.8,13.5,60.1,11.5
93,D'Angelo Russell,LAL,20,6-5,195,Ohio State,USA,2015,1,2,80.0,13.2,3.4,3.3,-11.7,1.9,10.1,23.8,50.7,21.3
94,D.J. Augustin,DEN,28,6-0,183,University of Texas at Austin,USA,2008,1,9,62.0,7.5,1.5,3.2,-1.0,0.7,7.2,18.0,57.5,25.7
95,Dahntay Jones,CLE,35,6-6,225,Duke,USA,2003,1,20,1.0,13.0,5.0,2.0,1.5,2.4,9.5,15.6,46.4,6.7
96,Damian Lillard,POR,25,6-3,195,Weber State,USA,2012,1,6,75.0,25.1,4.0,6.8,1.6,1.6,9.3,30.4,56.0,33.0
97,Damien Inglis,MIL,21,6-8,246,None,France,2014,2,31,20.0,1.8,1.6,0.5,-13.7,1.3,17.1,14.9,44.4,11.2
98,Damjan Rudez,MIN,30,6-9,230,None,Croatia,Undrafted,Undrafted,Undrafted,33.0,2.3,0.6,0.3,-2.5,1.9,5.6,12.3,57.2,5.8
99,Danilo Gallinari,DEN,27,6-10,225,None,Italy,2008,1,6,53.0,19.5,5.3,2.5,-2.8,2.7,12.7,22.6,58.2,12.2
100,Danny Green,SAS,29,6-6,215,North Carolina,USA,2009,2,46,79.0,7.2,3.8,1.8,12.5,2.4,12.1,14.3,49.2,9.2
101,Dante Cunningham,NOP,29,6-8,230,Villanova,USA,2009,2,33,80.0,6.1,3.0,1.0,-6.3,2.8,9.7,11.0,54.0,5.6
102,Darrell Arthur,DEN,28,6-9,235,Kansas,USA,2008,1,27,70.0,7.5,4.2,1.4,-1.8,5.5,13.2,16.5,51.4,10.2
103,Darren Collison,SAC,28,6-0,175,UCLA,USA,2009,1,21,74.0,14.0,2.3,4.3,-1.6,1.2,6.2,19.0,59.1,21.9
104,Darrun Hilliard,DET,23,6-6,205,Villanova,USA,2015,2,38,38.0,4.0,1.2,0.7,-1.7,1.3,10.3,19.0,51.1,11.7
105,David Lee,DAL,33,6-9,245,Florida,USA,2005,1,30,55.0,7.8,5.5,1.5,-4.0,10.8,21.8,21.0,56.8,16.2
106,David West,SAS,35,6-9,250,Xavier,USA,2003,1,18,78.0,7.1,4.0,1.8,12.2,5.5,16.8,17.5,57.3,15.0
107,DeAndre Jordan,LAC,27,6-11,265,Texas A&M,USA,2008,2,35,77.0,12.7,13.8,1.2,8.9,10.5,28.6,15.5,62.8,5.1
108,DeJuan Blair,WAS,27,6-7,270,Pittsburgh,USA,2009,2,37,29.0,2.1,2.0,0.4,-9.5,8.1,18.0,16.6,41.4,7.7
109,DeMar DeRozan,TOR,26,6-7,220,Southern California,USA,2009,1,9,78.0,23.5,4.5,4.0,2.8,2.3,10.3,29.1,55.0,20.8
110,DeMarcus Cousins,SAC,25,6-11,270,Kentucky,USA,2010,1,5,65.0,26.9,11.5,3.3,1.3,7.0,24.9,35.1,53.8,16.7
111,DeMarre Carroll,TOR,29,6-8,212,Missouri,USA,2009,1,27,26.0,11.0,4.7,1.0,2.6,3.7,11.8,17.6,49.0,5.6
112,Delon Wright,TOR,24,6-5,190,Utah,USA,2015,1,20,27.0,3.8,1.4,1.1,3.3,3.5,12.0,21.8,54.0,22.6
113,Dennis Schroder,ATL,22,6-1,172,None,Germany,2013,1,17,80.0,11.0,2.6,4.4,7.5,1.6,10.6,28.6,51.0,36.8
114,Deron Williams,DAL,32,6-3,200,Illinois,USA,2005,1,3,65.0,14.1,2.9,5.8,0.1,0.9,7.9,21.8,53.0,29.5
115,Derrick Favors,UTA,24,6-10,265,Georgia Tech,USA,2010,1,3,62.0,16.4,8.1,1.5,2.3,8.9,18.0,23.4,55.1,8.6
116,Derrick Rose,CHI,27,6-3,190,Memphis,USA,2008,1,1,66.0,16.4,3.4,4.7,-3.8,2.1,7.8,26.6,47.9,25.0
117,Derrick Williams,NYK,25,6-8,240,Arizona,USA,2011,1,2,80.0,9.3,3.7,0.9,-7.0,3.2,16.9,23.0,55.0,9.6
118,Devin Booker,PHX,19,6-6,206,Kentucky,USA,2015,1,13,76.0,13.8,2.5,2.6,-8.4,1.2,7.5,22.8,53.5,16.2
119,Devin Harris,DAL,33,6-3,185,Wisconsin,USA,2004,1,5,64.0,7.6,2.2,1.8,-2.6,1.4,8.9,16.8,55.9,14.9
120,Devyn Marble,ORL,23,6-6,200,Iowa,USA,2014,2,56,28.0,2.1,1.4,0.4,-1.2,2.1,12.0,15.3,36.8,7.2
121,Dewayne Dedmon,ORL,26,7-0,245,Southern California,USA,Undrafted,Undrafted,Undrafted,58.0,4.4,3.9,0.2,-1.1,9.5,22.3,15.1,60.6,2.9
122,Dion Waiters,OKC,24,6-4,220,Syracuse,USA,2012,1,4,78.0,9.8,2.6,2.0,4.4,1.6,7.3,17.3,49.2,10.3
123,Dirk Nowitzki,DAL,38,7-0,245,None,Germany,1998,1,9,75.0,18.3,6.5,1.8,4.2,2.2,18.2,24.9,55.5,9.6
124,Donald Sloan,BKN,28,6-3,205,Texas A&M,USA,Undrafted,Undrafted,Undrafted,61.0,7.0,2.8,4.4,-4.5,1.3,11.9,16.3,53.6,29.3
125,Donatas Motiejunas,HOU,25,7-0,222,None,Lithuania,2011,1,20,37.0,6.2,2.9,1.1,4.0,6.9,12.4,21.4,50.4,11.6
126,Doug McDermott,CHI,24,6-8,225,Creighton,USA,2014,1,11,81.0,9.4,2.4,0.7,-3.0,1.9,8.0,16.6,56.1,4.9
127,Draymond Green,GSW,26,6-7,230,Michigan State,USA,2012,2,35,81.0,14.0,9.5,7.4,18.0,5.0,19.8,18.4,58.7,27.7
128,Drew Gooden,WAS,34,6-10,250,Kansas,USA,2002,1,4,30.0,2.7,2.8,0.4,-12.2,8.3,19.8,16.9,37.6,6.6
129,Duje Dukan,SAC,24,6-9,220,Wisconsin,Croatia,Undrafted,Undrafted,Undrafted,1.0,6.0,4.0,1.0,-15.4,5.1,6.9,15.4,30.0,6.7
130,Dwight Howard,HOU,30,6-11,265,None,USA,2004,1,1,71.0,13.7,11.8,1.4,0.9,10.3,26.1,18.4,60.4,7.1
131,Dwight Powell,DAL,24,6-11,240,Stanford,Canada,2014,2,45,69.0,5.8,4.0,0.6,-2.3,8.2,18.8,17.5,55.7,7.7
132,Dwyane Wade,MIA,34,6-4,220,Marquette,USA,2003,1,5,74.0,19.0,4.1,4.6,-0.4,3.8,9.6,31.0,51.7,26.7
133,E'Twaun Moore,CHI,27,6-4,191,Purdue,USA,2011,2,55,59.0,7.5,2.3,1.7,-0.9,1.5,8.2,15.7,54.8,11.8
134,Ed Davis,POR,27,6-10,240,North Carolina,USA,2010,1,13,81.0,6.5,7.4,1.1,1.0,12.5,21.1,12.5,61.6,7.8
135,Edy Tavares,ATL,24,7-3,260,None,Cabo Verde,2014,2,43,11.0,2.3,1.9,0.3,-4.3,11.5,19.7,16.7,55.5,5.5
136,Elfrid Payton,ORL,22,6-4,185,Louisana-Lafayette,USA,2014,1,10,73.0,10.7,3.6,6.4,-1.4,3.4,8.7,19.8,47.8,31.7
137,Elijah Millsap,UTA,28,6-6,225,Alabama-Birmingham,USA,Undrafted,Undrafted,Undrafted,20.0,1.8,1.8,1.0,7.4,3.3,15.2,14.1,38.4,16.4
138,Elliot Williams,CHA,27,6-5,190,Memphis,USA,2010,1,22,5.0,1.6,0.8,0.8,-4.6,2.4,6.8,13.8,34.0,14.3
139,Elton Brand,PHI,37,6-9,254,Duke,USA,1999,1,1,17.0,4.1,3.7,1.1,-7.0,3.4,22.0,16.8,46.1,14.2
140,Emmanuel Mudiay,DEN,20,6-5,200,None,DRC,2015,1,7,68.0,12.8,3.4,5.5,-3.1,1.5,9.7,25.0,43.7,28.1
141,Enes Freedom,OKC,24,6-11,245,None,Turkey,2011,1,3,82.0,12.7,8.1,0.4,3.8,14.5,23.0,22.9,62.6,3.2
142,Eric Bledsoe,PHX,26,6-1,190,Kentucky,USA,2010,1,18,31.0,20.4,4.0,6.1,-1.7,1.6,10.0,27.0,55.7,29.8
143,Eric Gordon,NOP,27,6-4,215,Indiana,USA,2008,1,7,45.0,15.2,2.2,2.7,-2.3,0.7,5.9,20.3,56.5,12.9
144,Eric Moreland,SAC,24,6-10,238,Oregon State,USA,Undrafted,Undrafted,Undrafted,8.0,1.0,1.4,0.1,6.7,6.7,13.6,9.6,51.5,2.9
145,Erick Green,DEN,25,6-4,185,Virginia Tech,USA,2013,2,46,9.0,1.4,0.7,0.3,-1.2,8.1,10.0,13.8,46.8,10.7
146,Ersan Ilyasova,ORL,29,6-10,235,None,Turkey,2005,2,36,74.0,10.4,5.4,0.9,-4.0,6.9,15.0,18.0,52.6,5.5
147,Evan Fournier,ORL,23,6-7,205,None,France,2012,1,20,79.0,15.4,2.8,2.7,-3.3,1.3,7.7,20.0,58.7,12.8
148,Evan Turner,BOS,27,6-7,220,Ohio State,USA,2010,1,2,81.0,10.5,4.9,4.4,2.0,2.0,14.5,18.4,51.3,24.7
149,Festus Ezeli,GSW,26,6-11,265,Vanderbilt,Nigeria,2012,1,30,46.0,7.0,5.6,0.7,14.3,12.1,19.6,17.7,55.9,6.0
150,Frank Kaminsky,CHA,23,7-0,240,Wisconsin,USA,2015,1,9,81.0,7.5,4.1,1.2,-0.9,3.8,15.0,16.6,51.3,9.5
151,Garrett Temple,WAS,30,6-6,195,Louisiana State,USA,Undrafted,Undrafted,Undrafted,80.0,7.3,2.7,1.8,0.0,1.8,9.1,14.0,52.0,10.2
152,Gary Harris,DEN,21,6-4,210,Michigan State,USA,2014,1,19,76.0,12.3,2.9,1.9,-4.1,2.1,6.9,16.0,56.6,9.3
153,Gary Neal,WAS,31,6-4,210,Towson,USA,Undrafted,Undrafted,Undrafted,40.0,9.8,2.1,1.2,-9.9,1.4,9.3,20.4,55.8,9.9
154,George Hill,IND,30,6-3,188,Indiana-Purdue Indianapolis,USA,2008,1,26,74.0,12.1,4.0,3.5,1.9,2.3,9.3,15.7,55.5,15.7
155,Gerald Green,MIA,30,6-7,205,No College,USA,2005,1,18,69.0,8.9,2.4,0.8,0.9,1.7,8.5,19.2,49.1,5.7
156,Gerald Henderson,POR,28,6-5,215,Duke,USA,2009,1,12,72.0,8.7,2.9,1.0,1.3,2.0,12.1,20.1,52.6,8.4
157,Giannis Antetokounmpo,MIL,21,6-11,222,None,Greece,2013,1,15,80.0,16.9,7.7,4.3,-3.1,4.2,18.0,22.1,56.6,19.5
158,Glenn Robinson III,IND,22,6-7,222,Michigan,USA,2014,2,40,45.0,3.8,1.5,0.6,-3.6,2.2,10.9,15.7,50.8,7.7
159,Goran Dragic,MIA,30,6-3,190,None,Slovenia,2008,2,45,72.0,14.1,3.8,5.8,3.6,2.4,9.1,21.1,53.7,27.6
160,Gordon Hayward,UTA,26,6-8,226,Butler,USA,2010,1,9,80.0,19.7,5.0,3.7,1.6,2.2,12.1,25.0,55.9,18.1
161,Gorgui Dieng,MIN,26,6-11,241,Louisville,Senegal,2013,1,21,82.0,10.1,7.1,1.7,-0.3,7.7,19.6,16.5,60.1,9.9
162,Greg Monroe,MIL,26,6-11,265,Georgetown,USA,2010,1,7,79.0,15.3,8.8,2.3,-2.4,9.9,21.5,23.1,56.2,12.8
163,Greg Smith,MIN,25,6-10,250,Fresno State,USA,Undrafted,Undrafted,Undrafted,18.0,2.4,2.3,0.3,-19.8,5.9,16.9,10.4,54.5,4.9
164,Greivis Vasquez,MIL,29,6-6,217,Maryland,Venezuela,2010,1,28,23.0,5.7,2.0,4.0,-9.7,1.1,9.3,18.4,43.5,32.0
165,Harrison Barnes,GSW,24,6-8,225,North Carolina,USA,2012,1,7,66.0,11.7,4.9,1.8,10.2,3.8,11.4,15.6,55.9,7.7
166,Hassan Whiteside,MIA,27,7-0,265,Marshall,USA,2010,2,33,73.0,14.2,11.8,0.4,1.9,11.6,28.2,20.1,62.9,2.2
167,Henry Sims,BKN,26,6-10,248,Georgetown,USA,Undrafted,Undrafted,Undrafted,14.0,6.5,5.1,0.6,-15.7,7.2,20.8,16.8,50.4,5.4
168,Hollis Thompson,PHI,25,6-8,206,Georgetown,USA,Undrafted,Undrafted,Undrafted,77.0,9.8,3.5,1.3,-8.8,2.4,9.9,15.7,52.5,7.2
169,Ian Clark,GSW,25,6-3,175,Belmont,USA,Undrafted,Undrafted,Undrafted,66.0,3.6,1.0,1.0,-7.6,2.3,9.0,19.3,54.4,17.1
170,Ian Mahinmi,IND,29,6-11,250,None,France,2005,1,28,71.0,9.3,7.1,1.5,3.6,7.6,19.7,15.7,60.3,9.0
171,Iman Shumpert,CLE,26,6-5,220,Georgia Tech,USA,2011,1,17,54.0,5.8,3.8,1.7,7.8,2.5,12.7,13.0,47.5,10.0
172,Isaiah Canaan,PHI,25,6-0,201,Murray State,USA,2013,2,34,77.0,11.0,2.3,1.8,-12.3,0.9,7.9,19.1,52.8,12.0
173,Isaiah Thomas,BOS,27,5-9,185,Washington,USA,2011,2,60,82.0,22.2,3.0,6.2,5.0,1.6,7.1,28.9,56.2,31.2
174,Ish Smith,PHI,27,6-0,175,Wake Forest,USA,Undrafted,Undrafted,Undrafted,77.0,12.6,4.0,6.5,-7.3,1.8,11.4,23.5,46.5,37.0
175,J.J. Barea,DAL,32,6-0,185,Northeastern,Puerto Rico,Undrafted,Undrafted,Undrafted,74.0,10.9,2.1,4.1,-2.0,1.5,7.5,22.9,53.6,30.1
176,JJ Hickson,WAS,27,6-9,242,North Carolina State,USA,2008,1,19,35.0,5.9,3.8,0.7,-7.2,8.3,20.1,22.0,51.4,9.1
177,JJ O'Brien,UTA,24,6-7,220,San Diego State,USA,Undrafted,Undrafted,Undrafted,2.0,0.0,0.5,0.0,-48.6,0.0,20.0,7.1,0.0,0.0
178,JJ Redick,LAC,32,6-4,190,Duke,USA,2006,1,11,75.0,16.3,1.9,1.4,11.5,0.5,5.7,22.0,63.2,8.0
179,JR Smith,CLE,30,6-6,225,No College,USA,2004,1,18,77.0,12.4,2.8,1.7,6.5,1.8,7.6,17.7,54.2,8.2
180,JaKarr Sampson,DEN,23,6-9,214,"St. John's, N.Y.",USA,Undrafted,Undrafted,Undrafted,73.0,5.1,2.6,0.6,-7.1,3.8,11.8,16.5,50.4,6.2
181,JaMychal Green,MEM,26,6-9,227,Alabama,USA,Undrafted,Undrafted,Undrafted,78.0,7.4,4.8,0.9,-1.3,9.2,17.4,18.8,52.0,7.4
182,JaVale McGee,DAL,28,7-0,270,Nevada,USA,2008,1,18,34.0,5.1,3.9,0.1,-6.2,13.6,20.8,20.6,57.4,1.5
183,Jabari Parker,MIL,21,6-8,250,Duke,USA,2014,1,2,76.0,14.1,5.2,1.7,-3.8,5.3,11.4,20.6,53.5,8.6
184,Jae Crowder,BOS,25,6-6,235,Marquette,USA,2012,2,34,73.0,14.2,5.1,1.8,4.8,2.8,12.5,18.1,56.5,8.7
185,Jahlil Okafor,PHI,20,6-11,275,Duke,USA,2015,1,3,53.0,17.5,7.0,1.2,-15.7,7.5,16.0,27.2,53.6,8.8
186,Jamal Crawford,LAC,36,6-5,195,Michigan,USA,2000,1,8,79.0,14.2,1.8,2.3,2.0,0.9,5.8,23.9,52.9,14.5
187,Jameer Nelson,DEN,34,6-0,190,St. Joseph's (PA),USA,2004,1,20,39.0,7.7,2.9,4.9,-7.1,1.7,9.7,16.3,46.4,28.7
188,James Anderson,SAC,27,6-6,213,Oklahoma State,USA,2010,1,20,51.0,3.5,1.7,0.8,-4.8,1.7,9.1,13.4,46.9,7.8
189,James Ennis III,NOP,25,6-7,210,Cal State-Long Beach,USA,2013,2,50,22.0,7.2,1.9,1.0,-5.8,6.6,6.9,19.6,62.1,10.4
190,James Harden,HOU,26,6-5,220,Arizona State,USA,2009,1,3,82.0,29.0,6.1,7.5,1.6,1.9,14.0,31.9,59.8,35.4
191,James Johnson,TOR,29,6-9,250,Wake Forest,USA,2009,1,16,57.0,5.0,2.2,1.2,-0.2,3.1,11.0,15.7,53.2,11.3
192,James Jones,CLE,35,6-8,218,Miami,USA,2003,2,49,48.0,3.7,1.0,0.3,-3.6,1.6,8.7,15.6,58.0,5.4
193,James Michael McAdoo,GSW,23,6-9,240,North Carolina,USA,Undrafted,Undrafted,Undrafted,41.0,2.9,1.4,0.4,-17.1,10.7,11.5,19.4,55.4,11.0
194,James Young,BOS,20,6-6,215,Kentucky,USA,2014,1,17,29.0,1.0,0.9,0.3,-5.7,1.9,11.3,9.2,38.4,6.3
195,Jared Cunningham,CLE,25,6-4,195,Oregon State,USA,2012,1,24,44.0,2.7,0.9,0.5,-4.8,0.8,8.8,16.6,46.4,7.4
196,Jared Dudley,WAS,30,6-7,225,Boston College,USA,2007,1,22,81.0,7.9,3.5,2.1,1.7,2.6,11.3,12.7,60.2,11.2
197,Jared Sullinger,BOS,24,6-9,260,Ohio State,USA,2012,1,21,81.0,10.3,8.3,2.3,5.3,9.4,24.3,21.6,47.6,14.8
198,Jarell Eddie,WAS,24,6-7,218,Virginia Tech,USA,Undrafted,Undrafted,Undrafted,26.0,2.4,0.9,0.2,-12.4,1.2,13.4,19.1,46.0,5.8
199,Jarell Martin,MEM,22,6-10,239,Louisiana State,USA,2015,1,25,27.0,5.7,3.2,0.6,-4.1,9.1,13.1,17.9,53.4,6.5
200,Jarnell Stokes,MEM,22,6-9,263,Tennessee,USA,2014,2,35,7.0,1.0,0.6,0.1,23.7,5.9,15.0,13.3,59.5,8.3
201,Jarrett Jack,BKN,32,6-3,200,Georgia Tech,USA,2005,1,22,32.0,12.8,4.3,7.4,-6.0,0.9,12.5,20.9,50.5,34.0
202,Jason Smith,ORL,30,7-0,240,Colorado State,USA,2007,1,20,76.0,7.2,2.9,0.8,-1.1,4.5,14.4,21.8,51.3,8.7
203,Jason Terry,HOU,38,6-2,185,Arizona,USA,1999,1,10,72.0,5.9,1.1,1.4,-0.8,1.1,5.2,14.6,54.0,12.5
204,Jason Thompson,TOR,29,6-11,250,Rider University,USA,2008,1,12,47.0,3.1,2.9,0.6,-1.1,6.7,20.9,13.7,55.8,9.4
205,Jeff Ayres,LAC,29,6-9,250,Arizona State,USA,2009,2,31,17.0,1.8,1.3,0.3,-20.5,4.0,15.4,13.4,58.5,7.8
206,Jeff Green,LAC,29,6-9,235,Georgetown,USA,2007,1,5,80.0,11.7,4.2,1.7,-1.0,3.3,11.6,20.4,51.0,10.2
207,Jeff Teague,ATL,28,6-2,186,Wake Forest,USA,2009,1,19,79.0,15.7,2.7,5.9,1.1,1.4,7.4,25.9,55.1,34.1
208,Jeff Withey,UTA,26,7-0,231,Kansas,USA,2013,2,39,51.0,4.3,3.4,0.4,3.0,8.9,18.3,14.9,57.7,5.1
209,Jerami Grant,PHI,22,6-8,210,Syracuse,USA,2014,2,39,77.0,9.7,4.7,1.8,-10.7,4.6,12.2,17.9,50.6,10.6
210,Jeremy Evans,DAL,28,6-9,200,Western Kentucky,USA,2010,2,55,30.0,2.4,1.8,0.1,-5.6,4.2,15.1,10.9,62.0,1.3
211,Jeremy Lamb,CHA,24,6-5,185,Connecticut,USA,2012,1,12,66.0,8.8,3.8,1.2,6.2,3.5,15.7,21.4,52.9,11.1
212,Jeremy Lin,CHA,27,6-3,200,Harvard,USA,Undrafted,Undrafted,Undrafted,78.0,11.7,3.2,3.0,2.2,2.0,9.7,21.7,53.4,19.2
213,Jerian Grant,NYK,23,6-4,195,Notre Dame,USA,2015,1,19,76.0,5.6,1.9,2.3,-6.5,1.7,9.1,18.5,47.9,23.6
214,Jerryd Bayless,MIL,27,6-3,200,Arizona,USA,2008,1,11,52.0,10.4,2.7,3.1,-6.0,1.5,8.1,16.4,56.8,16.8
215,Jimmer Fredette,SAS,27,6-2,195,Brigham Young,USA,2011,1,10,6.0,1.5,0.0,0.2,-65.8,0.0,0.0,22.5,62.5,50.0
216,Jimmy Butler,CHI,26,6-7,220,Marquette,USA,2011,1,30,67.0,20.9,5.3,4.8,-0.3,3.1,10.3,24.2,56.2,21.8
217,Joakim Noah,CHI,31,6-11,232,Florida,USA,2007,1,9,29.0,4.3,8.8,3.8,-1.2,12.3,23.5,13.7,40.6,25.6
218,Jodie Meeks,DET,28,6-4,210,Kentucky,USA,2009,2,41,3.0,7.3,1.7,1.0,3.9,2.2,8.9,23.2,50.6,14.3
219,Joe Harris,CLE,24,6-6,219,Virginia,USA,2014,2,33,5.0,0.6,0.6,0.4,-73.9,0.0,33.3,12.8,37.5,18.2
220,Joe Ingles,UTA,28,6-8,226,None,Australia,Undrafted,Undrafted,Undrafted,81.0,4.2,1.9,1.2,-0.9,1.5,10.9,12.8,57.2,12.5
221,Joe Johnson,MIA,35,6-7,240,Arkansas,USA,2001,1,10,81.0,12.2,3.6,3.9,-0.9,1.9,9.2,17.8,53.8,17.2
222,Joe Young,IND,24,6-2,180,Oregon,USA,2015,2,43,41.0,3.8,1.2,1.6,-4.4,1.5,10.6,23.3,42.8,26.1
223,Joel Anthony,DET,33,6-9,245,UNLV,Canada,Undrafted,Undrafted,Undrafted,19.0,0.9,1.1,0.1,-11.0,7.7,13.5,7.1,66.6,2.0
224,Joffrey Lauvergne,DEN,24,6-11,220,None,France,2013,2,55,59.0,7.9,4.9,0.9,-9.8,7.3,20.4,19.6,56.7,9.3
225,John Henson,MIL,25,6-11,229,North Carolina,USA,2012,1,14,57.0,7.0,3.9,0.9,-6.8,9.2,13.3,18.8,58.0,9.6
226,John Jenkins,PHX,25,6-4,215,Vanderbilt,USA,2012,1,23,43.0,4.1,1.3,0.8,-6.9,1.5,9.4,16.7,52.2,11.1
227,John Wall,WAS,25,6-4,195,Kentucky,USA,2010,1,1,77.0,19.9,4.9,10.2,1.7,1.5,12.2,28.0,51.0,44.9
228,Johnny O'Bryant III,MIL,23,6-9,257,Louisiana State,USA,2014,2,36,66.0,3.0,2.7,0.5,-6.9,7.9,13.3,13.5,44.1,5.7
229,Jon Leuer,PHX,27,6-10,228,Wisconsin,USA,2011,2,40,67.0,8.5,5.6,1.1,-2.2,5.8,23.0,19.5,55.5,9.0
230,Jonas Jerebko,BOS,29,6-10,231,None,Sweden,2009,2,39,78.0,4.4,3.7,0.8,3.0,6.0,17.0,13.3,53.1,7.8
231,Jonas Valanciunas,TOR,24,7-0,255,None,Lithuania,2011,1,5,60.0,12.8,9.1,0.7,3.7,12.5,24.5,20.4,61.0,4.5
232,Jonathon Simmons,SAS,26,6-6,195,Houston,USA,2012,0,0,55.0,6.0,1.7,1.1,6.3,2.2,9.9,18.3,58.6,10.8
233,Jordan Adams,MEM,21,6-5,209,UCLA,USA,2014,1,22,2.0,3.5,1.0,1.5,14.8,0.0,16.7,28.6,42.7,27.3
234,Jordan Clarkson,LAL,24,6-5,194,Missouri,USA,2014,2,46,79.0,15.5,4.0,2.4,-12.1,3.3,8.6,22.5,51.6,13.9
235,Jordan Farmar,MEM,29,6-2,180,UCLA,USA,2006,1,26,12.0,9.2,2.1,3.1,-11.7,1.2,8.5,17.8,52.7,19.8
236,Jordan Hamilton,NOP,25,6-7,220,Texas-Austin,USA,2011,1,26,11.0,11.4,5.6,2.3,-10.0,3.9,17.2,20.3,49.9,12.8
237,Jordan Hill,IND,28,6-10,235,Arizona,USA,2009,1,8,73.0,8.8,6.2,1.2,1.3,10.0,18.6,20.1,53.4,9.6
238,Jordan McRae,CLE,25,6-5,179,Tennessee,USA,2014,2,58,22.0,4.5,0.9,1.1,12.7,2.1,7.5,24.4,54.8,21.6
239,Jordan Mickey,BOS,21,6-8,235,Louisiana State,USA,2015,2,33,16.0,1.3,0.8,0.1,5.8,9.1,11.1,19.3,39.8,3.0
240,Jorge Gutierrez,CHA,27,6-3,189,California,Mexico,Undrafted,Undrafted,Undrafted,12.0,1.8,0.6,1.4,4.4,0.0,9.2,14.8,69.4,39.5
241,Jose Calderon,NYK,34,6-3,200,None,Spain,Undrafted,Undrafted,Undrafted,72.0,7.6,3.2,4.1,-1.7,1.1,9.8,12.4,57.1,21.3
242,Josh Huestis,OKC,24,6-7,230,Stanford,USA,2014,1,29,5.0,2.8,2.0,0.0,4.6,3.8,13.8,13.5,50.9,0.0
243,Josh McRoberts,MIA,29,6-10,240,Duke,USA,2007,2,37,42.0,3.6,2.5,1.9,0.6,3.9,13.9,14.8,45.3,20.4
244,Josh Richardson,MIA,22,6-6,200,Tennessee,USA,2015,2,40,52.0,6.6,2.1,1.4,1.8,2.0,7.5,13.4,56.9,9.8
245,Josh Smith,HOU,30,6-9,225,None,USA,2004,1,17,55.0,6.0,3.5,1.6,-4.7,5.3,15.4,22.1,43.9,17.2
246,Jrue Holiday,NOP,26,6-4,205,UCLA,USA,2009,1,17,65.0,16.8,3.0,6.0,0.6,1.4,9.4,28.3,52.9,36.5
247,Julius Randle,LAL,21,6-9,250,Kentucky,USA,2014,1,7,81.0,11.3,10.2,1.8,-14.1,6.9,29.2,20.9,48.2,11.1
248,Justin Anderson,DAL,22,6-6,228,Virginia,USA,2015,1,21,55.0,3.8,2.4,0.5,1.4,2.6,16.7,15.2,52.2,7.1
249,Justin Harper,BKN,26,6-10,225,Richmond,USA,2011,2,32,5.0,2.6,0.2,0.0,-48.8,0.0,3.8,16.7,59.7,0.0
250,Justin Holiday,CHI,27,6-6,185,Washington,USA,Undrafted,Undrafted,Undrafted,53.0,4.5,1.7,1.1,-4.0,1.5,9.8,16.0,48.9,11.1
251,Justise Winslow,MIA,20,6-7,225,Duke,USA,2015,1,10,78.0,6.4,5.2,1.5,2.4,3.8,14.0,12.2,48.9,7.7
252,Jusuf Nurkic,DEN,21,7-0,280,None,Bosnia and Herzegovina,2014,1,16,32.0,8.2,5.5,1.3,-0.6,11.3,20.0,26.6,46.0,12.3
253,KJ McDaniels,HOU,23,6-6,205,Clemson,USA,2014,2,32,37.0,2.4,1.1,0.3,14.9,6.7,9.1,17.9,52.2,5.9
254,Karl-Anthony Towns,MIN,20,7-0,244,Kentucky,USA,2015,1,1,82.0,18.3,10.5,2.0,-2.5,9.2,24.2,24.3,59.0,10.8
255,Kawhi Leonard,SAS,25,6-7,230,San Diego State,USA,2011,1,15,72.0,21.2,6.8,2.6,14.1,4.2,16.4,25.2,61.6,12.8
256,Keith Appling,ORL,24,6-1,185,Michigan State,USA,Undrafted,Undrafted,Undrafted,5.0,1.2,0.2,0.2,27.6,0.0,3.7,20.0,33.8,5.9
257,Kelly Olynyk,BOS,25,7-0,238,Gonzaga,Canada,2013,1,13,69.0,10.0,4.1,1.5,6.8,4.7,13.8,20.4,56.1,11.9
258,Kelly Oubre Jr.,WAS,20,6-7,205,Kansas,USA,2015,1,15,63.0,3.7,2.1,0.2,-2.6,3.5,15.5,16.6,50.7,2.9
259,Kemba Walker,CHA,26,6-1,184,Connecticut,USA,2011,1,9,81.0,20.9,4.4,5.2,3.8,1.9,10.2,26.1,55.4,25.3
260,Kendall Marshall,PHI,24,6-4,200,North Carolina,USA,2012,1,13,30.0,3.7,0.9,2.4,-13.1,0.5,6.7,17.9,44.9,26.6
261,Kendrick Perkins,NOP,31,6-10,270,None,USA,2003,1,27,37.0,2.5,3.5,0.8,-6.0,4.8,19.6,10.3,52.9,7.7
262,Kenneth Faried,DEN,26,6-8,228,Morehead State,USA,2011,1,22,67.0,12.5,8.7,1.2,-3.5,13.2,21.0,20.3,57.7,7.7
263,Kent Bazemore,ATL,26,6-5,201,Old Dominion,USA,Undrafted,Undrafted,Undrafted,75.0,11.6,5.1,2.3,2.3,1.3,15.6,19.5,55.1,12.7
264,Kentavious Caldwell-Pope,DET,23,6-5,205,Georgia,USA,2013,1,8,76.0,14.5,3.7,1.8,2.6,2.3,7.7,17.7,52.1,7.5
265,Kevin Durant,OKC,27,6-9,240,Texas,USA,2007,1,2,72.0,28.2,8.2,5.0,11.6,1.8,18.8,29.8,63.4,23.0
266,Kevin Garnett,MIN,40,6-11,240,None,USA,1995,1,5,38.0,3.2,3.9,1.6,4.6,2.8,23.5,11.4,49.1,16.4
267,Kevin Love,CLE,27,6-10,251,UCLA,USA,2008,1,5,77.0,16.0,9.9,2.4,8.8,6.4,25.8,23.3,55.3,11.9
268,Kevin Martin,SAS,33,6-7,199,Western Carolina,USA,2004,1,26,55.0,9.3,2.0,1.1,-5.4,1.3,9.0,21.7,52.0,8.9
269,Kevin Seraphin,NYK,26,6-10,278,None,France,2010,1,17,48.0,3.9,2.6,1.0,-7.6,5.6,17.2,21.9,43.5,15.7
270,Kevon Looney,GSW,20,6-9,220,UCLA,USA,2015,1,30,5.0,1.8,2.0,0.0,-46.8,15.4,35.3,14.0,64.3,0.0
271,Khris Middleton,MIL,24,6-8,234,Texas A&M,USA,2012,2,39,79.0,18.2,3.8,4.2,-0.8,1.6,9.1,22.4,56.0,18.3
272,Kirk Hinrich,ATL,35,6-4,190,Kansas,USA,2003,1,7,46.0,3.0,1.5,1.6,1.3,1.2,9.3,11.3,50.4,17.3
273,Klay Thompson,GSW,26,6-7,215,Washington State,USA,2011,1,11,80.0,22.1,3.8,2.1,14.6,1.4,9.0,26.0,59.7,9.4
274,Kobe Bryant,LAL,37,6-6,212,None,USA,1996,1,13,66.0,17.6,3.7,2.8,-14.8,2.0,11.1,31.4,46.9,18.3
275,Kosta Koufos,SAC,27,7-0,265,Ohio State,USA,2008,1,23,78.0,6.8,5.4,0.4,-6.6,10.7,17.0,15.2,54.0,3.4
276,Kostas Papanikolaou,DEN,25,6-8,235,None,Greece,2012,2,48,26.0,2.6,1.5,0.6,-2.4,2.7,10.7,14.1,46.4,7.7
277,Kris Humphries,ATL,31,6-9,235,Minnesota,USA,2004,1,14,53.0,6.5,4.1,0.7,-4.3,6.4,19.0,18.9,51.7,6.8
278,Kristaps Porzingis,NYK,20,7-3,240,None,Latvia,2015,1,4,72.0,14.3,7.3,1.3,0.3,6.3,18.4,24.3,51.8,7.6
279,Kyle Anderson,SAS,22,6-9,230,UCLA,USA,2014,1,30,78.0,4.5,3.1,1.6,8.6,2.2,17.9,14.3,52.8,14.0
280,Kyle Korver,ATL,35,6-7,212,Creighton,USA,2003,2,51,80.0,9.2,3.3,2.1,7.2,0.6,9.6,13.2,57.7,9.5
281,Kyle Lowry,TOR,30,6-0,205,Villanova,USA,2006,1,24,77.0,21.2,4.7,6.4,6.4,2.0,11.1,25.6,57.8,29.3
282,Kyle O'Quinn,NYK,26,6-10,250,Norfolk State,USA,2012,2,49,65.0,4.8,3.8,1.1,-3.9,9.7,20.8,20.6,52.0,16.1
283,Kyle Singler,OKC,28,6-8,228,Duke,USA,2011,2,33,68.0,3.4,2.1,0.4,-0.6,4.8,8.7,11.3,48.1,3.5
284,Kyrie Irving,CLE,24,6-3,193,Duke,Australia,2011,1,1,53.0,19.6,3.0,4.7,5.8,2.6,7.1,28.5,54.0,25.3
285,LaMarcus Aldridge,SAS,30,6-11,240,Texas-Austin,USA,2006,1,2,74.0,18.0,8.5,1.5,11.7,8.4,19.9,25.8,56.5,8.1
286,Lamar Patterson,ATL,24,6-5,225,Pittsburgh,USA,2014,2,48,35.0,2.4,1.4,1.1,4.2,1.0,12.2,12.3,46.8,13.4
287,Lance Stephenson,MEM,25,6-5,230,Cincinnati,USA,2010,2,40,69.0,8.3,3.2,1.9,-2.5,2.9,13.5,19.4,54.8,15.2
288,Lance Thomas,NYK,28,6-8,235,Duke,USA,Undrafted,Undrafted,Undrafted,59.0,8.2,2.2,0.9,-0.6,2.7,6.9,16.6,55.7,6.6
289,Langston Galloway,NYK,24,6-2,200,St. Joseph's (PA),USA,Undrafted,Undrafted,Undrafted,82.0,7.6,3.5,2.5,-2.6,2.0,11.5,15.1,49.0,16.1
290,Larry Nance Jr.,LAL,23,6-9,230,Wyoming,USA,2015,1,27,63.0,5.5,5.0,0.7,-3.4,7.6,16.5,12.4,54.4,5.5
291,Lavoy Allen,IND,27,6-9,255,Temple,USA,2011,2,50,79.0,5.4,5.4,1.0,6.0,10.1,15.9,12.8,53.2,7.0
292,LeBron James,CLE,31,6-8,250,None,USA,2003,1,1,76.0,25.3,7.4,6.8,11.4,4.2,16.7,30.5,58.8,33.9
293,Leandro Barbosa,GSW,33,6-3,194,None,Brazil,2003,1,28,68.0,6.4,1.7,1.2,2.6,2.5,7.9,17.4,54.5,11.2
294,Lorenzo Brown,DET,25,6-5,189,North Carolina State,USA,2013,2,52,8.0,2.5,0.9,1.4,-24.5,0.0,14.6,24.8,37.4,30.6
295,Lou Amundson,NYK,33,6-9,220,UNLV,USA,Undrafted,Undrafted,Undrafted,29.0,1.8,1.7,0.4,-11.1,9.8,11.8,16.6,40.1,10.7
296,Lou Williams,LAL,29,6-1,175,None,USA,2005,2,45,67.0,15.3,2.5,2.5,-10.2,1.5,7.2,22.1,58.4,14.9
297,Luc Mbah a Moute,LAC,29,6-8,230,UCLA,Cameroon,2008,2,37,75.0,3.1,2.3,0.4,8.3,4.9,8.1,9.5,49.8,3.2
298,Lucas Nogueira,TOR,23,7-0,220,None,Brazil,2013,1,16,29.0,2.2,1.6,0.2,4.3,7.9,11.7,12.0,64.2,4.4
299,Luis Montero,POR,23,6-7,185,Westchester C.C.,Dominican Republic,Undrafted,Undrafted,Undrafted,12.0,1.2,0.3,0.1,-47.8,0.0,10.8,25.5,33.7,6.7
300,Luis Scola,TOR,36,6-9,240,None,Argentina,2002,2,55,76.0,8.7,4.7,0.9,-1.9,5.2,17.9,19.0,52.3,6.6
301,Luke Babbitt,NOP,27,6-9,225,Nevada-Reno,USA,2010,1,16,47.0,7.0,3.1,1.1,-2.5,2.8,14.7,16.8,52.6,9.2
302,Luol Deng,MIA,31,6-9,220,Duke,United Kingdom,2004,1,7,74.0,12.3,6.0,1.9,0.5,4.7,13.9,16.8,54.9,8.7
303,Manu Ginobili,SAS,38,6-6,205,None,Argentina,1999,2,57,58.0,9.6,2.5,3.1,14.6,2.5,10.1,22.7,57.3,23.4
304,Marc Gasol,MEM,31,7-1,255,None,Spain,2007,2,48,52.0,16.6,7.0,3.8,0.1,3.3,17.9,23.7,52.8,19.5
305,Marcelo Huertas,LAL,33,6-3,200,None,Brazil,Undrafted,Undrafted,Undrafted,53.0,4.5,1.7,3.4,1.7,2.0,8.2,16.1,48.8,32.7
306,Marcin Gortat,WAS,32,6-11,240,None,Poland,2005,2,57,75.0,13.5,9.9,1.4,1.3,9.6,22.6,18.6,59.2,7.2
307,Marco Belinelli,SAC,30,6-5,210,None,Italy,2007,1,18,68.0,10.2,1.7,1.9,-5.7,0.6,6.4,19.3,50.0,11.7
308,Marcus Morris Sr.,DET,26,6-9,235,Kansas,USA,2011,1,14,80.0,14.1,5.1,2.5,2.4,3.0,11.4,18.2,53.1,10.7
309,Marcus Smart,BOS,22,6-4,220,Oklahoma State,USA,2014,1,6,61.0,9.1,4.2,3.0,2.5,4.1,10.2,16.8,46.3,16.2
310,Marcus Thornton,WAS,29,6-4,205,Louisiana State,USA,2009,2,43,61.0,9.7,2.5,1.4,0.8,3.2,9.9,23.5,51.1,12.5
311,Mario Chalmers,MIA,30,6-2,190,Kansas,USA,2008,2,34,61.0,10.3,2.6,3.8,2.3,1.8,9.7,21.4,56.1,27.0
312,Mario Hezonja,ORL,21,6-8,218,None,Croatia,2015,1,5,79.0,6.1,2.2,1.4,-0.1,1.9,10.8,16.6,54.1,11.3
313,Markel Brown,BKN,24,6-3,190,Oklahoma State,USA,2014,2,44,62.0,5.9,2.0,1.5,-11.0,2.3,10.6,18.3,50.0,14.2
314,Markieff Morris,WAS,26,6-10,245,Kansas,USA,2011,1,13,64.0,12.0,5.5,1.9,-2.3,4.3,17.7,24.0,48.9,12.5
315,Marreese Speights,GSW,28,6-10,255,Florida,USA,2008,1,16,72.0,7.1,3.3,0.8,1.1,9.2,18.2,29.3,50.6,12.6
316,Marvin Williams,CHA,30,6-9,237,North Carolina,USA,2005,1,2,81.0,11.7,6.4,1.4,5.0,5.3,16.5,16.6,58.5,7.4
317,Mason Plumlee,POR,26,6-11,235,Duke,USA,2013,1,22,82.0,9.1,7.7,2.8,1.6,9.6,20.3,17.1,56.4,16.1
318,Matt Barnes,MEM,36,6-7,226,UCLA,USA,2002,2,45,76.0,10.0,5.5,2.1,-4.5,3.6,16.0,17.5,50.3,11.7
319,Matt Bonner,SAS,36,6-10,235,Florida,USA,2003,2,45,30.0,2.5,0.9,0.3,14.0,1.8,11.9,14.0,64.7,6.1
320,Matthew Dellavedova,CLE,25,6-4,198,St. Mary's,Australia,Undrafted,Undrafted,Undrafted,76.0,7.5,2.1,4.4,10.3,1.8,6.8,15.5,52.7,26.5
321,Maurice Harkless,POR,23,6-9,215,"St. John's, N.Y.",USA,2012,1,15,78.0,6.4,3.6,0.9,1.3,6.8,11.7,15.3,54.1,6.8
322,Metta World Peace,LAL,36,6-7,260,St. John's,USA,1999,1,16,35.0,5.0,2.5,0.8,-4.9,2.9,11.2,16.2,43.5,7.8
323,Meyers Leonard,POR,24,7-1,245,Illinois,USA,2012,1,11,61.0,8.4,5.1,1.5,3.2,3.7,19.2,17.4,56.1,10.3
324,Michael Beasley,HOU,27,6-10,235,Kansas State,USA,2008,1,2,20.0,12.8,4.9,0.8,-8.3,7.3,17.3,28.4,56.3,8.6
325,Michael Carter-Williams,MIL,24,6-6,190,Syracuse,USA,2013,1,11,54.0,11.5,5.1,5.2,-3.6,3.0,13.8,20.6,49.7,26.4
326,Michael Kidd-Gilchrist,CHA,22,6-7,232,Kentucky,USA,2012,1,2,7.0,12.7,6.4,1.3,13.9,5.8,14.6,17.3,60.3,6.9
327,Mike Conley,MEM,28,6-1,175,Ohio State,USA,2007,1,4,56.0,15.3,2.9,6.1,1.2,1.5,8.2,22.5,53.8,32.4
328,Mike Dunleavy,CHI,35,6-9,230,Duke,USA,2002,1,3,31.0,7.2,2.7,1.3,-5.2,1.1,10.5,14.1,54.3,7.6
329,Mike Miller,DEN,36,6-8,218,Florida,USA,2000,1,5,47.0,1.3,1.1,0.9,-13.9,1.4,12.7,8.9,50.8,15.9
330,Mike Muscala,ATL,24,6-11,240,Bucknell,USA,2013,2,44,60.0,3.3,2.0,0.6,-3.0,6.8,13.8,15.2,57.6,9.9
331,Mike Scott,ATL,27,6-8,237,Virginia,USA,2012,2,43,75.0,6.2,2.7,1.0,5.2,4.6,12.6,17.1,57.5,10.6
332,Miles Plumlee,MIL,27,6-11,249,Duke,USA,2012,1,26,61.0,5.1,3.8,0.3,-5.6,10.9,15.3,15.1,60.6,3.0
333,Mirza Teletovic,PHX,30,6-9,242,None,Bosnia and Herzegovina,Undrafted,Undrafted,Undrafted,79.0,12.2,3.8,1.1,-4.6,3.0,14.6,22.9,57.1,8.8
334,Mitch McGary,OKC,24,6-10,255,Michigan,USA,2014,1,21,20.0,1.3,0.9,0.2,-34.4,5.5,20.0,19.2,47.4,7.1
335,Mo Williams,CLE,33,6-1,198,Alabama,USA,2003,2,47,41.0,8.2,1.8,2.4,-3.5,0.8,8.7,22.2,52.7,23.1
336,Monta Ellis,IND,30,6-3,185,None,USA,2005,2,40,81.0,13.8,3.3,4.7,1.8,1.5,8.0,20.8,50.4,22.2
337,Montrezl Harrell,HOU,22,6-8,240,Louisville,USA,2015,2,32,39.0,3.6,1.7,0.4,4.9,6.6,9.8,14.1,63.5,6.7
338,Myles Turner,IND,20,6-11,243,Texas,USA,2015,1,11,60.0,10.3,5.5,0.7,-2.5,4.9,18.2,20.7,53.1,5.0
339,Nate Robinson,NOP,32,5-9,180,Washington,USA,2005,1,21,2.0,0.0,0.0,2.0,-38.5,0.0,0.0,1.8,0.0,28.6
340,Nazr Mohammed,OKC,38,6-10,250,Kentucky,USA,1998,1,29,5.0,1.6,0.8,0.0,-7.1,5.3,14.3,20.0,68.0,0.0
341,Nemanja Bjelica,MIN,28,6-10,240,None,Serbia,2010,2,35,60.0,5.1,3.5,1.4,-5.7,4.7,15.6,12.3,59.4,11.5
342,Nene,WAS,33,6-11,250,None,Brazil,2002,1,7,57.0,9.2,4.5,1.7,1.3,4.9,19.9,21.8,56.4,14.5
343,Nerlens Noel,PHI,22,6-11,228,Kentucky,USA,2013,1,6,67.0,11.1,8.1,1.8,-10.8,7.5,19.5,18.7,54.4,10.7
344,Nick Collison,OKC,35,6-10,255,Kansas,USA,2003,1,12,59.0,2.1,2.9,0.9,2.3,9.5,14.1,10.5,49.8,10.3
345,Nick Young,LAL,31,6-7,210,Southern California,USA,2007,1,16,54.0,7.3,1.8,0.6,-9.6,1.3,8.1,18.2,48.3,5.8
346,Nicolas Batum,CHA,27,6-8,200,None,France,2008,1,25,70.0,14.9,6.1,5.8,4.0,2.2,14.8,20.9,54.6,26.2
347,Nik Stauskas,PHI,22,6-6,205,Michigan,Canada,2014,1,8,73.0,8.5,2.5,1.9,-11.0,1.2,8.9,16.3,51.7,11.9
348,Nikola Jokic,DEN,21,6-10,250,None,Serbia,2014,2,41,80.0,10.0,7.0,2.4,2.4,9.9,22.3,19.4,58.2,17.6
349,Nikola Mirotic,CHI,25,6-10,220,None,Montenegro,2011,1,23,66.0,11.8,5.5,1.5,0.7,3.5,17.4,20.9,56.4,9.5
350,Nikola Pekovic,MIN,30,6-11,307,None,Montenegro,2008,2,31,12.0,4.5,1.8,0.9,-19.9,4.8,9.8,20.4,45.9,13.1
351,Nikola Vucevic,ORL,25,7-0,260,Southern California,Montenegro,2011,1,16,65.0,18.2,8.9,2.8,-1.2,8.4,20.3,26.5,53.1,15.4
352,Noah Vonleh,POR,20,6-9,240,Indiana,USA,2014,1,9,78.0,3.6,3.9,0.4,-1.8,7.4,18.4,13.0,47.1,3.7
353,Norman Powell,TOR,23,6-4,215,UCLA,USA,2015,2,46,49.0,5.6,2.3,1.0,4.8,2.3,12.9,17.4,54.1,10.2
354,Norris Cole,NOP,27,6-2,175,Cleveland State,USA,2011,1,28,45.0,10.6,3.4,3.7,-4.5,0.8,12.2,21.2,46.5,21.9
355,O.J. Mayo,MIL,28,6-5,210,Southern California,USA,2008,1,3,41.0,7.8,2.6,2.9,-2.2,1.2,8.2,16.5,47.4,15.6
356,Omer Asik,NOP,29,7-0,255,None,Turkey,2008,2,36,68.0,4.0,6.1,0.4,-8.8,9.5,25.8,11.4,55.1,3.2
357,Omri Casspi,SAC,28,6-9,225,None,Israel,2009,1,23,69.0,11.8,5.9,1.4,1.0,3.0,17.6,17.4,58.7,7.4
358,Orlando Johnson,NOP,27,6-5,220,Cal-Santa Barbara,USA,2012,2,36,7.0,3.7,2.1,0.3,-18.3,3.1,11.5,16.7,34.6,3.1
359,Otto Porter Jr.,WAS,23,6-8,198,Georgetown,USA,2013,1,3,75.0,11.6,5.2,1.6,1.5,4.2,13.2,15.9,56.4,7.6
360,P.J. Tucker,PHX,31,6-6,245,Texas,USA,2006,2,35,82.0,8.0,6.2,2.2,-6.4,6.2,13.8,12.5,50.6,10.4
361,PJ Hairston,MEM,23,6-6,230,North Carolina,USA,2014,1,26,66.0,6.2,2.6,0.6,-5.9,1.8,11.9,16.1,47.0,4.5
362,Pablo Prigioni,LAC,39,6-3,185,None,Argentina,Undrafted,Undrafted,Undrafted,59.0,2.5,1.9,2.2,-4.1,4.5,9.2,10.8,48.2,23.5
363,Pat Connaughton,POR,23,6-5,206,Notre Dame,USA,2015,2,41,34.0,1.1,0.9,0.3,-5.0,7.1,12.6,17.8,35.2,11.5
364,Patrick Beverley,HOU,27,6-1,185,Arkansas,USA,2009,2,42,71.0,9.9,3.5,3.4,3.5,3.5,8.7,15.3,55.3,17.5
365,Patrick Patterson,TOR,27,6-9,235,Kentucky,USA,2010,1,14,79.0,6.9,4.3,1.2,9.2,4.0,12.8,12.7,53.4,7.0
366,Patty Mills,SAS,27,6-0,185,St. Mary's,Australia,2009,2,55,81.0,8.5,2.0,2.8,12.1,1.7,7.8,18.9,54.1,19.7
367,Pau Gasol,CHI,35,7-0,250,None,Spain,2001,1,3,72.0,16.5,11.0,4.1,-0.2,6.5,24.9,24.4,52.9,21.5
368,Paul George,IND,26,6-9,220,Fresno State,USA,2010,1,10,81.0,23.1,7.0,4.1,2.8,2.7,16.5,29.6,55.7,20.3
369,Paul Millsap,ATL,31,6-8,246,Louisiana Tech,USA,2006,2,47,81.0,17.1,9.0,3.3,4.0,7.5,18.9,23.8,55.6,16.2
370,Paul Pierce,LAC,38,6-7,235,Kansas,USA,1998,1,10,68.0,6.1,2.7,1.0,1.2,1.0,13.5,17.7,48.9,8.8
371,Phil Pressey,POR,25,5-11,175,Missouri,USA,Undrafted,Undrafted,Undrafted,23.0,3.3,1.3,3.3,-6.4,0.9,9.5,17.4,43.3,39.5
372,Quincy Acy,SAC,25,6-7,240,Baylor,USA,2012,2,37,59.0,5.2,3.2,0.5,-6.0,7.1,13.9,12.8,62.9,4.5
373,RJ Hunter,BOS,22,6-5,185,Georgia State,USA,2015,1,28,36.0,2.7,1.0,0.4,-4.2,0.6,11.3,15.0,48.0,6.8
374,Rajon Rondo,SAC,30,6-1,186,Kentucky,USA,2006,1,21,72.0,11.9,6.0,11.7,-2.8,3.0,13.6,18.6,50.6,47.3
375,Rakeem Christmas,IND,24,6-9,250,Syracuse,USA,2015,2,36,1.0,4.0,1.0,0.0,-76.9,25.0,0.0,14.3,100,0.0
376,Ramon Sessions,WAS,30,6-3,190,Nevada-Reno,USA,2007,2,56,82.0,9.9,2.5,2.9,-1.4,1.5,10.8,21.4,56.5,22.8
377,Randy Foye,OKC,32,6-4,213,Villanova,USA,2006,1,7,81.0,5.9,1.9,2.0,1.0,1.4,7.6,15.7,46.1,14.4
378,Rashad Vaughn,MIL,19,6-6,202,UNLV,USA,2015,1,17,70.0,3.1,1.3,0.6,-8.1,1.1,7.7,13.0,39.8,5.5
379,Rasual Butler,SAS,37,6-7,215,La Salle,USA,2002,2,52,46.0,2.7,1.2,0.5,7.3,0.8,11.8,12.3,55.8,7.9
380,Raul Neto,UTA,24,6-1,179,None,Brazil,2013,2,47,81.0,5.9,1.5,2.1,3.3,1.2,7.1,17.2,53.0,19.0
381,Ray McCallum,SAS,25,6-3,190,Detroit,USA,2013,2,36,41.0,3.3,1.1,1.5,2.1,1.6,8.3,16.4,44.9,18.5
382,Raymond Felton,DAL,32,6-1,205,North Carolina,USA,2005,1,5,80.0,9.5,3.2,3.6,-1.6,1.7,9.9,17.9,50.2,20.5
383,Reggie Bullock,DET,25,6-7,205,North Carolina,USA,2013,1,25,37.0,3.3,1.8,0.7,-7.3,3.0,13.6,11.3,58.3,10.0
384,Reggie Jackson,DET,26,6-3,208,Boston College,USA,2011,1,24,79.0,18.8,3.2,6.2,2.5,2.2,8.3,28.3,53.5,34.4
385,Richard Jefferson,CLE,36,6-7,233,Arizona,USA,2001,1,13,74.0,5.5,1.7,0.8,-1.4,1.1,8.5,13.3,58.5,7.0
386,Richaun Holmes,PHI,22,6-10,245,Bowling Green,USA,2015,2,37,51.0,5.6,2.6,0.6,-3.6,8.5,10.4,17.1,56.4,7.3
387,Ricky Rubio,MIN,25,6-4,194,None,Spain,2009,1,5,76.0,10.1,4.3,8.7,0.5,1.8,12.4,17.3,52.9,40.2
388,Robert Covington,PHI,25,6-9,215,Tennessee State,USA,Undrafted,Undrafted,Undrafted,67.0,12.8,6.3,1.4,-7.0,3.1,18.7,20.9,54.3,8.3
389,Robert Sacre,LAL,27,7-0,270,Gonzaga,Canada,2012,2,60,25.0,3.5,2.9,0.6,-4.1,8.6,12.4,13.9,47.4,7.2
390,Robin Lopez,NYK,28,7-0,255,Stanford,USA,2008,1,15,82.0,10.3,7.3,1.4,-2.2,12.0,14.5,17.4,57.4,8.3
391,Rodney Hood,UTA,23,6-8,206,Duke,USA,2014,1,23,79.0,14.5,3.4,2.7,3.1,1.6,9.5,21.5,54.2,14.2
392,Rodney Stuckey,IND,30,6-5,205,Eastern Washington,USA,2007,1,15,58.0,8.9,2.7,2.4,-0.3,1.5,10.3,20.2,50.4,17.9
393,Rondae Hollis-Jefferson,BKN,21,6-7,220,Arizona,USA,2015,1,23,29.0,5.8,5.3,1.5,-3.2,6.1,17.9,13.1,51.9,10.0
394,Ronnie Price,PHX,33,6-2,190,Utah Valley,USA,Undrafted,Undrafted,Undrafted,62.0,5.3,1.6,2.4,-2.3,1.9,6.0,13.5,51.7,18.7
395,Roy Hibbert,LAL,29,7-2,270,Georgetown,USA,2008,1,17,81.0,5.9,4.9,1.2,-17.9,6.4,13.9,13.0,50.7,8.2
396,Rudy Gay,SAC,29,6-8,230,Connecticut,USA,2006,1,8,70.0,17.2,6.5,1.7,-1.5,4.3,14.5,22.2,53.8,7.8
397,Rudy Gobert,UTA,24,7-1,245,None,France,2013,1,27,61.0,9.1,11.0,1.5,4.9,11.5,24.2,14.3,58.2,7.3
398,Russ Smith,MEM,25,6-0,165,Louisville,USA,2014,2,47,15.0,1.5,0.6,0.7,-25.3,1.5,12.9,21.9,41.5,31.4
399,Russell Westbrook,OKC,27,6-3,200,UCLA,USA,2008,1,4,80.0,23.5,7.8,10.4,11.3,5.4,16.0,31.1,55.4,46.8
400,Ryan Anderson,NOP,28,6-10,240,California,USA,2008,1,21,66.0,17.0,6.0,1.1,0.2,6.2,13.6,23.8,54.6,5.9
401,Ryan Hollins,MEM,31,7-0,240,UCLA,USA,2006,2,50,37.0,3.4,2.6,0.3,-14.7,9.3,12.4,11.6,63.6,3.4
402,Ryan Kelly,LAL,25,6-11,230,Duke,USA,2013,2,48,36.0,4.2,3.4,0.6,1.2,4.0,20.2,17.3,44.0,7.0
403,Salah Mejri,DAL,30,7-2,245,None,Tunisia,Undrafted,Undrafted,Undrafted,34.0,3.7,3.6,0.3,5.5,10.5,19.0,13.8,63.6,3.8
404,Sam Dekker,HOU,22,6-9,230,Wisconsin,USA,2015,1,18,3.0,0.0,0.3,0.0,1.6,0.0,16.7,0.0,0.0,0.0
405,Sasha Kaun,CLE,31,6-11,260,Kansas,Russia,2008,2,56,25.0,0.9,1.0,0.1,-6.8,12.1,13.7,11.9,52.7,5.2
406,Sasha Vujacic,NYK,32,6-7,195,None,Slovenia,2004,1,27,61.0,4.9,2.4,1.4,-1.4,2.6,13.2,15.9,50.3,14.6
407,Sean Kilpatrick,BKN,26,6-4,219,Cincinnati,USA,Undrafted,Undrafted,Undrafted,31.0,11.1,1.8,0.9,-11.0,1.8,7.4,22.7,57.6,7.8
408,Serge Ibaka,OKC,26,6-10,245,None,Republic of the Congo,2008,1,24,78.0,12.6,6.8,0.8,10.2,5.7,14.3,17.4,53.3,3.7
409,Sergey Karasev,BKN,22,6-7,208,None,Russia,2013,1,19,40.0,2.4,1.5,0.9,0.3,2.2,13.1,11.7,56.2,11.4
410,Seth Curry,SAC,25,6-2,185,Duke,USA,Undrafted,Undrafted,Undrafted,44.0,6.8,1.4,1.5,-2.3,1.3,7.1,17.2,60.3,14.8
411,Shabazz Muhammad,MIN,23,6-6,223,UCLA,USA,2013,1,14,82.0,10.5,3.3,0.6,-7.8,6.2,10.2,22.2,54.8,5.5
412,Shabazz Napier,ORL,24,6-1,175,Connecticut,USA,2014,1,24,55.0,3.7,1.0,1.8,-4.6,1.5,7.7,19.6,46.0,25.3
413,Shane Larkin,BKN,23,5-11,175,Miami,USA,2013,1,18,78.0,7.3,2.3,4.4,-9.7,1.6,9.2,17.2,51.5,30.0
414,Shaun Livingston,GSW,30,6-7,192,None,USA,2004,1,4,78.0,6.3,2.2,3.0,6.8,2.8,7.8,14.0,58.1,22.2
415,Shayne Whittington,IND,25,6-11,250,Western Michigan,USA,Undrafted,Undrafted,Undrafted,7.0,1.6,1.7,0.4,-8.1,10.6,17.1,17.2,46.3,12.0
416,Shelvin Mack,UTA,26,6-3,203,Butler,USA,2011,2,34,52.0,8.6,2.5,3.6,4.9,1.3,11.1,22.9,50.7,29.2
417,Solomon Hill,IND,25,6-7,225,Arizona,USA,2013,1,23,59.0,4.2,2.8,1.0,3.7,4.3,13.6,12.8,54.3,9.3
418,Sonny Weems,PHX,29,6-6,205,Arkansas,USA,2008,2,39,43.0,2.5,1.2,1.1,-8.1,1.2,9.8,12.9,45.9,14.8
419,Spencer Dinwiddie,CHI,23,6-6,200,Colorado,USA,2014,2,38,12.0,4.8,1.4,1.8,-19.1,2.1,8.3,20.7,42.3,29.7
420,Spencer Hawes,CHA,28,7-1,245,Washington,USA,2007,1,10,57.0,6.0,4.3,1.9,1.8,4.7,17.5,16.8,50.8,17.1
421,Stanley Johnson,DET,20,6-7,245,Arizona,USA,2015,1,8,73.0,8.1,4.2,1.6,-3.6,3.1,14.7,19.1,46.0,11.3
422,Stephen Curry,GSW,28,6-3,190,Davidson,USA,2009,1,7,79.0,30.1,5.4,6.7,17.7,2.6,11.7,31.4,66.9,31.5
423,Steve Blake,DET,36,6-3,172,Maryland,USA,2003,2,38,58.0,4.4,1.5,3.4,-3.3,0.8,8.3,14.3,51.0,31.1
424,Steve Novak,MIL,33,6-10,225,Marquette,USA,2006,2,32,10.0,2.4,0.5,0.0,1.9,0.0,9.6,16.2,65.1,0.0
425,Steven Adams,OKC,22,7-0,255,Pittsburgh,New Zealand,2013,1,12,80.0,8.0,6.7,0.8,11.9,10.9,14.2,12.5,62.1,4.2
426,T.J. McConnell,PHI,24,6-2,200,Arizona,USA,2015,0,,81.0,6.1,3.1,4.5,-8.1,2.6,13.4,16.7,51.1,36.0
427,T.J. Warren,PHX,22,6-8,230,North Carolina State,USA,2014,1,14,47.0,11.0,3.1,0.9,-4.7,5.0,8.8,19.5,54.9,6.8
428,Taj Gibson,CHI,31,6-9,225,Southern California,USA,2009,1,26,73.0,8.6,6.9,1.5,-3.1,10.4,14.0,14.4,55.6,8.3
429,Tarik Black,LAL,24,6-9,250,Kansas,USA,Undrafted,Undrafted,Undrafted,39.0,3.4,4.0,0.4,3.4,8.6,22.8,13.0,53.7,5.3
430,Tayshaun Prince,MIN,36,6-9,212,Kentucky,USA,2002,1,23,77.0,2.9,1.9,1.0,-4.0,2.2,7.8,8.1,46.6,7.3
431,Terrence Jones,HOU,24,6-9,252,Kentucky,USA,2012,1,18,50.0,8.7,4.2,0.8,-10.3,5.6,14.8,19.0,51.9,6.9
432,Terrence Ross,TOR,25,6-7,195,Washington,USA,2012,1,8,73.0,9.9,2.5,0.8,6.0,1.2,9.2,17.8,55.1,5.3
433,Terry Rozier,BOS,22,6-2,190,Louisville,USA,2015,1,16,39.0,1.8,1.6,0.9,-7.5,6.2,11.8,16.8,32.6,19.9
434,Thabo Sefolosha,ATL,32,6-7,220,None,Switzerland,2006,1,13,75.0,6.4,4.5,1.4,1.5,3.0,15.0,12.1,57.9,9.3
435,Thaddeus Young,BKN,28,6-8,221,Georgia Tech,USA,2007,1,12,73.0,15.1,9.0,1.9,-4.6,7.6,20.8,21.7,53.3,9.4
436,Thanasis Antetokounmpo,NYK,23,6-7,205,None,Greece,2014,2,51,2.0,3.0,0.5,0.0,-35.2,0.0,11.1,28.6,75.0,0.0
437,Thomas Robinson,BKN,25,6-10,237,Kansas,USA,2012,1,5,71.0,4.3,5.1,0.6,-13.6,13.4,25.5,18.6,45.3,8.0
438,Tiago Splitter,ATL,31,6-11,245,None,Brazil,2007,1,28,36.0,5.6,3.3,0.8,8.3,8.1,12.6,15.0,57.1,7.7
439,Tibor Pleiss,UTA,26,7-3,256,None,Germany,2010,2,31,12.0,2.0,1.3,0.2,-10.4,8.7,11.8,18.6,46.4,4.3
440,Tim Duncan,SAS,40,6-11,250,Wake Forest,US Virgin Islands,1997,1,1,61.0,8.6,7.3,2.7,13.6,7.9,21.2,17.1,52.3,15.3
441,Tim Frazier,NOP,25,6-1,170,Penn State,USA,Undrafted,Undrafted,Undrafted,51.0,5.1,2.2,3.2,-1.8,3.5,11.1,19.2,49.9,33.9
442,Tim Hardaway Jr.,ATL,24,6-6,205,Michigan,USA,2013,1,24,51.0,6.4,1.7,1.0,6.6,0.8,8.4,15.9,56.3,8.9
443,Timofey Mozgov,CLE,29,7-1,275,None,Russia,Undrafted,Undrafted,Undrafted,76.0,6.3,4.4,0.4,0.6,8.7,16.8,16.0,59.3,3.9
444,Tobias Harris,DET,23,6-9,235,Tennessee,USA,2011,1,19,76.0,14.7,6.7,2.2,0.5,3.8,16.6,19.2,56.0,10.6
445,Toney Douglas,NOP,30,6-2,195,Florida State,USA,2009,1,29,61.0,8.7,2.3,2.6,-5.1,1.9,9.9,18.9,54.3,18.8
446,Tony Allen,MEM,34,6-4,213,Oklahoma State,USA,2004,1,25,64.0,8.4,4.6,1.1,-1.4,6.3,12.8,16.7,50.5,6.8
447,Tony Parker,SAS,34,6-2,185,None,France,2001,1,28,72.0,11.9,2.4,5.3,10.7,0.9,8.0,21.1,54.6,29.4
448,Tony Snell,CHI,24,6-7,200,New Mexico,USA,2013,1,20,64.0,5.3,3.1,1.0,4.1,1.4,11.7,13.4,47.8,7.0
449,Tony Wroten,NYK,23,6-6,205,Washington,USA,2012,1,25,8.0,8.4,2.6,2.5,-23.1,1.3,13.0,32.0,41.2,27.4
450,Trevor Ariza,HOU,31,6-8,215,UCLA,USA,2004,2,43,81.0,12.7,4.5,2.3,0.3,2.3,10.6,15.6,55.1,10.0
451,Trevor Booker,UTA,28,6-8,228,Clemson,USA,2010,1,23,79.0,5.9,5.7,1.1,3.5,10.2,17.8,14.1,53.3,8.3
452,Trey Burke,UTA,23,6-1,191,Michigan,USA,2013,1,9,64.0,10.6,1.8,2.3,-0.4,1.3,7.0,24.2,50.7,20.1
453,Trey Lyles,UTA,20,6-10,234,Kentucky,Canada,2015,1,12,80.0,6.1,3.7,0.7,-1.7,4.3,18.0,17.8,51.7,7.2
454,Tristan Thompson,CLE,25,6-9,238,University of Texas at Austin,Canada,2011,1,4,82.0,7.8,9.0,0.8,8.7,11.6,20.9,11.4,61.1,4.0
455,Troy Daniels,CHA,24,6-4,205,Va Commonwealth,USA,Undrafted,Undrafted,Undrafted,43.0,5.6,1.3,0.5,-5.1,1.4,10.3,19.5,63.4,8.3
456,Ty Lawson,IND,28,5-11,195,North Carolina,USA,2009,1,18,66.0,5.7,1.8,3.6,-5.7,1.7,6.4,14.5,47.6,25.1
457,Tyler Ennis,MIL,21,6-3,194,Syracuse,Canada,2014,1,18,46.0,4.5,1.6,2.1,-5.8,2.0,9.7,16.8,51.0,22.5
458,Tyler Hansbrough,CHA,30,6-9,250,North Carolina,USA,2009,1,13,44.0,2.4,2.0,0.2,-4.1,10.8,14.8,14.4,52.2,3.8
459,Tyler Johnson,MIA,24,6-4,186,Fresno State,USA,Undrafted,Undrafted,Undrafted,36.0,8.7,3.0,2.2,0.7,3.4,9.1,16.7,57.9,15.1
460,Tyler Zeller,BOS,26,7-0,253,North Carolina,USA,2012,1,17,60.0,6.1,3.0,0.5,-4.3,8.0,14.8,22.5,53.9,7.3
461,Tyreke Evans,NOP,26,6-6,220,Memphis,USA,2009,1,4,25.0,15.2,5.2,6.6,-0.3,2.6,14.2,25.4,53.4,36.6
462,Tyson Chandler,PHX,33,7-1,240,None,USA,2001,1,2,66.0,7.2,8.7,1.0,-11.5,10.3,25.1,12.6,60.6,6.4
463,Tyus Jones,MIN,20,6-2,195,Duke,USA,2015,1,24,37.0,4.2,1.3,2.9,-10.7,1.2,7.3,15.1,45.0,27.8
464,Udonis Haslem,MIA,36,6-8,235,Florida,USA,Undrafted,Undrafted,Undrafted,37.0,1.6,2.0,0.4,-3.1,4.3,26.0,13.1,43.4,8.0
465,Victor Oladipo,ORL,24,6-4,210,Indiana,USA,2013,1,2,72.0,16.0,4.8,3.9,-0.4,2.0,12.1,22.4,53.4,18.2
466,Vince Carter,MEM,39,6-6,220,North Carolina,USA,1998,1,5,60.0,6.6,2.4,0.9,-1.6,2.9,11.7,17.7,52.0,8.9
467,Wayne Ellington,BKN,28,6-4,200,North Carolina,USA,2009,1,28,76.0,7.7,2.3,1.1,-10.0,1.2,9.6,17.2,49.8,8.2
468,Wesley Johnson,LAC,28,6-7,215,Syracuse,USA,2010,1,4,80.0,6.9,3.1,0.6,2.7,2.2,12.1,15.3,51.3,4.5
469,Wesley Matthews,DAL,29,6-5,220,Marquette,USA,Undrafted,Undrafted,Undrafted,78.0,12.5,3.1,1.9,2.0,1.0,8.0,17.1,53.2,8.8
470,Will Barton,DEN,25,6-6,175,Memphis,USA,2012,2,40,82.0,14.4,5.8,2.5,-3.1,2.4,17.7,22.6,53.5,14.7
471,Willie Cauley-Stein,SAC,22,7-0,240,Kentucky,USA,2015,1,6,66.0,7.0,5.3,0.6,-1.2,9.4,15.0,13.1,58.8,3.8
472,Willie Reed,BKN,26,6-10,220,St. Louis,USA,2011,0,0,39.0,4.7,3.1,0.3,-7.2,11.3,17.4,17.5,57.9,3.9
473,Xavier Munford,MEM,24,6-3,180,Rhode Island,USA,2014,,,14.0,5.7,2.2,1.6,-5.1,1.1,12.9,16.8,48.1,13.6
474,Zach LaVine,MIN,21,6-5,189,UCLA,USA,2014,1,13,82.0,14.0,2.8,3.1,-6.2,1.2,8.9,22.8,54.8,18.7
475,Zach Randolph,MEM,34,6-9,260,Michigan State,USA,2001,1,19,68.0,15.3,7.8,2.1,-1.1,8.8,18.7,24.7,51.9,12.5
476,Zaza Pachulia,DAL,32,6-11,275,None,Georgia,2003,2,42,76.0,8.6,9.4,1.7,0.1,12.4,23.7,16.3,55.0,10.1
