,Player,Team,Age,Height,Weight,COLLEGE,COUNTRY,DRAFT YEAR,DRAFT ROUND,DRAFT NUMBER,GP,PTS,REB,AST,NETRTG,OREB%,DREB%,USG%,TS%,AST%
0,,,,,,,,,,,,,,,,,,,,
1,A.J. Guyton,GSW,25,6-1,180,Indiana,USA,2000,2,32,2.0,0.0,0.0,1.0,-12.5,0.0,0.0,26.3,0.0,40.0
2,Aaron McKie,PHI,30,6-5,209,Temple,USA,1994,1,17,80.0,9.0,4.4,3.5,4.7,2.6,12.8,15.5,49.7,18.5
3,Aaron Williams,NJN,31,6-9,240,Xavier,USA,Undrafted,Undrafted,Undrafted,81.0,6.2,4.1,1.1,1.9,8.7,11.9,16.2,50.4,9.2
4,Adam Harrington,DEN,22,6-5,200,Auburn,USA,Undrafted,Undrafted,Undrafted,19.0,1.6,0.4,0.6,-12.7,0.8,7.1,16.3,38.7,17.6
5,Adonal Foyle,GSW,28,6-10,265,Colgate,St. Vincent & Grenadines,1997,1,8,82.0,5.4,6.0,0.5,2.6,9.8,16.1,11.1,56.3,3.2
6,Adrian Griffin,DAL,28,6-5,230,Seton Hall,USA,Undrafted,Undrafted,Undrafted,74.0,4.4,3.6,1.4,7.4,6.3,12.9,12.9,46.3,11.1
7,Al Harrington,IND,23,6-9,250,None,USA,1998,1,25,82.0,12.2,6.2,1.5,3.1,6.6,14.4,21.5,49.3,8.9
8,Alan Henderson,ATL,30,6-9,240,Indiana,USA,1995,1,16,82.0,4.8,4.9,0.5,-7.5,10.5,15.7,13.1,50.8,4.6
9,Allan Houston,NYK,32,6-6,200,Tennessee,USA,1993,1,11,82.0,22.5,2.8,2.7,-0.5,0.8,7.0,26.2,56.3,12.9
10,Allen Iverson,PHI,28,6-0,165,Georgetown,USA,1996,1,1,82.0,27.6,4.2,5.5,2.7,2.0,8.5,32.4,50.0,24.8
11,Alton Ford,PHX,22,6-9,280,Houston,USA,2001,2,50,11.0,0.6,0.5,0.1,-9.6,0.0,19.4,17.4,33.9,7.1
12,Alvin Williams,TOR,28,6-5,185,Villanova,USA,1997,2,47,78.0,13.2,3.1,5.3,-5.0,2.0,7.7,19.3,50.8,26.6
13,Amal McCaskill,ATL,29,6-11,245,Marquette,USA,1996,2,49,11.0,1.0,2.0,0.5,-15.8,9.0,20.5,12.7,29.3,11.9
14,Amar'e Stoudemire,PHX,20,6-10,245,None,USA,2002,1,9,82.0,13.5,8.8,1.0,0.6,9.6,18.2,21.1,53.0,5.0
15,Andre Miller,LAC,27,6-2,200,Utah,USA,1999,1,8,80.0,13.6,4.0,6.7,-4.8,2.9,7.9,19.9,49.5,30.9
16,Andrei Kirilenko,UTA,22,6-9,225,None,Russia,1999,1,24,80.0,12.0,5.3,1.7,2.1,7.3,12.8,18.9,59.8,11.0
17,Andrew DeClercq,ORL,30,6-10,255,Florida,USA,1995,2,34,77.0,4.7,4.4,0.7,5.1,10.6,15.5,13.5,56.2,6.1
18,Anfernee Hardaway,PHX,31,6-7,215,Memphis,USA,1993,1,3,58.0,10.6,4.4,4.1,1.0,3.8,10.8,19.0,49.9,21.0
19,Ansu Sesay,SEA,26,6-9,225,Mississippi,USA,1998,2,30,45.0,2.1,1.6,0.5,-9.4,7.0,8.3,14.2,40.4,9.7
20,Antawn Jamison,GSW,27,6-9,223,North Carolina,USA,1998,1,4,82.0,22.2,7.0,1.9,-2.1,5.7,11.3,24.1,54.2,8.5
21,Anthony Carter,MIA,28,6-2,195,Hawaii,USA,Undrafted,Undrafted,Undrafted,49.0,4.1,1.7,4.1,-7.4,1.3,8.1,16.9,39.0,36.6
22,Anthony Goldwire,WAS,31,6-2,182,Houston,USA,1994,2,52,15.0,1.7,0.4,0.3,-25.3,0.0,6.7,17.3,44.5,10.0
23,Anthony Johnson,NJN,28,6-3,190,College of Charleston,USA,1997,2,39,66.0,4.1,1.2,1.3,0.3,1.6,7.8,16.5,51.2,18.3
24,Anthony Mason,MIL,36,6-8,255,Tennessee State,USA,1988,3,53,65.0,7.2,6.4,3.2,-3.7,4.5,16.2,11.6,52.4,15.0
25,Anthony Peeler,MIN,33,6-4,208,Missouri,USA,1992,1,15,82.0,7.7,2.9,3.0,1.3,1.8,8.6,14.2,49.9,15.8
26,Antoine Rigaudeau,DAL,31,6-7,210,None,France,Undrafted,Undrafted,Undrafted,11.0,1.5,0.7,0.5,-33.0,4.0,4.7,20.4,24.3,12.8
27,Antoine Walker,BOS,26,6-9,245,Kentucky,USA,1996,1,6,78.0,20.1,7.2,4.8,0.7,3.0,14.8,27.5,46.7,22.6
28,Antonio Daniels,POR,28,6-4,205,Bowling Green,USA,1997,1,4,67.0,3.7,1.1,1.3,-1.1,1.3,7.4,13.0,57.2,15.5
29,Antonio Davis,TOR,34,6-9,230,Texas-El Paso,USA,1990,2,45,53.0,13.9,8.2,2.5,-2.4,6.7,16.6,21.4,48.3,11.5
30,Antonio Harvey,ATL,32,6-11,250,Pfeiffer,USA,Undrafted,Undrafted,Undrafted,4.0,1.0,1.5,0.0,-5.9,3.1,14.3,9.5,40.0,0.0
31,Art Long,TOR,30,6-9,250,Cincinnati,USA,Undrafted,Undrafted,Undrafted,26.0,2.3,2.3,0.2,-14.4,9.3,18.4,19.4,37.8,5.6
32,Arvydas Sabonis,POR,38,7-3,292,None,Lithuania,1986,1,24,78.0,6.1,4.3,1.8,8.4,7.9,21.7,19.1,54.9,18.5
33,Austin Croshere,IND,28,6-10,242,Providence,USA,1997,1,12,49.0,5.1,3.2,1.1,1.8,6.1,17.8,18.8,53.0,15.6
34,Avery Johnson,DAL,38,5-11,180,Southern,USA,Undrafted,Undrafted,Undrafted,48.0,3.3,0.6,1.3,-4.5,2.3,4.7,20.5,46.7,26.4
35,Baron Davis,NOH,24,6-3,223,UCLA,USA,1999,1,3,50.0,17.1,3.7,6.4,5.1,3.0,7.1,24.0,50.0,30.2
36,Ben Wallace,DET,28,6-9,240,Virginia Union,USA,Undrafted,Undrafted,Undrafted,73.0,6.9,15.4,1.6,4.6,10.8,30.4,10.1,48.6,6.9
37,Bimbo Coles,BOS,35,6-2,182,Virginia Tech,USA,1990,2,40,35.0,4.4,1.7,2.1,-7.8,1.5,7.1,13.8,41.3,18.1
38,Bo Outlaw,PHX,32,6-8,220,Houston,USA,Undrafted,Undrafted,Undrafted,80.0,4.7,4.6,1.4,5.9,7.6,12.4,10.1,57.4,9.4
39,Bob Sura,GSW,30,6-5,200,Florida State,USA,1995,1,17,55.0,7.3,3.0,3.2,-0.2,5.1,9.1,18.1,51.0,24.7
40,Bobby Jackson,SAC,30,6-1,185,Minnesota,USA,1997,1,23,59.0,15.2,3.7,3.1,5.3,3.3,8.9,23.4,56.1,18.7
41,Bobby Simmons,WAS,23,6-6,235,DePaul,USA,2001,2,41,36.0,3.3,2.1,0.6,-1.7,8.9,13.1,16.0,47.1,8.3
42,Bonzi Wells,POR,26,6-5,210,Ball State,USA,1998,1,11,75.0,15.2,5.3,3.3,2.8,4.4,12.8,25.4,50.5,18.1
43,Bostjan Nachbar,HOU,22,6-9,221,None,Slovenia,2002,1,15,14.0,2.1,0.8,0.2,-8.2,3.8,9.4,22.3,41.0,7.9
44,Brad Miller,IND,27,7-0,261,Purdue,USA,Undrafted,Undrafted,Undrafted,73.0,13.1,8.3,2.6,6.1,8.5,17.8,18.4,57.9,14.0
45,Brandon Armstrong,NJN,23,6-5,185,Pepperdine,USA,2001,1,23,17.0,1.4,0.2,0.1,-8.5,0.0,6.0,20.6,40.5,6.1
46,Brandon Williams,ATL,28,6-6,215,Davidson,USA,Undrafted,Undrafted,Undrafted,6.0,0.3,0.3,0.0,-9.2,7.4,0.0,20.0,14.3,0.0
47,Brendan Haywood,WAS,23,7-0,268,North Carolina,USA,2001,1,20,81.0,6.2,5.0,0.4,0.6,10.6,11.3,12.5,56.1,2.4
48,Brent Barry,SEA,31,6-6,203,Oregon State,USA,1995,1,15,75.0,10.3,4.0,5.1,0.4,2.0,11.0,14.6,59.7,24.1
49,Brevin Knight,MEM,27,5-10,170,Stanford,USA,1997,1,16,55.0,3.9,1.5,4.2,-4.5,1.6,7.3,16.1,44.2,40.3
50,Brian Cardinal,WAS,26,6-8,245,Purdue,USA,2000,2,44,5.0,0.8,1.0,0.2,43.6,27.3,11.1,16.2,41.0,10.0
51,Brian Grant,MIA,31,6-9,254,Xavier,USA,1994,1,8,82.0,10.3,10.2,1.3,-5.8,9.3,24.4,15.8,55.2,7.0
52,Brian Scalabrine,NJN,25,6-9,240,Southern California,USA,2001,2,34,59.0,3.1,2.4,0.8,-0.3,5.4,14.6,14.0,48.7,10.3
53,Brian Shaw,LAL,37,6-6,200,California-Santa Barbara,USA,1988,1,24,72.0,3.5,1.7,1.4,-4.6,2.1,11.0,15.5,46.7,18.9
54,Brian Skinner,PHI,27,6-9,265,Baylor,USA,1998,1,22,77.0,6.0,4.8,0.2,-1.0,10.0,18.2,14.7,57.4,2.4
55,Bruce Bowen,SAS,32,6-7,200,California State-Fullerton,USA,Undrafted,Undrafted,Undrafted,82.0,7.1,2.9,1.4,8.2,2.6,6.8,10.7,56.3,6.8
56,Bruno Sundov,BOS,23,7-2,246,None,Croatia,1998,2,35,26.0,1.2,1.1,0.3,-30.7,5.1,15.7,20.9,28.1,9.7
57,Bryce Drew,NOH,28,6-3,184,Valparaiso,USA,1998,1,16,13.0,1.5,1.0,0.8,10.0,4.2,10.5,16.1,35.2,22.0
58,Bryon Russell,WAS,32,6-7,225,Long Beach State,USA,1993,2,45,70.0,4.5,3.0,1.0,-3.7,3.1,12.6,13.0,46.8,8.9
59,Calbert Cheaney,UTA,31,6-7,217,Indiana,USA,1993,1,6,81.0,8.6,3.5,2.0,4.9,3.6,9.4,15.7,51.4,11.3
60,Calvin Booth,SEA,27,6-11,231,Penn State,USA,1999,2,35,47.0,2.9,2.3,0.3,2.5,5.7,13.0,13.2,49.4,3.3
61,Carlos Arroyo,UTA,23,6-2,202,Florida International,Puerto Rico,Undrafted,Undrafted,Undrafted,44.0,2.8,0.6,1.2,-3.8,4.2,5.4,22.9,51.0,31.9
62,Carlos Boozer,CLE,21,6-9,280,Duke,USA,2002,2,34,81.0,10.0,7.5,1.3,-11.3,9.5,20.4,16.9,57.7,9.0
63,Caron Butler,MIA,23,6-7,217,Connecticut,USA,2002,1,10,78.0,15.4,5.1,2.7,-7.3,4.7,9.8,22.4,50.2,14.0
64,Casey Jacobsen,PHX,22,6-6,215,Stanford,USA,2002,1,22,72.0,5.1,1.2,1.0,4.9,2.4,4.7,16.2,49.3,10.1
65,Cezary Trybanski,MEM,23,7-2,240,None,Poland,Undrafted,Undrafted,Undrafted,15.0,0.9,0.9,0.1,-7.5,6.1,8.9,15.6,28.7,2.1
66,Charles Oakley,WAS,39,6-9,248,Virginia Union,USA,1985,1,9,42.0,1.8,2.5,1.0,1.6,7.2,15.1,8.5,52.9,12.7
67,Charles Smith,POR,27,6-4,200,New Mexico,USA,1997,1,26,3.0,1.7,0.0,0.3,20.0,0.0,0.0,19.4,43.4,8.3
68,Charlie Ward,NYK,32,6-2,185,Florida State,USA,1994,1,26,66.0,7.2,2.7,4.6,2.5,1.7,10.8,16.3,54.0,32.6
69,Chauncey Billups,DET,26,6-3,202,Colorado,USA,1997,1,3,74.0,16.2,3.7,3.9,4.2,1.7,10.9,23.7,58.2,23.8
70,Cherokee Parks,LAC,30,6-11,240,Duke,USA,1995,1,12,30.0,6.3,4.4,0.7,-14.5,7.1,14.6,13.9,52.3,5.5
71,Chris Andersen,DEN,24,6-10,220,Blinn J.C.,USA,Undrafted,Undrafted,Undrafted,59.0,5.2,4.6,0.5,-6.7,11.0,18.6,19.1,44.0,6.6
72,Chris Childs,NJN,35,6-3,195,Boise State,USA,Undrafted,Undrafted,Undrafted,12.0,1.3,0.4,1.3,-2.6,2.7,2.2,11.0,35.2,24.2
73,Chris Crawford,ATL,28,6-9,235,Marquette,USA,1997,2,50,5.0,4.8,1.4,0.2,-1.0,10.0,10.0,23.8,72.6,5.3
74,Chris Dudley,POR,38,6-11,260,Yale,USA,1987,4,75,3.0,0.0,0.7,0.0,-45.9,16.7,0.0,4.3,0.0,0.0
75,Chris Jefferies,TOR,23,6-8,215,Fresno State,USA,2002,1,27,51.0,3.9,1.2,0.4,-8.8,2.3,6.8,17.1,46.3,5.7
76,Chris Mihm,CLE,23,7-0,265,Texas-Austin,USA,2000,1,7,52.0,5.9,4.4,0.5,-7.6,10.9,16.9,20.2,46.2,6.0
77,Chris Mills,GSW,33,6-7,220,Arizona,USA,1993,1,22,21.0,4.8,2.4,1.0,1.0,6.9,12.0,20.2,44.3,13.8
78,Chris Owens,MEM,24,6-7,245,Texas-Austin,USA,2002,2,47,1.0,4.0,1.0,0.0,50.0,33.3,0.0,28.6,66.7,0.0
79,Chris Webber,SAC,30,6-10,245,Michigan,USA,1993,1,1,67.0,23.0,10.5,5.4,7.5,6.2,19.1,30.0,48.5,23.8
80,Chris Whitney,ORL,31,6-0,175,Clemson,USA,1993,2,47,51.0,7.0,1.3,2.8,-10.6,0.3,6.6,18.7,46.8,24.5
81,Chris Wilcox,LAC,20,6-10,221,Maryland,USA,2002,1,8,46.0,3.7,2.3,0.5,3.6,7.0,14.1,17.7,52.8,7.6
82,Christian Laettner,WAS,33,6-11,245,Duke,USA,1992,1,3,76.0,8.3,6.6,3.1,-0.6,5.5,18.1,14.2,54.5,17.5
83,Chucky Atkins,DET,28,5-11,160,South Florida,USA,Undrafted,Undrafted,Undrafted,65.0,7.1,1.5,2.7,5.0,1.5,5.6,18.7,47.5,22.0
84,Clar. Weatherspoon,NYK,32,6-7,270,Southern Mississippi,USA,1992,1,9,79.0,6.6,7.6,0.9,-1.8,10.5,19.8,12.7,52.2,5.3
85,Clifford Robinson,DET,36,6-10,225,Connecticut,USA,1989,2,36,81.0,12.2,3.9,3.3,3.4,3.0,9.0,20.2,47.7,17.5
86,Corey Benjamin,ATL,25,6-6,200,Oregon State,USA,1998,1,28,9.0,4.4,3.4,1.1,-4.7,5.9,13.0,15.9,40.0,12.2
87,Corey Maggette,LAC,23,6-6,228,Duke,USA,1999,1,13,64.0,16.8,5.0,1.9,-6.6,3.8,12.1,24.0,56.4,11.2
88,Corie Blount,CHI,34,6-10,242,Cincinnati,USA,1993,1,25,50.0,3.0,4.1,1.0,0.9,8.6,16.2,10.2,50.2,8.7
89,Corliss Williamson,DET,29,6-7,245,Arkansas,USA,1995,1,13,82.0,12.0,4.4,1.3,9.0,7.3,10.6,24.5,51.5,9.9
90,Courtney Alexander,NOH,26,6-5,205,Fresno State,USA,2000,1,13,66.0,7.9,1.8,1.2,-0.8,2.8,5.9,20.9,45.9,10.5
91,Cuttino Mobley,HOU,27,6-4,210,Rhode Island,USA,1998,2,41,73.0,17.5,4.2,2.8,2.1,2.4,7.7,20.0,53.7,12.1
92,Dajuan Wagner,CLE,20,6-3,200,Memphis,USA,2002,1,6,47.0,13.4,1.7,2.8,-9.7,1.4,4.4,23.5,46.6,16.9
93,Dale Davis,POR,34,6-11,252,Clemson,USA,1991,1,13,78.0,7.4,7.2,1.2,2.7,11.0,15.1,11.9,56.6,6.4
94,Dalibor Bagaric,CHI,22,7-1,290,None,Croatia,2000,1,24,10.0,1.9,2.0,0.4,5.3,8.0,17.8,18.5,34.2,10.3
95,Damon Jones,SAC,26,6-3,185,Houston,USA,Undrafted,Undrafted,Undrafted,49.0,4.6,1.4,1.6,2.8,1.5,7.7,15.3,50.5,16.6
96,Damon Stoudamire,POR,29,5-10,171,Arizona,USA,1995,1,7,59.0,6.9,2.6,3.5,4.6,3.2,9.2,18.4,46.0,24.6
97,Damone Brown,TOR,24,6-8,202,Syracuse,USA,2001,2,36,5.0,5.6,3.0,0.6,-2.8,2.7,8.8,17.3,36.3,5.1
98,Dan Dickau,ATL,24,6-0,190,Gonzaga,USA,2002,1,28,50.0,3.7,0.9,1.7,-13.8,1.7,6.9,19.6,50.4,29.2
99,Dan Gadzuric,MIL,25,6-11,240,UCLA,Netherlands,2002,2,33,49.0,3.4,4.0,0.2,-2.3,8.8,17.7,11.7,49.8,1.8
100,Dan Langhi,PHX,25,6-11,220,Vanderbilt,USA,2000,2,31,60.0,3.1,1.5,0.4,9.8,3.4,12.7,18.6,43.4,6.1
101,Danny Ferry,SAS,36,6-10,235,Duke,USA,1989,1,2,65.0,1.8,1.2,0.3,0.7,3.4,9.2,11.4,45.9,5.5
102,Danny Fortson,GSW,27,6-8,260,Cincinnati,USA,1997,1,10,17.0,3.5,4.3,0.7,-6.2,12.2,19.2,15.8,44.2,8.7
103,Danny Manning,DET,37,6-10,234,Kansas,USA,1988,1,1,13.0,2.6,1.4,0.5,1.8,7.1,13.8,20.6,49.1,15.2
104,Darius Miles,CLE,21,6-9,210,None,USA,2000,1,3,67.0,9.2,5.4,2.6,-10.5,5.4,12.2,18.9,43.5,14.8
105,Darrell Armstrong,ORL,35,6-1,180,Fayetteville State,USA,Undrafted,Undrafted,Undrafted,82.0,9.4,3.6,3.9,0.3,3.8,9.0,16.2,53.0,21.9
106,Darvin Ham,ATL,29,6-7,230,Texas Tech,USA,Undrafted,Undrafted,Undrafted,75.0,2.4,2.0,0.5,-1.7,8.1,8.2,12.3,46.4,6.9
107,David Robinson,SAS,37,7-1,250,Navy,USA,1987,1,1,64.0,8.5,7.9,1.0,10.5,10.7,19.8,16.6,53.1,5.7
108,David Wesley,NOH,32,6-1,203,Baylor,USA,Undrafted,Undrafted,Undrafted,73.0,16.7,2.4,3.4,2.9,1.4,5.3,21.0,53.3,15.9
109,DeSagana Diop,CLE,21,7-0,300,None,Senegal,2001,1,8,80.0,1.5,2.7,0.5,-11.1,6.2,16.3,10.1,35.6,6.9
110,DeShawn Stevenson,UTA,22,6-5,210,None,USA,2000,1,23,61.0,4.6,1.4,0.7,-11.9,2.9,8.6,20.9,44.4,9.9
111,Dean Oliver,GSW,24,5-11,175,Iowa,USA,Undrafted,Undrafted,Undrafted,15.0,1.5,1.1,1.5,-9.6,7.8,7.9,17.6,33.8,41.8
112,Derek Anderson,POR,28,6-5,195,Kentucky,USA,1997,1,13,76.0,13.9,3.5,4.3,4.7,2.2,8.6,18.9,55.6,20.4
113,Derek Fisher,LAL,28,6-1,205,Arkansas-Little Rock,USA,1996,1,24,82.0,10.5,2.9,3.6,4.6,1.4,7.0,14.3,52.0,15.7
114,Derrick Coleman,PHI,36,6-10,270,Syracuse,USA,1990,1,1,64.0,9.4,7.0,1.4,7.0,8.8,17.8,17.2,52.5,8.2
115,Desmond Mason,MIL,25,6-5,222,Oklahoma State,USA,2000,1,17,80.0,14.3,6.5,2.0,0.2,5.6,13.8,20.7,50.2,9.9
116,Devean George,LAL,25,6-8,225,Augsburg,USA,1999,1,23,71.0,6.9,4.0,1.3,2.2,5.5,12.3,15.5,48.5,9.2
117,Devin Brown,DEN,24,6-5,235,Texas-San Antonio,USA,Undrafted,Undrafted,Undrafted,10.0,3.0,1.8,0.7,-8.6,7.5,10.2,20.8,38.9,13.5
118,Dikembe Mutombo,NJN,37,7-2,265,Georgetown,Congo,1991,1,4,24.0,5.8,6.4,0.8,10.0,10.6,18.4,16.1,44.5,5.5
119,Dion Glover,ATL,24,6-5,228,Georgia Tech,USA,1999,1,20,76.0,9.7,3.7,1.9,0.1,3.6,11.0,19.8,51.2,12.7
120,Dirk Nowitzki,DAL,25,7-0,245,None,Germany,1998,1,9,80.0,25.1,9.9,3.0,12.9,2.6,22.1,26.9,58.1,12.9
121,Don Reid,DET,29,6-8,250,Georgetown,USA,1995,2,58,1.0,1.0,0.0,0.0,-20.8,0.0,0.0,17.4,12.9,0.0
122,Donnell Harvey,DEN,22,6-8,220,Florida,USA,2000,1,22,77.0,7.9,5.3,1.3,-10.9,7.6,18.7,20.7,48.6,12.5
123,Donny Marshall,NJN,30,6-7,230,Connecticut,USA,1995,2,39,3.0,0.0,1.0,0.0,-53.8,0.0,37.5,28.6,0.0,0.0
124,Donyell Marshall,CHI,30,6-9,230,Connecticut,USA,1994,1,4,78.0,13.4,9.0,1.8,-5.1,9.7,18.8,21.1,51.3,9.9
125,Doug Christie,SAC,33,6-6,205,Pepperdine,USA,1992,1,17,80.0,9.4,4.3,4.7,9.6,2.3,9.5,12.3,59.0,18.5
126,Drew Gooden,ORL,21,6-10,230,Kansas,USA,2002,1,4,70.0,12.5,6.5,1.2,-3.9,8.9,15.9,24.1,50.3,7.6
127,Earl Boykins,GSW,27,5-5,133,Eastern Michigan,USA,Undrafted,Undrafted,Undrafted,68.0,8.8,1.3,3.3,2.5,2.6,3.8,20.0,54.3,27.8
128,Earl Watson,MEM,24,6-1,190,UCLA,USA,2001,2,39,79.0,5.5,2.1,2.8,-0.7,3.4,8.9,16.9,50.5,27.7
129,Eddie Griffin,HOU,21,6-10,232,Seton Hall,USA,2001,1,7,77.0,8.6,6.0,1.1,4.2,7.5,16.7,19.3,46.2,7.7
130,Eddie House,MIA,25,6-1,180,Arizona State,USA,2000,2,37,55.0,7.5,1.8,1.6,-5.9,1.5,8.6,22.3,44.7,16.8
131,Eddie Jones,MIA,31,6-6,210,Temple,USA,1994,1,10,47.0,18.5,4.8,3.7,-3.3,1.9,11.4,22.5,55.1,18.4
132,Eddie Robinson,CHI,27,6-9,210,Central Oklahoma,USA,Undrafted,Undrafted,Undrafted,64.0,5.7,3.1,1.0,-3.1,5.6,8.9,12.6,53.1,7.5
133,Eddy Curry,CHI,20,6-11,285,None,USA,2001,1,4,81.0,10.5,4.4,0.5,-4.9,7.7,14.9,23.4,60.7,4.1
134,Eduardo Najera,DAL,26,6-8,235,Oklahoma,Mexico,2000,2,38,48.0,6.7,4.6,1.0,13.7,8.4,11.5,12.0,59.0,6.0
135,Efthimios Rentzias,PHI,27,6-11,250,None,Greece,1996,1,23,35.0,1.5,0.7,0.2,-5.0,6.1,13.2,19.0,41.3,8.6
136,Elden Campbell,SEA,34,7-0,279,Clemson,USA,1990,1,27,56.0,6.1,3.2,0.9,3.7,5.8,15.5,22.5,48.3,11.1
137,Elton Brand,LAC,24,6-8,265,Duke,USA,1999,1,1,62.0,18.5,11.3,2.5,-2.5,11.7,16.6,22.0,54.3,11.9
138,Emanual Davis,ATL,34,6-5,195,Delaware State,USA,Undrafted,Undrafted,Undrafted,24.0,3.7,1.8,1.5,-8.8,1.6,10.3,16.1,45.0,18.8
139,Eric Piatkowski,LAC,32,6-6,215,Nebraska,USA,1994,1,15,62.0,9.7,2.5,1.1,0.4,3.3,8.1,17.8,60.1,8.7
140,Eric Snow,PHI,30,6-3,204,Michigan State,USA,1995,2,43,82.0,12.9,3.7,6.6,2.0,2.3,8.0,16.5,54.6,27.8
141,Eric Williams,BOS,30,6-8,220,Providence,USA,1995,1,14,82.0,9.1,4.7,1.7,1.2,6.0,10.4,15.3,53.8,10.3
142,Erick Dampier,GSW,27,6-11,265,Mississippi State,USA,1996,1,10,82.0,8.2,6.6,0.7,-4.0,11.8,14.3,15.7,54.3,4.5
143,Erick Strickland,IND,29,6-3,210,Nebraska,USA,Undrafted,Undrafted,Undrafted,71.0,6.5,2.0,2.9,1.9,1.8,9.2,18.1,54.7,27.9
144,Ervin Johnson,MIL,35,6-11,255,New Orleans,USA,1993,1,23,69.0,2.2,4.3,0.3,0.4,10.4,15.1,7.5,49.2,3.0
145,Etan Thomas,WAS,25,6-10,260,Syracuse,USA,2000,1,12,38.0,4.8,4.3,0.1,-1.3,13.0,18.9,17.4,55.0,1.0
146,Evan Eschmeyer,DAL,28,6-11,255,Northwestern,USA,1999,2,34,17.0,1.0,1.7,0.4,-7.4,6.7,12.9,8.7,40.9,7.4
147,Flip Murray,SEA,23,6-4,190,Shaw,USA,2002,2,41,14.0,1.9,0.3,0.4,0.6,0.0,6.2,29.5,39.1,14.3
148,Frank Williams,NYK,23,6-3,205,Illinois,USA,2002,1,25,21.0,1.3,0.9,1.6,-23.8,1.7,10.0,14.4,39.3,37.4
149,Fred Hoiberg,CHI,30,6-5,210,Iowa State,USA,1995,2,52,63.0,2.3,2.2,1.1,0.8,1.4,15.5,9.4,48.6,13.1
150,Fred Jones,IND,24,6-2,218,Oregon,USA,2002,1,14,19.0,1.2,0.5,0.3,-2.7,3.4,3.8,12.3,44.6,7.8
151,Gary Payton,MIL,34,6-4,180,Oregon State,USA,1990,1,2,80.0,20.4,4.2,8.3,-0.7,2.4,8.4,25.6,50.4,36.6
152,Gary Trent,MIN,28,6-8,250,Ohio,USA,1995,1,11,80.0,6.0,3.6,1.0,-4.2,8.7,14.5,17.9,54.9,10.5
153,George Lynch,NOH,32,6-8,235,North Carolina,USA,1993,1,12,81.0,4.5,4.4,1.3,4.6,9.1,14.5,13.1,46.4,10.9
154,Gerald Wallace,SAC,20,6-7,215,Alabama,USA,2001,1,25,47.0,4.7,2.7,0.5,2.5,6.3,14.1,19.5,51.0,6.5
155,Gilbert Arenas,GSW,21,6-3,191,Arizona,USA,2001,2,30,82.0,18.3,4.7,6.3,-1.4,3.2,9.5,24.2,54.0,29.4
156,Glen Rice,HOU,36,6-8,220,Michigan,USA,1989,1,4,62.0,9.0,2.5,1.0,-0.6,1.9,8.1,16.2,56.3,7.5
157,Glenn Robinson,ATL,30,6-7,230,Purdue,USA,1994,1,1,69.0,20.8,6.6,3.0,-4.1,3.5,13.9,28.0,51.9,15.0
158,Gordan Giricek,ORL,26,6-6,216,None,Croatia,1999,2,40,76.0,12.3,3.1,1.8,-3.9,1.7,9.3,20.8,52.9,10.8
159,Grant Hill,ORL,30,6-8,225,Duke,USA,1994,1,3,29.0,14.5,7.1,4.2,3.3,4.9,19.9,24.1,56.8,24.1
160,Grant Long,BOS,37,6-9,240,Eastern Michigan,USA,1988,2,33,41.0,1.8,2.0,0.6,-4.5,5.0,12.1,9.4,44.9,8.9
161,Greg Buckner,PHI,26,6-4,210,Clemson,USA,1998,2,53,75.0,6.0,2.9,1.3,4.0,4.8,10.0,14.3,51.9,10.3
162,Greg Foster,TOR,34,,,Texas-El Paso,USA,1990,2,35,29.0,4.2,3.5,0.4,-12.3,5.3,15.2,14.0,44.5,4.3
163,Greg Ostertag,UTA,30,7-2,280,Kansas,USA,1995,1,28,81.0,5.4,6.2,0.7,8.7,10.8,16.7,12.5,53.1,4.2
164,Guy Rucker,GSW,25,6-9,270,Iowa,USA,1999,,,3.0,0.0,0.3,0.3,-47.5,0.0,33.3,0.0,0.0,50.0
165,Hedo Turkoglu,SAC,24,6-10,220,None,Turkey,2000,1,16,67.0,6.7,2.8,1.3,-1.8,2.8,11.8,18.3,50.9,12.1
166,Horace Grant,ORL,37,6-10,245,Clemson,USA,1987,1,10,5.0,5.2,1.6,1.4,-6.7,2.4,8.0,14.1,52.0,13.2
167,Howard Eisley,NYK,30,6-2,180,Boston College,USA,1994,2,30,82.0,9.1,2.3,5.4,-1.5,1.1,7.7,16.9,55.2,30.8
168,Hubert Davis,DET,33,6-5,183,North Carolina,USA,1992,1,20,43.0,1.8,0.8,0.7,-4.0,1.9,9.5,13.2,48.4,16.3
169,Igor Rakocevic,MIN,25,6-2,184,None,Serbia,2000,2,51,42.0,1.9,0.4,0.8,12.3,1.8,4.9,17.5,52.8,20.2
170,Ira Newble,ATL,28,6-7,220,Miami (Ohio),USA,Undrafted,Undrafted,Undrafted,73.0,7.7,3.7,1.4,-7.6,4.7,9.2,13.3,55.7,8.6
171,J.R. Bremer,BOS,22,6-2,185,St. Bonaventure,USA,Undrafted,Undrafted,Undrafted,64.0,8.3,2.3,2.6,-2.7,1.2,8.8,17.8,51.5,19.0
172,Jacque Vaughn,ORL,28,6-1,190,Kansas,USA,1997,1,27,80.0,5.9,1.5,2.9,-0.2,1.5,5.7,14.7,50.8,21.3
173,Jahidi White,WAS,27,6-9,290,Georgetown,USA,1998,2,43,16.0,4.2,4.6,0.1,-4.3,15.5,16.8,14.7,52.3,1.3
174,Jake Tsakalidis,PHX,24,7-2,290,None,Greece,2000,1,25,33.0,4.9,3.7,0.4,-5.7,8.1,14.3,15.1,50.1,3.8
175,Jake Voskuhl,PHX,25,6-11,245,Connecticut,USA,2000,2,33,65.0,3.8,3.5,0.6,5.2,9.9,13.5,11.6,60.4,5.6
176,Jalen Rose,CHI,30,6-8,217,Michigan,USA,1994,1,13,82.0,22.1,4.3,4.8,-5.9,2.0,8.2,27.0,50.8,20.9
177,Jamaal Magloire,NOH,25,6-11,259,Kentucky,Canada,2000,1,19,82.0,10.3,8.8,1.1,3.0,10.7,19.6,17.2,54.1,5.8
178,Jamaal Tinsley,IND,25,6-3,195,Iowa State,USA,2001,1,27,73.0,7.8,3.6,7.5,3.3,2.6,8.9,15.7,46.8,37.8
179,Jamal Crawford,CHI,23,6-5,190,Michigan,USA,2000,1,8,80.0,10.7,2.3,4.2,-0.9,1.0,8.0,21.9,49.6,28.0
180,Jamal Mashburn,NOH,30,6-8,247,Kentucky,USA,1993,1,4,82.0,21.6,6.1,5.6,2.6,2.0,13.4,26.5,50.7,25.9
181,Jamal Sampson,MIL,20,6-11,235,California,USA,2002,2,46,5.0,0.0,0.4,0.2,17.9,11.1,10.0,11.1,0.0,33.3
182,James Posey,HOU,26,6-8,215,Xavier,USA,1999,1,18,83.0,10.8,5.1,2.2,-3.0,3.6,13.9,17.7,51.9,12.6
183,Jamison Brewer,IND,22,6-4,184,Auburn,USA,2001,2,40,10.0,2.2,0.9,1.8,8.9,5.8,5.2,14.3,52.5,36.0
184,Jannero Pargo,LAL,23,6-2,170,Arkansas,USA,Undrafted,Undrafted,Undrafted,34.0,2.5,1.1,1.1,0.9,2.4,8.8,14.6,44.9,16.8
185,Jared Jeffries,WAS,21,6-11,230,Indiana,USA,2002,1,11,20.0,4.0,2.9,0.8,8.0,9.5,11.2,15.2,52.1,9.1
186,Jarron Collins,UTA,24,6-11,252,Stanford,USA,2001,2,52,22.0,5.5,2.7,0.6,-4.0,7.9,7.1,14.0,53.0,6.0
187,Jason Caffey,MIL,30,6-8,256,Alabama,USA,1995,1,20,51.0,5.8,3.5,0.7,-2.1,8.0,12.1,17.9,50.1,6.9
188,Jason Collier,HOU,25,7-0,260,Georgia Tech,USA,2000,1,15,13.0,2.8,2.2,0.1,-2.5,10.5,16.3,16.0,48.8,1.8
189,Jason Collins,NJN,24,7-0,260,Stanford,USA,2001,1,18,81.0,5.7,4.5,1.1,8.5,7.2,12.7,12.4,52.1,7.0
190,Jason Kidd,NJN,30,6-4,212,California,USA,1994,1,2,80.0,18.7,6.3,8.9,8.2,3.7,13.0,24.8,52.6,40.7
191,Jason Richardson,GSW,22,6-6,220,Michigan State,USA,2001,1,5,82.0,15.6,4.6,3.0,-3.3,3.9,9.3,22.5,50.1,14.9
192,Jason Terry,ATL,25,6-2,180,Arizona,USA,1999,1,10,81.0,17.2,3.4,7.4,-2.6,1.3,7.5,22.0,54.9,33.8
193,Jason Williams,MEM,27,6-1,190,Florida,USA,1998,1,7,76.0,12.1,2.8,8.3,-3.1,1.1,7.7,19.7,50.1,39.8
194,Jay Williams,CHI,21,6-2,195,Duke,USA,2002,1,2,75.0,9.5,2.6,4.7,-9.6,1.4,8.3,20.6,47.2,29.7
195,Jeff Foster,IND,26,6-11,242,Southwest Texas State,USA,1999,1,21,77.0,2.1,3.6,0.7,0.6,13.5,20.7,12.8,39.4,10.1
196,Jeff McInnis,POR,28,6-4,179,North Carolina,USA,1996,2,37,75.0,5.8,1.3,2.3,-6.6,1.7,6.1,17.6,47.7,22.2
197,Jeff Trepagnier,DEN,23,6-4,200,USC,USA,2001,2,35,8.0,5.6,2.0,0.8,-1.5,6.8,8.0,21.5,52.2,10.5
198,Jelani McCoy,TOR,25,6-10,255,UCLA,USA,1998,2,33,67.0,6.8,5.3,0.6,-12.1,6.8,19.5,18.1,50.7,5.8
199,Jermaine Jackson,ATL,27,6-5,204,Detroit,USA,Undrafted,Undrafted,Undrafted,53.0,2.3,1.1,1.4,-11.2,3.5,7.0,13.8,45.1,22.8
200,Jermaine O'Neal,IND,24,6-11,242,None,USA,1996,1,17,77.0,20.8,10.3,2.0,3.3,7.3,20.2,26.2,53.9,10.5
201,Jerome James,SEA,27,7-1,272,Florida A&M,USA,1998,2,36,51.0,5.4,4.2,0.5,1.9,10.8,17.9,21.1,50.6,6.4
202,Jerome Moiso,NOH,25,6-10,232,UCLA,France,2000,1,11,51.0,4.0,3.5,0.4,2.5,9.4,19.0,16.5,54.2,6.3
203,Jerome Williams,TOR,30,6-9,206,Georgetown,USA,1996,1,26,71.0,9.7,9.2,1.3,-3.9,9.5,18.6,14.6,52.5,6.7
204,Jerry Stackhouse,WAS,28,6-6,218,North Carolina,USA,1995,1,3,70.0,21.5,3.7,4.5,-0.7,2.3,7.3,27.2,52.8,21.6
205,Jeryl Sasser,ORL,24,6-6,200,Southern Methodist,USA,2001,1,22,75.0,2.6,2.5,0.9,-12.1,5.7,12.4,12.0,40.2,10.7
206,Jim Jackson,SAC,32,6-6,220,Ohio State,USA,1992,1,4,63.0,7.7,4.2,1.9,2.4,6.3,12.3,19.0,50.1,14.8
207,Jiri Welsch,GSW,23,6-7,208,None,Czech Republic,2002,1,16,37.0,1.6,0.8,0.7,1.0,5.0,6.2,18.8,34.8,17.1
208,Joe Johnson,PHX,22,6-7,235,Arkansas,USA,2001,1,10,82.0,9.8,3.2,2.6,1.6,2.5,9.1,18.9,47.2,15.1
209,Joe Smith,MIN,27,6-10,225,Maryland,USA,1995,1,1,54.0,7.5,5.0,0.7,3.6,10.1,14.3,17.0,52.4,5.1
210,Joel Przybilla,MIL,23,7-1,255,Minnesota,USA,2000,1,9,32.0,1.5,4.5,0.4,0.9,9.1,19.1,6.4,42.4,3.0
211,John Amaechi,UTA,32,6-10,270,Penn State,United Kingdom,Undrafted,Undrafted,Undrafted,50.0,2.0,1.5,0.4,-1.7,5.8,11.4,16.5,35.1,7.3
212,John Crotty,DEN,33,,,Virginia,USA,Undrafted,Undrafted,Undrafted,12.0,3.4,1.3,2.4,-16.5,0.6,7.3,14.1,43.1,32.2
213,John Salmons,PHI,23,6-7,210,Miami,USA,2002,1,26,64.0,2.1,0.9,0.7,1.8,3.3,9.1,13.8,50.2,15.3
214,John Stockton,UTA,41,6-1,175,Gonzaga,USA,1984,1,16,82.0,10.8,2.5,7.7,5.7,2.5,6.9,18.5,57.7,44.4
215,Jon Barry,DET,33,6-5,210,Georgia Tech,USA,1992,1,21,80.0,6.9,2.3,2.6,10.4,2.3,10.4,16.9,59.3,24.2
216,Jonathan Bender,IND,22,7-0,219,None,USA,1999,1,5,46.0,6.6,2.9,0.9,-1.9,5.0,10.8,17.9,52.1,8.9
217,Joseph Forte,SEA,22,6-4,194,North Carolina,USA,2001,1,21,17.0,1.4,0.6,0.6,-9.0,4.3,7.9,25.0,31.9,25.6
218,Juan Dixon,WAS,24,6-3,164,Maryland,USA,2002,1,17,42.0,6.4,1.7,1.0,-2.1,2.0,9.3,23.1,46.4,11.8
219,Juaquin Hawkins,HOU,29,6-7,205,Long Beach State,USA,Undrafted,Undrafted,Undrafted,58.0,2.3,1.3,0.8,2.6,2.6,8.8,12.5,42.7,10.7
220,Jumaine Jones,CLE,24,6-8,218,Georgia,USA,1999,1,27,80.0,9.8,5.1,1.4,-8.4,4.6,13.7,16.7,52.5,8.9
221,Junior Harrington,DEN,22,6-4,190,Wingate,USA,Undrafted,Undrafted,Undrafted,82.0,5.1,3.0,3.4,-7.1,2.2,11.4,15.0,40.5,23.4
222,Juwan Howard,DEN,30,6-9,260,Michigan,USA,1994,1,5,77.0,18.4,7.6,3.0,-9.9,6.4,16.7,25.9,50.1,17.5
223,Kareem Rush,LAL,22,6-6,215,Missouri,USA,2002,1,20,76.0,3.0,1.2,0.9,-3.6,2.9,7.7,15.7,44.7,11.9
224,Karl Malone,UTA,39,6-9,256,Louisiana Tech,USA,1985,1,13,81.0,20.6,7.8,4.7,3.1,4.3,18.0,27.2,53.4,23.6
225,Kedrick Brown,BOS,22,6-7,222,Northwest Florida State,USA,2001,1,11,51.0,2.8,2.7,0.4,-4.0,6.5,14.1,14.4,39.2,5.2
226,Keith Van Horn,PHI,27,6-10,255,Utah,USA,1997,1,2,74.0,15.9,7.1,1.3,3.2,7.1,16.9,23.0,55.6,6.8
227,Kelvin Cato,HOU,28,6-11,275,Iowa State,USA,1997,1,15,73.0,4.5,5.9,0.3,0.2,10.5,23.8,13.2,53.5,2.7
228,Ken Johnson,MIA,25,6-10,240,Ohio State,USA,2001,2,48,16.0,2.0,2.0,0.0,-2.4,2.6,16.9,13.7,40.4,0.0
229,Kendall Gill,MIN,35,6-5,215,Illinois,USA,1990,1,5,82.0,8.7,3.0,1.9,-0.3,2.5,9.3,18.2,47.7,12.0
230,Kenny Anderson,NOH,32,6-1,168,Georgia Tech,USA,1991,1,2,61.0,6.1,2.2,3.2,-2.2,2.7,9.1,19.1,45.7,30.0
231,Kenny Satterfield,PHI,22,6-2,170,Cincinnati,USA,2001,2,53,39.0,3.4,1.1,1.7,-7.9,2.9,6.2,20.6,34.0,25.6
232,Kenny Thomas,PHI,25,6-7,245,New Mexico,USA,1999,1,22,66.0,10.1,8.0,1.7,3.4,9.6,18.4,17.0,51.7,9.1
233,Kenyon Martin,NJN,25,6-9,234,Cincinnati,USA,2000,1,1,77.0,16.7,8.3,2.4,8.3,6.4,18.3,24.6,51.1,12.6
234,Keon Clark,SAC,28,6-11,221,UNLV,USA,1998,1,13,80.0,6.7,5.6,1.0,6.1,7.8,15.5,15.0,52.8,7.0
235,Kerry Kittles,NJN,29,6-5,180,Villanova,USA,1996,1,8,65.0,13.0,3.9,2.6,5.8,2.7,10.4,18.8,55.0,15.0
236,Kevin Garnett,MIN,27,6-11,220,None,USA,1995,1,5,82.0,23.0,13.4,6.0,6.2,7.6,24.8,25.8,55.3,24.9
237,Kevin Ollie,SEA,30,6-2,195,Connecticut,USA,Undrafted,Undrafted,Undrafted,82.0,6.5,2.2,3.5,4.5,1.4,8.3,14.7,51.4,25.2
238,Kevin Willis,SAS,40,7-0,245,Michigan State,USA,1984,1,11,71.0,4.2,3.2,0.3,-6.6,10.2,18.1,19.0,50.6,5.1
239,Keyon Dooling,LAC,23,6-3,196,Missouri,USA,2000,1,10,55.0,6.4,1.3,1.6,-6.3,1.0,6.5,19.3,49.4,16.8
240,Kirk Haston,NOH,24,6-9,242,Indiana,USA,2001,1,16,12.0,0.5,0.6,0.3,-20.8,0.0,13.5,19.1,16.0,9.7
241,Kobe Bryant,LAL,24,6-7,215,None,USA,1996,1,13,82.0,30.0,6.9,5.9,3.6,3.1,13.4,32.3,55.0,26.8
242,Kurt Thomas,NYK,30,6-9,235,TCU,USA,1995,1,10,81.0,14.0,7.9,2.0,0.4,6.3,19.7,22.2,51.1,11.0
243,Kwame Brown,WAS,21,6-11,248,None,USA,2001,1,1,80.0,7.4,5.3,0.7,-3.0,7.6,17.4,18.6,49.6,5.7
244,LaPhonso Ellis,MIA,33,6-8,240,Notre Dame,USA,1992,1,5,55.0,5.0,2.9,0.3,0.3,5.7,14.5,19.0,47.6,3.6
245,Lamar Odom,LAC,23,6-10,221,Rhode Island,USA,1999,1,4,49.0,14.6,6.7,3.6,-6.0,3.5,16.0,21.9,51.9,18.4
246,Larry Hughes,WAS,24,6-5,184,St. Louis,USA,1998,1,8,67.0,12.8,4.6,3.1,-1.2,3.2,11.5,20.5,52.1,17.4
247,Latrell Sprewell,NYK,32,6-5,195,Alabama,USA,1992,1,24,74.0,16.4,3.9,4.5,-1.3,1.6,8.9,22.5,49.7,19.6
248,Lavor Postell,NYK,25,6-5,215,St. John's,USA,2000,2,39,12.0,3.6,0.3,0.3,0.0,1.1,3.1,23.1,48.2,5.7
249,Lawrence Funderburke,SAC,32,6-9,230,Ohio State,USA,1994,2,51,27.0,2.7,2.0,0.3,-5.1,7.1,14.4,15.6,46.6,5.5
250,Lee Nailon,NYK,28,6-9,238,TCU,USA,1999,2,43,38.0,5.5,1.8,0.7,-5.7,8.1,10.6,26.5,49.4,12.3
251,Lindsey Hunter,TOR,32,6-2,195,Jackson State,USA,1993,1,10,29.0,9.7,2.0,2.4,-11.6,2.1,7.0,25.3,43.4,21.7
252,Lonny Baxter,CHI,24,6-8,260,Maryland,USA,2002,2,43,55.0,4.8,3.0,0.3,-2.8,9.0,13.9,18.3,52.1,4.0
253,Loren Woods,MIN,25,7-1,246,Arizona,USA,2001,2,45,38.0,2.1,2.5,0.5,-1.5,7.8,17.2,13.6,45.5,7.8
254,Lorenzen Wright,MEM,27,6-11,240,Memphis,USA,1996,1,7,70.0,11.4,7.5,1.1,-5.1,8.5,18.6,20.8,48.9,6.9
255,Lucious Harris,NJN,32,6-5,205,Long Beach State,USA,1993,2,28,77.0,10.3,3.0,2.0,2.7,3.1,8.6,19.5,49.4,13.9
256,Maceo Baston,TOR,27,6-9,215,Michigan,USA,1998,2,58,16.0,2.5,1.4,0.0,-11.3,3.8,16.4,15.5,66.1,0.0
257,Malik Allen,MIA,25,6-10,255,Villanova,USA,Undrafted,Undrafted,Undrafted,80.0,9.6,5.3,0.7,-7.8,5.8,13.5,19.5,45.5,4.2
258,Malik Rose,SAS,28,6-7,255,Drexel,USA,1996,2,44,79.0,10.4,6.4,1.6,5.6,8.3,18.5,21.8,53.8,11.2
259,Mamadou N'diaye,TOR,28,7-0,255,Auburn,Senegal,2000,1,26,22.0,5.5,3.7,0.3,-2.6,7.3,14.5,16.2,51.4,3.1
260,Manu Ginobili,SAS,25,6-6,210,None,Argentina,1999,2,57,69.0,7.6,2.3,2.0,5.5,3.4,8.0,17.8,55.6,16.3
261,Marc Jackson,MIN,28,6-10,270,Temple,USA,1997,2,37,77.0,5.5,2.9,0.5,1.8,8.7,13.0,20.6,50.8,5.8
262,Marcus Camby,DEN,29,6-11,225,Massachusetts,USA,1996,1,2,29.0,7.6,7.2,1.6,-11.1,10.8,22.4,19.0,44.4,13.8
263,Marcus Fizer,CHI,24,6-8,260,Iowa State,USA,2000,1,4,38.0,11.7,5.7,1.3,-3.8,9.6,16.6,27.3,50.3,11.8
264,Marcus Haislip,MIL,22,6-10,230,Tennessee,USA,2002,1,13,39.0,4.1,1.4,0.2,-5.5,4.7,7.4,19.2,47.4,3.6
265,Mark Blount,BOS,27,7-0,250,Pittsburgh,USA,1997,2,54,81.0,5.0,3.8,0.7,-11.1,7.6,14.7,16.2,49.1,7.4
266,Mark Bryant,BOS,38,6-9,250,Seton Hall,USA,1988,1,21,16.0,0.8,1.3,0.3,-9.2,7.9,13.0,12.4,31.3,8.0
267,Mark Jackson,UTA,38,6-3,195,St. John's,USA,1987,1,18,82.0,4.7,2.1,4.6,-1.0,2.5,9.7,17.0,47.3,43.7
268,Mark Madsen,LAL,27,6-9,245,Stanford,USA,2000,1,29,54.0,3.2,2.9,0.7,2.1,10.3,9.6,11.8,45.8,6.7
269,Mark Strickland,DAL,32,6-10,220,Temple,USA,Undrafted,Undrafted,Undrafted,4.0,1.0,1.8,0.0,-11.4,31.3,20.0,17.1,40.0,0.0
270,Marko Jaric,LAC,24,6-7,198,None,Serbia,2000,2,30,66.0,7.4,2.4,2.9,1.2,2.7,9.1,19.5,49.8,23.7
271,Mateen Cleaves,SAC,25,6-2,205,Michigan State,USA,2000,1,14,12.0,1.3,0.7,0.8,-7.7,1.7,9.1,28.1,32.3,28.6
272,Matt Harpring,UTA,27,6-7,231,Georgia Tech,USA,1998,1,15,78.0,17.6,6.6,1.7,5.6,8.3,12.7,23.3,58.8,9.5
273,Matt Maloney,ATL,31,,,Pennsylvania,USA,Undrafted,Undrafted,Undrafted,14.0,1.7,0.5,1.2,13.1,1.1,6.3,13.9,44.1,25.4
274,Maurice Taylor,HOU,26,6-9,260,Michigan,USA,1997,1,14,67.0,8.4,3.6,1.0,0.5,7.5,11.0,23.3,47.2,9.1
275,Mehmet Okur,DET,24,6-11,249,None,Turkey,2001,2,37,72.0,6.9,4.7,1.0,4.9,8.8,17.0,18.5,51.4,9.4
276,Melvin Ely,LAC,25,6-10,260,Fresno State,USA,2002,1,12,52.0,4.5,3.3,0.3,3.0,8.2,13.6,15.1,54.0,3.0
277,Mengke Bateer,SAS,27,6-11,290,None,China,Undrafted,Undrafted,Undrafted,12.0,0.8,0.8,0.3,-24.1,5.3,14.0,22.9,25.2,16.7
278,Metta World Peace,IND,23,6-7,246,St. John's,USA,1999,1,16,69.0,15.5,5.2,2.9,7.5,4.5,10.9,22.0,52.9,14.4
279,Michael Bradley,TOR,24,6-10,225,Villanova,USA,2001,1,17,67.0,5.0,6.1,1.0,-8.9,12.1,20.6,14.3,49.2,8.3
280,Michael Curry,DET,34,6-5,210,Georgia Southern,USA,Undrafted,Undrafted,Undrafted,78.0,3.0,1.6,1.3,-3.9,1.1,7.7,9.1,47.4,11.3
281,Michael Dickerson,MEM,28,6-5,190,Arizona,USA,1998,1,14,6.0,4.8,1.0,1.3,-7.1,1.6,5.8,17.3,55.3,13.1
282,Michael Doleac,NYK,26,6-11,262,Utah,USA,1998,1,12,75.0,4.4,2.9,0.6,-3.3,6.6,15.5,18.3,45.1,6.8
283,Michael Finley,DAL,30,6-7,225,Wisconsin,USA,1995,1,21,69.0,19.3,5.8,3.0,12.8,4.0,10.9,23.9,51.4,12.4
284,Michael Jordan,WAS,40,6-6,216,North Carolina,USA,1984,1,3,82.0,20.0,6.1,3.8,-0.3,2.5,14.7,28.4,49.1,20.7
285,Michael Olowokandi,LAC,28,7-0,270,Pacific,Nigeria,1998,1,1,36.0,12.3,9.1,1.3,-5.1,4.2,19.1,19.3,45.7,6.4
286,Michael Redd,MIL,23,6-6,215,Ohio State,USA,2000,2,43,82.0,15.1,4.5,1.4,2.4,4.4,12.2,21.8,59.0,8.9
287,Michael Stewart,CLE,28,6-10,230,California,USA,Undrafted,Undrafted,Undrafted,47.0,0.8,1.2,0.1,-10.7,6.9,13.4,9.1,42.6,4.4
288,Mike Batiste,MEM,25,6-8,225,Arizona State,USA,Undrafted,Undrafted,Undrafted,75.0,6.4,3.4,0.7,-5.7,6.7,14.7,20.5,47.6,7.4
289,Mike Bibby,SAC,25,6-1,190,Arizona,USA,1998,1,2,55.0,15.9,2.7,5.2,9.0,1.9,5.5,21.5,55.9,23.1
290,Mike Dunleavy,GSW,22,6-9,221,Duke,USA,2002,1,3,82.0,5.7,2.6,1.3,1.6,4.9,10.8,17.2,50.5,12.5
291,Mike James,MIA,28,6-2,190,Duquesne,USA,Undrafted,Undrafted,Undrafted,78.0,7.8,1.9,3.2,-1.8,1.5,7.5,20.2,46.9,26.6
292,Mike Miller,MEM,23,6-8,218,Florida,USA,2000,1,5,65.0,15.6,5.2,2.6,2.6,2.1,13.9,21.6,53.7,13.1
293,Mike Wilks,MIN,24,5-10,185,Rice,USA,Undrafted,Undrafted,Undrafted,46.0,3.2,1.5,2.0,-1.6,3.1,7.5,13.4,43.6,22.0
294,Mikki Moore,ATL,27,7-0,225,Nebraska,USA,Undrafted,Undrafted,Undrafted,8.0,2.3,1.0,0.4,-20.1,13.3,4.1,20.0,51.7,13.6
295,Milt Palacio,CLE,25,6-3,195,Colorado State,Belize,Undrafted,Undrafted,Undrafted,80.0,5.0,2.9,3.2,-11.5,2.3,9.6,12.2,46.6,21.1
296,Monty Williams,PHI,31,6-8,225,Notre Dame,USA,1994,1,24,21.0,4.4,2.1,1.2,9.4,4.5,12.0,17.2,48.9,14.3
297,Moochie Norris,HOU,29,6-2,185,West Florida,USA,1996,2,33,82.0,4.4,1.9,2.4,-1.1,2.9,8.9,15.7,47.0,23.9
298,Morris Peterson,TOR,25,6-7,215,Michigan State,USA,2000,1,21,82.0,14.1,4.4,2.3,-5.5,3.2,9.4,20.0,48.8,11.0
299,Nate Huffman,TOR,28,7-1,245,Central Michigan,USA,Undrafted,Undrafted,Undrafted,7.0,3.3,3.3,0.7,-0.7,11.4,22.2,17.2,40.3,10.0
300,Nazr Mohammed,ATL,25,6-10,250,Kentucky,USA,1998,1,29,35.0,4.6,3.7,0.2,-10.9,9.9,17.9,19.7,45.2,2.4
301,Nene,DEN,20,6-11,260,None,Brazil,2002,1,7,80.0,10.5,6.1,1.9,-5.6,9.4,13.9,19.0,54.5,11.9
302,Nick Van Exel,DAL,31,6-1,195,Cincinnati,USA,1993,2,37,73.0,12.5,2.8,4.3,5.9,1.7,8.4,22.6,50.9,25.2
303,Nikoloz Tskitishvili,DEN,20,7-0,225,None,Georgia,2002,1,5,81.0,3.9,2.2,1.1,-8.1,4.5,9.3,16.5,37.4,11.3
304,Olumide Oyedeji,ORL,22,6-10,240,None,Nigeria,2000,2,42,27.0,1.0,1.9,0.2,-8.3,6.5,26.3,9.6,48.5,6.2
305,Oscar Torres,GSW,26,,,None,Venezuela,Undrafted,Undrafted,Undrafted,17.0,3.1,0.7,0.2,3.2,3.3,8.3,21.8,59.2,5.6
306,Othella Harrington,NYK,29,6-9,235,Georgetown,USA,1996,2,30,74.0,7.7,6.4,0.8,0.5,9.1,18.3,14.8,56.3,5.3
307,P.J. Brown,NOH,33,6-11,239,Louisiana Tech,USA,1992,2,29,78.0,10.7,9.0,1.9,2.4,9.3,18.3,13.9,59.2,9.0
308,Pat Burke,ORL,29,6-11,250,Auburn,Ireland,Undrafted,Undrafted,Undrafted,62.0,4.3,2.4,0.4,-12.2,6.5,11.9,20.2,41.5,5.6
309,Pat Garrity,ORL,26,6-9,238,Notre Dame,USA,1998,1,19,81.0,10.7,3.8,1.5,2.3,2.8,9.4,14.8,55.1,7.3
310,Pau Gasol,MEM,22,7-0,227,None,Spain,2001,1,3,82.0,19.0,8.8,2.8,-2.5,6.6,17.7,23.6,57.0,13.1
311,Paul Pierce,BOS,25,6-6,230,Kansas,USA,1998,1,10,79.0,25.9,7.3,4.4,2.0,3.4,15.7,32.2,53.2,23.6
312,Paul Shirley,ATL,25,6-10,230,Iowa State,USA,Undrafted,Undrafted,Undrafted,2.0,0.0,0.5,0.0,80.0,0.0,14.3,25.0,0.0,0.0
313,Peja Stojakovic,SAC,26,6-10,229,None,Serbia,1996,1,14,72.0,19.2,5.5,2.0,8.2,2.5,12.3,21.8,60.0,8.9
314,Pepe Sanchez,DET,26,6-4,195,Temple,Argentina,Undrafted,Undrafted,Undrafted,9.0,0.0,0.7,0.9,5.5,8.3,7.1,8.0,0.0,36.4
315,Popeye Jones,DAL,33,6-8,250,Murray State,USA,1992,2,41,26.0,2.0,2.3,0.3,-10.5,12.1,14.1,16.1,39.6,5.9
316,Predrag Drobnjak,SEA,27,6-11,272,None,Serbia,1997,2,48,82.0,9.4,3.9,1.0,-1.2,5.5,11.7,20.9,45.9,7.4
317,Predrag Savovic,DEN,27,6-6,225,Hawaii,Serbia,Undrafted,Undrafted,Undrafted,27.0,3.1,0.9,0.8,-8.7,3.1,6.6,19.5,39.2,16.9
318,Primoz Brezec,IND,23,7-1,252,None,Slovenia,2000,1,27,22.0,1.9,1.0,0.2,10.9,12.9,8.3,21.6,44.9,5.8
319,Quentin Richardson,LAC,23,6-6,236,DePaul,USA,2000,1,18,59.0,9.4,4.8,0.9,-5.4,6.9,13.2,21.7,46.0,7.2
320,Qyntel Woods,POR,22,6-8,221,Northeast Mississippi CC,USA,2002,1,21,53.0,2.4,1.0,0.2,-11.0,4.6,12.6,19.6,50.5,6.4
321,Raef LaFrentz,DAL,27,6-11,245,Kansas,USA,1998,1,3,69.0,9.3,4.8,0.8,8.1,7.7,12.7,16.5,57.8,5.0
322,Rafer Alston,TOR,26,6-2,175,Fresno State,USA,1998,2,39,47.0,7.8,2.3,4.1,-6.8,2.1,8.6,20.1,51.0,34.8
323,Raja Bell,DAL,26,6-5,205,Florida International,U.S. Virgin Islands,Undrafted,Undrafted,Undrafted,75.0,3.1,1.9,0.8,3.0,3.9,8.2,10.2,50.9,7.1
324,Randy Brown,PHX,35,6-2,190,New Mexico State,USA,1991,2,31,32.0,1.3,0.8,1.1,-2.3,1.2,9.0,11.6,42.5,21.6
325,Randy Livingston,NOH,28,6-4,209,Louisiana State,USA,1996,2,42,2.0,3.0,0.0,0.5,0.4,0.0,0.0,19.2,61.5,20.0
326,Rashard Lewis,SEA,23,6-10,215,None,USA,1998,2,32,77.0,18.1,6.5,1.7,-1.5,5.1,12.4,21.9,53.7,7.8
327,Rasheed Wallace,POR,28,6-11,230,North Carolina,USA,1995,1,4,74.0,18.1,7.4,2.1,5.5,4.5,16.8,23.1,55.2,10.1
328,Rasho Nesterovic,MIN,27,7-0,248,None,Slovenia,1998,1,17,77.0,11.2,6.5,1.5,3.1,6.5,15.0,17.4,53.6,7.4
329,Rasual Butler,MIA,24,6-7,205,La Salle,USA,2002,2,52,72.0,7.5,2.6,1.3,-7.6,1.9,10.4,21.1,43.7,11.6
330,Ray Allen,SEA,27,6-5,205,Connecticut,USA,1996,1,5,76.0,22.5,5.0,4.4,2.9,3.5,10.5,27.5,56.5,21.7
331,Reggie Evans,SEA,23,6-8,245,Iowa,USA,Undrafted,Undrafted,Undrafted,67.0,3.2,6.6,0.5,0.0,12.1,22.6,8.8,51.0,3.7
332,Reggie Miller,IND,37,6-7,195,UCLA,USA,1987,1,11,70.0,12.6,2.5,2.4,4.4,1.0,7.1,16.5,59.7,13.5
333,Reggie Slater,MIN,32,6-7,255,Wyoming,USA,Undrafted,Undrafted,Undrafted,26.0,3.1,1.2,0.2,1.7,11.3,8.6,22.9,58.0,5.1
334,Richard Hamilton,DET,25,6-7,193,Connecticut,USA,1999,1,7,82.0,19.7,3.9,2.5,3.3,3.6,9.3,30.8,53.1,17.1
335,Richard Jefferson,NJN,23,6-7,222,Arizona,USA,2001,1,13,80.0,15.5,6.4,2.5,6.8,5.3,12.7,19.5,56.3,11.9
336,Rick Brunson,CHI,31,6-4,190,Temple,USA,Undrafted,Undrafted,Undrafted,17.0,3.5,1.1,2.1,0.8,2.4,7.9,17.2,54.3,28.6
337,Rick Fox,LAL,33,6-7,235,North Carolina,Canada,1991,1,24,76.0,9.0,4.3,3.3,3.2,2.9,11.7,15.5,52.3,17.1
338,Ricky Davis,CLE,23,6-7,197,Iowa,USA,1998,1,21,79.0,20.6,4.9,5.5,-9.8,3.0,9.3,26.5,48.5,25.8
339,Robert Archibald,MEM,23,6-11,250,Illinois,Scotland,2002,2,31,12.0,1.6,1.4,0.3,-8.7,7.8,15.1,22.0,34.0,7.1
340,Robert Horry,LAL,32,6-10,238,Alabama,USA,1992,1,11,80.0,6.5,6.4,2.9,3.9,7.7,14.1,12.1,48.8,14.8
341,Robert Pack,NOH,34,6-2,190,Southern California,USA,Undrafted,Undrafted,Undrafted,28.0,5.2,1.8,2.9,-8.5,2.5,9.3,19.9,47.3,33.3
342,Robert Traylor,NOH,26,6-8,284,Michigan,USA,1998,1,6,69.0,3.9,3.8,0.7,2.7,11.9,19.1,16.7,48.6,9.6
343,Rod Strickland,MIN,36,6-3,185,DePaul,USA,1988,1,19,47.0,6.8,2.0,4.6,1.7,2.1,7.7,18.8,49.2,35.1
344,Rodney Rogers,NJN,32,6-7,255,Wake Forest,USA,1993,1,9,68.0,7.0,3.9,1.6,2.6,4.5,14.8,19.8,48.3,14.6
345,Rodney White,DEN,23,6-9,230,North Carolina-Charlotte,USA,2001,1,9,72.0,9.0,3.0,1.7,-10.0,2.6,11.2,23.6,46.9,15.6
346,Roger Mason Jr.,CHI,22,6-5,200,Virginia,USA,2002,2,30,17.0,1.8,0.7,0.7,-2.5,1.8,8.5,14.2,47.1,16.4
347,Ron Mercer,IND,27,6-7,210,Kentucky,USA,1997,1,6,72.0,7.7,2.1,1.6,1.2,2.0,7.2,18.5,43.9,11.7
348,Ruben Boumtje-Boumtje,POR,25,7-0,257,Georgetown,USA,2001,2,49,2.0,0.0,0.5,0.5,18.2,25.0,0.0,8.3,0.0,33.3
349,Ruben Patterson,POR,27,6-5,224,Cincinnati,USA,1998,2,31,78.0,8.3,3.4,1.3,3.6,7.6,8.9,19.9,53.0,10.3
350,Ruben Wolkowyski,BOS,29,6-10,275,None,Argentina,Undrafted,Undrafted,Undrafted,7.0,0.7,0.1,0.1,-59.9,0.0,5.0,14.0,43.4,12.5
351,Ryan Bowen,DEN,27,6-9,220,Iowa,USA,1998,2,55,62.0,3.6,2.5,0.9,-3.3,7.5,8.7,11.2,51.9,9.0
352,Ryan Humphrey,MEM,23,6-8,235,Notre Dame,USA,2002,1,19,48.0,1.9,2.1,0.2,-6.0,6.8,14.5,15.5,33.9,4.3
353,Sam Cassell,MIL,33,6-3,185,Florida State,USA,1993,1,24,78.0,19.7,4.4,5.8,-2.2,2.2,10.9,25.8,56.5,29.3
354,Samaki Walker,LAL,27,6-9,255,Louisville,USA,1996,1,9,67.0,4.4,5.5,1.0,-3.1,8.9,19.9,13.6,46.5,8.0
355,Scot Pollard,SAC,28,6-11,265,Kansas,USA,1997,1,19,23.0,4.5,4.6,0.3,14.9,13.6,16.1,15.5,49.7,2.8
356,Scott Padgett,UTA,27,6-9,240,Kentucky,USA,1999,1,28,82.0,5.7,3.3,1.0,1.8,6.6,14.6,18.1,49.6,11.3
357,Scott Williams,PHX,35,6-10,260,North Carolina,USA,Undrafted,Undrafted,Undrafted,69.0,4.0,2.8,0.3,-3.6,7.9,14.6,17.5,44.0,4.1
358,Scottie Pippen,POR,37,6-8,228,Central Arkansas,USA,1987,1,5,64.0,10.8,4.3,4.5,7.9,3.2,11.8,19.5,52.0,23.4
359,Sean Lampley,MIA,23,6-7,227,California,USA,2001,2,44,35.0,4.8,2.4,0.9,0.0,5.3,11.9,18.0,51.2,12.0
360,Sean Marks,MIA,27,6-10,250,California,New Zealand,1998,2,44,23.0,2.3,1.5,0.1,-2.1,3.7,13.0,16.3,41.2,2.3
361,Sean Rooks,LAC,33,6-10,260,Arizona,USA,1992,2,30,70.0,4.2,3.1,1.0,-11.3,3.9,12.5,13.0,46.0,8.5
362,Shammond Williams,DEN,28,6-1,201,North Carolina,USA,1998,2,34,78.0,8.0,2.2,3.4,-2.9,1.2,7.9,17.2,50.3,25.2
363,Shandon Anderson,NYK,29,6-6,210,Georgia,USA,1996,2,54,82.0,8.4,3.1,1.1,-0.9,3.9,11.4,19.3,55.3,8.6
364,Shane Battier,MEM,24,6-8,220,Duke,USA,2001,1,6,78.0,9.7,4.4,1.3,-1.7,5.3,8.8,12.9,59.7,6.7
365,Shaquille O'Neal,LAL,31,7-1,335,Louisiana State,USA,1992,1,1,67.0,27.5,11.1,3.1,6.9,10.7,19.0,30.0,60.2,15.0
366,Shareef Abdur-Rahim,ATL,26,6-9,240,California,USA,1996,1,3,81.0,19.9,8.4,3.0,-3.4,6.1,16.0,24.2,56.6,14.5
367,Shawn Bradley,DAL,31,7-6,275,Brigham Young,USA,1993,1,2,81.0,6.7,5.9,0.7,9.7,8.8,18.4,13.5,60.1,4.7
368,Shawn Kemp,ORL,33,6-10,280,Concord HS (IN),USA,1989,1,17,79.0,6.8,5.7,0.7,-2.2,8.8,19.8,18.5,46.8,5.5
369,Shawn Marion,PHX,25,6-7,215,UNLV,USA,1999,1,9,81.0,21.2,9.5,2.4,1.2,5.8,17.0,22.7,53.8,10.4
370,Slava Medvedenko,LAL,24,6-10,255,None,Ukraine,Undrafted,Undrafted,Undrafted,58.0,4.4,2.4,0.3,-3.8,9.8,12.0,21.5,46.0,5.0
371,Smush Parker,CLE,22,6-4,180,Fordham,USA,Undrafted,Undrafted,Undrafted,66.0,6.2,1.8,2.5,-9.4,2.5,8.4,19.7,52.3,23.9
372,Soumaila Samake,LAL,25,6-10,240,None,Mali,2000,2,36,13.0,1.7,1.8,0.3,-9.0,11.9,17.8,14.6,44.2,8.7
373,Speedy Claxton,SAS,25,5-11,166,Hofstra,USA,2000,1,20,30.0,5.8,1.9,2.5,0.1,5.0,7.6,19.6,50.9,29.2
374,Stacey Augmon,NOH,34,6-8,213,UNLV,USA,1991,1,9,70.0,3.0,1.7,1.0,6.2,3.0,11.1,13.8,47.4,12.5
375,Stephen Jackson,SAS,25,6-8,220,Butler C.C. (KS),USA,1997,2,42,80.0,11.8,3.6,2.3,4.7,3.2,9.7,21.6,52.6,13.6
376,Stephon Marbury,PHX,26,6-2,205,Georgia Tech,USA,1996,1,4,81.0,22.3,3.2,8.1,1.8,1.6,6.5,27.3,52.0,35.7
377,Steve Francis,HOU,26,6-3,195,Maryland,USA,1999,1,2,81.0,21.0,6.2,6.2,2.7,4.9,10.2,25.7,54.1,27.8
378,Steve Kerr,SAS,37,6-1,180,Arizona,USA,1988,2,50,75.0,4.0,0.8,0.9,1.3,1.3,4.9,14.2,55.2,12.8
379,Steve Nash,DAL,29,6-3,195,Santa Clara,Canada,1996,1,15,82.0,17.8,2.9,7.3,9.9,2.3,6.2,23.6,57.6,35.1
380,Steven Hunter,ORL,21,7-0,220,DePaul,USA,2001,1,15,33.0,3.9,2.8,0.2,2.3,8.4,11.1,13.5,53.1,2.2
381,Steven Smith,SAS,34,6-8,221,Michigan State,USA,1991,1,5,53.0,6.8,1.9,1.3,1.9,2.1,7.3,16.7,52.8,11.4
382,Stromile Swift,MEM,23,6-9,225,Louisiana State,USA,2000,1,2,67.0,9.7,5.7,0.7,-3.1,8.0,17.7,21.0,54.2,5.1
383,Tamar Slay,NJN,23,6-8,215,Marshall,USA,2002,2,53,36.0,2.6,0.9,0.4,-3.2,3.0,8.8,20.2,42.8,8.6
384,Tariq Abdul-Wahad,DAL,28,6-6,225,San Jose State,France,1997,1,11,14.0,4.1,2.9,1.5,5.1,6.8,11.9,14.6,47.0,14.7
385,Tayshaun Prince,DET,23,6-9,215,Kentucky,USA,2002,1,23,42.0,3.3,1.1,0.6,-5.0,1.2,9.5,15.8,54.6,10.4
386,Terence Morris,HOU,24,6-9,221,Maryland,USA,2001,2,33,49.0,3.7,2.6,0.5,-4.6,6.3,13.8,15.0,50.0,6.8
387,Theo Ratliff,ATL,30,6-10,230,Wyoming,USA,1995,1,18,81.0,8.7,7.5,0.9,-1.6,6.7,17.2,15.2,51.2,4.7
388,Tierre Brown,CLE,24,6-2,189,McNeese State,USA,Undrafted,Undrafted,Undrafted,15.0,4.3,2.0,2.6,6.6,4.9,12.3,21.9,49.9,35.5
389,Tim Duncan,SAS,27,7-0,260,Wake Forest,US Virgin Islands,1997,1,1,81.0,23.3,12.9,3.9,9.2,8.9,23.8,27.6,56.4,19.1
390,Tim Hardaway,IND,36,6-0,195,Texas-El Paso,USA,1989,1,14,10.0,4.9,1.5,2.4,12.8,0.8,10.9,19.9,48.3,27.9
391,Tim Thomas,MIL,26,6-10,240,Villanova,USA,1997,1,7,80.0,13.3,4.9,1.3,-0.1,4.3,12.7,22.1,52.7,7.1
392,Tito Maddox,HOU,22,6-4,190,Fresno State,USA,2002,2,37,9.0,1.2,0.8,0.6,-7.1,2.6,14.6,23.2,35.4,21.7
393,Todd MacCulloch,PHI,27,7-0,255,Washington,Canada,1999,2,47,42.0,7.1,4.7,0.5,-2.4,8.3,16.7,17.1,54.8,4.0
394,Tom Gugliotta,PHX,33,6-10,250,North Carolina State,USA,1992,1,6,27.0,4.8,3.7,1.1,-7.2,5.6,17.2,16.8,47.4,11.4
395,Toni Kukoc,MIL,34,6-11,235,None,Croatia,1990,2,29,63.0,11.6,4.2,3.7,7.6,4.1,11.9,21.0,55.1,22.5
396,Tony Battie,BOS,27,6-11,240,Texas Tech,USA,1997,1,5,67.0,7.3,6.5,0.7,5.3,8.7,16.8,12.9,57.8,4.9
397,Tony Delk,BOS,29,6-2,189,Kentucky,USA,1996,1,16,67.0,9.8,3.5,2.2,-2.6,2.1,10.3,16.1,54.7,14.1
398,Tony Massenburg,UTA,35,6-9,250,Maryland,USA,1990,2,43,58.0,4.7,2.7,0.3,-6.0,8.3,13.4,18.3,50.8,3.7
399,Tony Parker,SAS,21,6-2,180,None,France,2001,1,28,82.0,15.5,2.6,5.3,8.5,1.3,6.4,22.5,54.2,26.8
400,Tracy McGrady,ORL,24,6-8,210,None,USA,1997,1,9,75.0,32.1,6.5,5.5,3.6,4.1,13.0,34.7,56.4,28.2
401,Tracy Murray,LAL,31,6-7,228,UCLA,USA,1992,1,18,32.0,1.9,0.7,0.4,-12.2,2.4,9.9,19.3,40.7,10.3
402,Travis Best,MIA,30,5-11,184,Georgia Tech,USA,1995,1,23,72.0,8.4,2.0,3.5,-6.7,1.4,7.1,19.1,47.3,25.3
403,Travis Knight,NYK,28,7-0,235,Connecticut,USA,1996,1,29,32.0,1.9,1.9,0.4,-1.6,6.1,15.8,12.3,42.4,8.0
404,Tremaine Fowlkes,LAC,27,6-8,220,Fresno State,USA,1998,2,54,37.0,4.4,2.8,0.6,8.7,7.5,11.2,13.7,53.3,6.0
405,Trenton Hassell,CHI,24,6-5,200,Austin Peay,USA,2001,2,29,82.0,4.2,3.1,1.8,-10.1,1.8,10.5,11.1,41.1,11.8
406,Troy Hudson,MIN,27,6-1,170,Southern Illinois,USA,Undrafted,Undrafted,Undrafted,79.0,14.2,2.3,5.7,2.5,1.6,5.3,21.0,53.1,26.1
407,Troy Murphy,GSW,23,6-11,245,Notre Dame,USA,2001,1,14,79.0,11.7,10.2,1.3,-2.5,8.6,21.7,16.4,52.6,6.6
408,Tyrone Hill,PHI,35,6-9,250,Xavier,USA,1990,1,11,56.0,5.6,7.0,0.7,-6.3,8.9,21.1,13.1,45.7,4.9
409,Tyronn Lue,WAS,26,6-0,178,Nebraska,USA,1998,1,23,75.0,8.6,2.0,3.5,-1.7,1.2,6.6,16.2,52.3,22.3
410,Tyson Chandler,CHI,20,7-1,235,None,USA,2001,1,2,75.0,9.2,6.9,1.0,-8.1,9.3,18.1,18.1,56.5,6.8
411,Vin Baker,BOS,31,6-11,250,Hartford,USA,1993,1,8,52.0,5.2,3.8,0.6,-3.7,9.4,11.9,15.1,53.1,5.3
412,Vince Carter,TOR,26,6-6,225,North Carolina,USA,1998,1,5,43.0,20.6,4.4,3.3,-0.9,3.9,9.0,27.4,53.2,18.1
413,Vincent Yarbrough,DEN,22,6-7,210,Tennessee,USA,2002,2,32,59.0,6.9,2.7,2.2,-6.1,2.5,10.2,17.2,44.6,16.0
414,Vitaly Potapenko,SEA,28,6-10,285,Wright State,Ukraine,1996,1,12,26.0,4.0,3.4,0.2,-7.0,6.4,17.6,15.3,49.2,1.7
415,Vlade Divac,SAC,35,7-1,260,None,Serbia,1989,1,26,80.0,9.9,7.2,3.4,10.0,6.8,16.0,17.1,51.9,16.0
416,Vladimir Radmanovic,SEA,22,6-10,234,None,Serbia,2001,1,12,72.0,10.1,4.5,1.3,4.3,4.1,13.3,19.5,50.8,8.6
417,Vladimir Stepania,MIA,27,7-1,255,None,Georgia,1998,1,27,79.0,5.6,7.0,0.3,-5.1,12.6,22.1,16.1,45.4,3.0
418,Voshon Lenard,TOR,30,6-4,205,Minnesota,USA,1994,2,46,63.0,14.3,3.4,2.3,-7.8,2.4,8.9,22.8,50.2,13.8
419,Wally Szczerbiak,MIN,26,6-7,244,Miami (Ohio),USA,1999,1,6,52.0,17.6,4.6,2.6,4.1,3.1,10.0,21.6,56.7,11.6
420,Walt Williams,DAL,33,6-8,230,Maryland,USA,1992,1,7,66.0,5.5,3.1,0.9,5.0,4.4,12.9,15.2,50.0,7.7
421,Walter McCarty,BOS,29,6-10,230,Kentucky,USA,1996,1,19,82.0,6.1,3.5,1.3,-2.1,3.2,11.6,12.4,54.0,9.5
422,Wang Zhi-zhi,LAC,25,7-1,275,None,China,1999,2,36,41.0,4.4,1.9,0.2,-1.6,6.6,13.0,23.5,48.5,4.1
423,Wesley Person,MEM,32,6-6,200,Auburn,USA,1994,1,23,66.0,11.0,2.9,1.7,-0.8,1.3,8.5,16.0,56.5,8.9
424,Yao Ming,HOU,22,7-5,296,None,China,2002,1,1,82.0,13.5,8.2,1.7,2.8,8.8,19.9,22.0,57.0,10.4
425,Zach Randolph,POR,21,6-9,253,Michigan State,USA,2001,1,19,77.0,8.4,4.5,0.5,-4.0,10.8,17.1,22.1,55.5,5.8
426,Zeljko Rebraca,DET,31,7-0,257,None,Serbia,1994,2,54,30.0,6.6,3.1,0.3,3.7,6.7,13.9,19.3,59.6,3.6
427,Zendon Hamilton,TOR,28,6-11,254,St. John's,USA,Undrafted,Undrafted,Undrafted,3.0,2.0,1.3,0.0,9.1,6.3,30.0,25.0,51.0,0.0
428,Zydrunas Ilgauskas,CLE,28,7-3,260,None,Lithuania,1996,1,20,81.0,17.2,7.5,1.6,-8.0,9.7,15.3,27.8,51.6,10.1
