,Player,Team,Age,Height,Weight,COLLEGE,COUNTRY,DRAFT YEAR,DRAFT ROUND,DRAFT NUMBER,GP,PTS,REB,AST,NETRTG,OREB%,DREB%,USG%,TS%,AST%
0,,,,,,,,,,,,,,,,,,,,
1,A.J. Guyton,CHI,24,6-1,180,Indiana,USA,2000,2,32,45.0,5.4,1.0,1.8,-3.9,1.9,5.7,21.7,47.7,24.8
2,Aaron McKie,PHI,29,6-5,209,Temple,USA,1994,1,17,48.0,12.2,4.0,3.7,3.5,1.8,11.2,19.6,54.0,22.0
3,Aaron Williams,NJN,30,6-9,240,Xavier,USA,Undrafted,Undrafted,Undrafted,82.0,7.2,4.1,0.9,4.7,7.7,14.2,17.7,56.8,8.4
4,Adonal Foyle,GSW,27,6-10,265,Colgate,St. Vincent & Grenadines,1997,1,8,79.0,4.8,4.9,0.5,-6.8,9.1,15.3,14.3,44.5,4.4
5,Adrian Griffin,DAL,27,6-5,215,Seton Hall,USA,Undrafted,Undrafted,Undrafted,58.0,7.2,3.9,1.8,6.1,5.1,11.6,13.4,54.5,10.8
6,Al Harrington,IND,22,6-9,250,None,USA,1998,1,25,44.0,13.1,6.3,1.2,-1.6,7.4,13.4,21.5,52.6,7.3
7,Alan Henderson,ATL,29,6-9,240,Indiana,USA,1995,1,16,26.0,5.5,3.7,0.4,2.8,7.6,15.1,16.7,52.7,4.3
8,Allan Houston,NYK,31,6-6,200,Tennessee,USA,1993,1,11,77.0,20.4,3.3,2.5,-5.9,1.3,7.6,25.2,54.0,12.3
9,Allen Iverson,PHI,27,6-0,165,Georgetown,USA,1996,1,1,60.0,31.4,4.5,5.5,5.5,1.7,8.4,36.5,48.9,26.6
10,Alonzo Mourning,MIA,32,6-10,261,Georgetown,USA,1992,1,2,75.0,15.7,8.4,1.2,2.0,8.0,18.5,24.0,55.8,6.7
11,Alton Ford,PHX,21,6-9,275,Houston,USA,2001,2,50,53.0,3.1,2.0,0.1,-10.6,7.1,16.8,16.7,57.3,2.7
12,Alvin Jones,PHI,23,6-11,265,Georgia Tech,USA,2001,2,56,23.0,1.1,1.6,0.1,-4.4,11.2,20.7,13.8,45.1,3.6
13,Alvin Williams,TOR,27,6-5,185,Villanova,USA,1997,2,47,82.0,11.8,3.4,5.7,-0.5,1.9,7.7,18.1,47.0,26.2
14,Amal McCaskill,SAS,28,6-11,245,Marquette,USA,1996,2,49,27.0,1.9,1.3,0.1,-18.0,9.9,11.8,20.7,43.0,5.1
15,Andre Miller,CLE,26,6-2,200,Utah,USA,1999,1,8,81.0,16.5,4.7,10.9,-1.9,3.7,9.2,22.5,53.8,48.4
16,Andrei Kirilenko,UTA,21,6-9,210,None,Russia,1999,1,24,82.0,10.7,4.9,1.1,8.1,7.3,12.7,18.8,55.3,7.3
17,Andrew DeClercq,ORL,29,6-10,255,Florida,USA,1995,2,34,61.0,2.7,2.7,0.4,-0.2,11.1,14.6,14.0,47.4,5.5
18,Anfernee Hardaway,PHX,30,6-7,215,Memphis,USA,1993,1,3,80.0,12.0,4.4,4.1,-1.2,3.9,10.4,21.4,47.2,21.1
19,Ansu Sesay,SEA,25,6-9,225,Mississippi,USA,1998,2,30,9.0,6.4,2.2,0.9,-10.6,5.5,10.4,18.0,54.9,9.1
20,Antawn Jamison,GSW,26,6-9,223,North Carolina,USA,1998,1,4,82.0,19.7,6.8,2.0,-6.1,6.3,11.0,23.4,51.6,9.3
21,Anthony Carter,MIA,27,6-2,195,Hawaii,USA,Undrafted,Undrafted,Undrafted,46.0,4.3,2.5,4.7,-9.2,1.9,9.6,15.6,35.9,34.7
22,Anthony Johnson,NJN,27,6-3,190,College of Charleston,USA,1997,2,39,34.0,2.8,0.9,1.4,2.9,2.9,5.5,15.3,46.5,22.3
23,Anthony Mason,MIL,35,6-8,255,Tennessee State,USA,1988,3,53,82.0,9.6,7.9,4.2,-0.1,4.3,16.4,12.6,54.4,16.2
24,Anthony Peeler,MIN,32,6-4,208,Missouri,USA,1992,1,15,82.0,9.0,2.5,2.2,0.0,1.8,8.3,17.0,51.9,13.5
25,Antoine Walker,BOS,25,6-9,245,Kentucky,USA,1996,1,6,81.0,22.1,8.8,5.0,3.1,4.3,16.5,27.5,49.0,22.4
26,Antonio Daniels,SAS,27,6-4,205,Bowling Green,USA,1997,1,4,82.0,9.2,2.1,2.8,6.4,1.1,6.8,16.2,53.4,17.6
27,Antonio Davis,TOR,33,6-9,230,Texas-El Paso,USA,1990,2,45,77.0,14.5,9.6,2.0,0.3,8.4,16.7,19.5,49.7,8.7
28,Antonio Harvey,SEA,31,,,Pfeiffer,USA,Undrafted,Undrafted,Undrafted,5.0,1.8,1.8,1.0,-13.0,9.8,7.4,14.8,34.9,14.3
29,Antonio McDyess,DEN,27,6-9,245,Alabama,USA,1995,1,2,10.0,11.3,5.5,1.8,-14.3,8.4,19.1,20.8,63.1,13.6
30,Antonis Fotsis,MEM,21,6-10,219,None,Greece,2001,2,47,28.0,3.9,2.2,0.4,-5.7,8.0,11.0,18.4,47.9,5.7
31,Art Long,SEA,29,6-9,253,Cincinnati,USA,Undrafted,Undrafted,Undrafted,63.0,4.5,4.0,0.7,0.1,11.4,15.4,16.1,50.6,6.3
32,Austin Croshere,IND,27,6-10,242,Providence,USA,1997,1,12,76.0,6.8,3.9,1.0,1.1,5.8,16.9,19.4,51.8,10.4
33,Avery Johnson,DAL,37,5-11,180,Southern,USA,Undrafted,Undrafted,Undrafted,68.0,7.9,1.0,4.2,-5.6,1.0,4.1,19.6,53.1,35.6
34,Baron Davis,CHH,23,6-3,223,UCLA,USA,1999,1,3,82.0,18.1,4.3,8.5,2.3,2.8,7.8,23.4,49.8,36.4
35,Ben Wallace,DET,27,6-9,240,Virginia Union,USA,Undrafted,Undrafted,Undrafted,80.0,7.6,13.0,1.4,3.0,11.5,25.7,10.4,52.2,6.2
36,Bimbo Coles,CLE,34,6-2,182,Virginia Tech,USA,1990,2,40,47.0,3.2,1.2,2.3,-15.6,1.8,6.6,12.8,45.9,26.9
37,Bo Outlaw,PHX,31,6-8,210,Houston,USA,Undrafted,Undrafted,Undrafted,83.0,4.5,4.4,1.5,2.2,7.8,11.1,10.1,54.7,9.7
38,Bob Sura,GSW,29,6-5,200,Florida State,USA,1995,1,17,78.0,10.0,3.3,3.5,-4.8,4.7,9.4,20.6,53.0,26.3
39,Bobby Jackson,SAC,29,6-1,185,Minnesota,USA,1997,1,23,81.0,11.1,3.1,2.0,9.0,4.4,9.3,22.8,53.7,15.7
40,Bobby Simmons,WAS,22,6-6,235,DePaul,USA,2001,2,41,30.0,3.7,1.7,0.6,0.8,7.5,8.5,16.0,51.8,8.5
41,Bonzi Wells,POR,25,6-5,213,Ball State,USA,1998,1,11,74.0,17.0,6.0,2.8,4.3,5.4,14.5,26.0,53.8,15.2
42,Brad Miller,IND,26,7-0,261,Purdue,USA,Undrafted,Undrafted,Undrafted,76.0,13.6,8.2,2.0,-3.9,11.1,17.0,20.2,57.2,12.4
43,Brandon Armstrong,NJN,22,6-5,188,Pepperdine,USA,2001,1,23,35.0,1.8,0.5,0.2,-10.1,4.5,3.0,21.6,35.8,7.9
44,Brendan Haywood,WAS,22,7-0,266,North Carolina,USA,2001,1,20,62.0,5.1,5.2,0.5,-2.0,11.1,13.7,12.4,54.0,3.8
45,Brent Barry,SEA,30,6-6,203,Oregon State,USA,1995,1,15,81.0,14.4,5.4,5.3,3.7,2.0,13.0,15.7,65.2,20.9
46,Brent Price,SAC,33,6-1,185,Oklahoma,USA,1992,2,32,20.0,1.6,0.4,0.5,-20.1,3.7,3.5,17.8,47.4,16.4
47,Brevin Knight,MEM,26,5-10,170,Stanford,USA,1997,1,16,53.0,7.0,2.1,5.7,-6.1,1.0,8.7,19.1,48.2,44.7
48,Brian Cardinal,DET,25,6-8,245,Purdue,USA,2000,2,44,8.0,2.1,0.8,0.3,17.3,5.0,8.5,14.7,61.2,6.9
49,Brian Grant,MIA,30,6-9,254,Xavier,USA,1994,1,8,72.0,9.3,8.0,1.9,-1.0,8.1,18.9,16.6,50.8,10.3
50,Brian Scalabrine,NJN,24,6-9,240,Southern California,USA,2001,2,34,28.0,2.1,1.8,0.8,1.9,4.1,14.7,14.9,40.8,11.3
51,Brian Shaw,LAL,36,6-6,200,California-Santa Barbara,USA,1988,1,24,58.0,2.9,1.9,1.5,8.3,2.8,14.3,15.0,45.8,20.7
52,Brian Skinner,CLE,26,6-9,265,Baylor,USA,1998,1,22,65.0,3.4,4.3,0.3,-1.1,8.9,16.7,9.8,56.9,2.4
53,Bruce Bowen,SAS,31,6-7,200,California State-Fullerton,USA,Undrafted,Undrafted,Undrafted,59.0,7.0,2.7,1.5,9.8,2.7,7.0,13.9,46.8,7.9
54,Bruno Sundov,IND,22,7-2,246,None,Croatia,1998,2,35,22.0,1.5,1.0,0.1,1.6,7.4,16.5,21.4,39.1,5.8
55,Bryant Stith,CLE,31,6-5,210,Virginia,USA,1992,1,13,50.0,4.2,1.7,0.8,-9.2,3.0,10.1,16.3,49.3,11.2
56,Bryce Drew,CHH,27,6-3,184,Valparaiso,USA,1998,1,16,61.0,3.4,1.2,1.7,1.8,1.9,7.5,13.0,53.9,20.9
57,Bryon Russell,UTA,31,6-7,225,Long Beach State,USA,1993,2,45,66.0,9.6,4.5,2.1,4.6,4.2,12.0,16.9,49.3,11.1
58,Cal Bowdler,ATL,25,6-10,253,Old Dominion,USA,1999,1,17,52.0,3.1,2.1,0.2,0.4,6.7,12.6,15.6,41.6,3.0
59,Calbert Cheaney,DEN,30,6-7,217,Indiana,USA,1993,1,6,68.0,7.3,3.5,1.6,-10.0,3.4,11.6,15.5,49.9,11.2
60,Calvin Booth,SEA,26,6-11,231,Penn State,USA,1999,2,35,15.0,6.2,3.6,1.1,-8.2,7.1,12.2,17.7,50.2,9.2
61,Carlos Arroyo,DEN,22,6-2,202,Florida International,Puerto Rico,Undrafted,Undrafted,Undrafted,37.0,3.0,1.1,1.9,-5.0,3.0,7.8,16.5,46.7,32.3
62,Carlos Rogers,IND,31,6-11,232,Tennessee State,USA,1994,1,11,22.0,2.7,1.7,0.1,-4.4,8.6,14.0,15.6,57.4,3.0
63,Cedric Henderson,GSW,27,6-7,225,Memphis,USA,1997,2,44,12.0,3.0,0.3,0.3,13.1,1.2,2.8,23.6,52.8,10.0
64,Charles Oakley,CHI,38,6-9,245,Virginia Union,USA,1985,1,9,57.0,3.8,6.0,2.0,-12.3,5.2,21.2,12.2,39.2,13.4
65,Charles Smith,SAS,26,6-4,194,New Mexico,USA,1997,1,26,60.0,7.4,2.2,1.3,-1.5,3.0,8.7,20.1,48.3,12.1
66,Charlie Bell,DAL,23,6-3,200,Michigan State,USA,Undrafted,Undrafted,Undrafted,7.0,1.1,0.7,0.3,-25.4,5.3,7.1,17.2,33.7,7.4
67,Charlie Ward,NYK,31,6-2,185,Florida State,USA,1994,1,26,63.0,5.2,2.0,3.2,-0.1,1.4,10.4,17.7,49.6,33.9
68,Chauncey Billups,MIN,25,6-3,202,Colorado,USA,1997,1,3,82.0,12.5,2.8,5.5,3.4,1.5,8.3,20.2,55.5,29.6
69,Cherokee Parks,SAS,29,6-11,240,Duke,USA,1995,1,12,42.0,1.5,1.4,0.2,-15.5,9.6,15.2,17.5,36.4,7.0
70,Chris Andersen,DEN,23,6-10,230,Blinn J.C.,USA,Undrafted,Undrafted,Undrafted,24.0,3.0,3.2,0.3,7.4,13.2,13.7,16.1,41.7,3.9
71,Chris Childs,TOR,34,6-3,195,Boise State,USA,Undrafted,Undrafted,Undrafted,69.0,4.1,2.2,5.1,-1.0,1.1,9.0,13.0,43.5,35.2
72,Chris Crawford,ATL,27,6-9,235,Marquette,USA,1997,2,50,7.0,7.6,3.6,0.7,-13.0,6.1,12.4,20.4,51.4,7.1
73,Chris Dudley,POR,37,6-11,260,Yale,USA,1987,4,75,43.0,1.1,1.9,0.3,2.6,8.1,16.7,9.4,42.4,5.8
74,Chris Gatling,MIA,34,,,Old Dominion,USA,1991,1,16,54.0,6.4,3.8,0.5,-3.7,8.8,17.4,23.1,50.1,6.1
75,Chris Mihm,CLE,22,7-0,265,Texas-Austin,USA,2000,1,7,74.0,7.7,5.3,0.3,-6.7,8.2,15.8,19.5,47.0,2.5
76,Chris Mills,GSW,32,6-7,220,Arizona,USA,1993,1,22,66.0,7.4,2.9,1.1,-5.3,3.9,11.8,17.9,51.6,9.9
77,Chris Webber,SAC,29,6-10,245,Michigan,USA,1993,1,1,54.0,24.5,10.1,4.8,9.9,7.3,18.2,28.8,54.0,21.0
78,Chris Whitney,WAS,30,6-0,175,Clemson,USA,1993,2,47,82.0,10.2,1.9,3.8,-1.2,0.5,7.0,16.7,56.8,22.9
79,Christian Laettner,WAS,32,6-11,245,Duke,USA,1992,1,3,57.0,7.1,5.3,2.6,-4.6,5.3,16.5,15.1,51.1,16.6
80,Chucky Atkins,DET,27,5-11,160,South Florida,USA,Undrafted,Undrafted,Undrafted,79.0,12.1,2.0,3.3,0.9,1.4,5.8,19.6,56.8,20.4
81,Chucky Brown,SAC,34,6-8,220,North Carolina State,USA,1989,2,43,18.0,1.2,1.8,0.3,-10.8,9.1,19.5,14.0,37.7,9.4
82,Clar. Weatherspoon,NYK,31,6-7,270,Southern Mississippi,USA,1992,1,9,56.0,8.8,8.2,1.1,-5.5,8.7,18.8,15.1,47.8,5.8
83,Clifford Robinson,DET,35,6-10,225,Connecticut,USA,1989,2,36,80.0,14.6,4.8,2.5,2.2,2.9,11.1,21.3,50.3,12.5
84,Corey Maggette,LAC,22,6-6,228,Duke,USA,1999,1,13,63.0,11.4,3.7,1.8,-2.7,3.4,10.9,21.0,56.0,11.4
85,Corie Blount,PHI,33,6-10,242,Cincinnati,USA,1993,1,25,72.0,3.6,5.1,0.6,-3.9,10.3,16.0,10.0,47.8,5.1
86,Corliss Williamson,DET,28,6-7,245,Arkansas,USA,1995,1,13,78.0,13.6,4.1,1.2,4.5,7.5,12.1,28.9,56.7,11.3
87,Courtney Alexander,WAS,25,6-6,205,Fresno State,USA,2000,1,13,56.0,9.8,2.6,1.5,-6.2,3.3,8.3,20.1,52.1,11.4
88,Cuttino Mobley,HOU,26,6-4,210,Rhode Island,USA,1998,2,41,74.0,21.7,4.1,2.5,-3.5,2.1,7.8,24.5,53.7,11.2
89,Dale Davis,POR,33,6-11,252,Clemson,USA,1991,1,13,78.0,9.5,8.8,1.2,5.6,11.0,18.1,13.7,55.1,6.0
90,Dalibor Bagaric,CHI,21,7-1,270,None,Croatia,2000,1,24,50.0,3.7,3.2,0.5,-9.7,8.7,17.7,18.4,44.3,5.9
91,Damon Jones,DET,25,6-3,185,Houston,USA,Undrafted,Undrafted,Undrafted,67.0,5.1,1.5,2.1,4.9,1.3,8.1,15.6,54.8,21.0
92,Damon Stoudamire,POR,28,5-10,171,Arizona,USA,1995,1,7,75.0,13.5,3.9,6.5,4.1,2.9,8.0,18.4,50.6,28.0
93,Damone Brown,PHI,23,6-8,202,Syracuse,USA,2001,2,36,17.0,1.4,0.2,0.1,-9.2,3.3,3.4,20.6,46.9,5.1
94,Dan Langhi,HOU,24,6-11,220,Vanderbilt,USA,2000,2,31,34.0,3.1,2.0,0.4,-18.9,4.7,11.3,14.4,41.2,5.8
95,Dan Majerle,PHX,36,6-6,222,Central Michigan,USA,1988,1,14,65.0,4.6,2.7,1.4,3.1,2.3,12.3,12.7,49.0,11.2
96,Dana Barros,DET,35,5-11,165,Boston College,USA,1989,1,16,29.0,6.7,2.0,2.7,0.3,0.2,9.7,18.6,47.3,22.1
97,Daniel Santiago,PHX,26,7-1,256,St. Vincent,Puerto Rico,Undrafted,Undrafted,Undrafted,3.0,2.7,2.3,0.7,-12.5,0.0,26.9,18.5,50.0,20.0
98,Danny Ferry,SAS,35,6-10,235,Duke,USA,1989,1,2,50.0,4.6,1.8,1.0,7.0,2.0,8.8,12.0,59.4,9.9
99,Danny Fortson,GSW,26,6-8,260,Cincinnati,USA,1997,1,10,77.0,11.2,11.7,1.6,-4.7,11.7,26.8,18.6,50.4,8.9
100,Danny Manning,DAL,36,6-10,234,Kansas,USA,1988,1,1,41.0,4.0,2.6,0.7,-2.6,4.6,14.1,15.3,50.5,8.4
101,Darius Miles,LAC,20,6-9,210,None,USA,2000,1,3,82.0,9.5,5.5,2.2,0.4,4.9,15.1,18.3,51.6,13.7
102,Darrell Armstrong,ORL,34,6-1,180,Fayetteville State,USA,Undrafted,Undrafted,Undrafted,82.0,12.4,3.9,5.5,3.6,2.9,8.7,17.2,55.3,24.9
103,Darrick Martin,DAL,31,5-11,170,UCLA,USA,Undrafted,Undrafted,Undrafted,3.0,0.3,0.3,1.0,-48.5,0.0,5.6,23.1,4.6,25.0
104,Darvin Ham,MIL,28,6-7,230,Texas Tech,USA,Undrafted,Undrafted,Undrafted,70.0,4.3,2.9,1.0,0.3,7.8,8.9,12.8,57.1,9.4
105,David Robinson,SAS,36,7-1,250,Navy,USA,1987,1,1,78.0,12.2,8.3,1.2,9.9,9.0,19.6,19.3,56.2,6.8
106,David Wesley,CHH,31,6-1,203,Baylor,USA,Undrafted,Undrafted,Undrafted,67.0,14.2,2.1,3.5,-1.2,1.7,3.9,20.0,47.9,16.3
107,DeSagana Diop,CLE,20,7-0,300,None,Senegal,2001,1,8,18.0,1.4,0.9,0.3,-2.3,5.0,10.4,17.3,40.1,6.9
108,DeShawn Stevenson,UTA,21,6-5,210,None,USA,2000,1,23,67.0,4.9,2.0,1.7,-5.8,4.0,8.3,18.2,41.2,17.1
109,Dean Garrett,GSW,35,6-11,250,Indiana,USA,1988,2,38,34.0,1.1,1.7,0.1,2.1,7.4,19.4,14.7,32.0,3.8
110,Dean Oliver,GSW,23,5-11,175,Iowa,USA,Undrafted,Undrafted,Undrafted,20.0,2.1,0.4,1.1,-12.2,0.0,5.8,18.0,42.0,25.0
111,Dee Brown,ORL,33,,,Jacksonville,USA,1990,1,19,7.0,1.0,1.3,0.3,0.5,0.0,12.3,16.0,17.5,4.3
112,Dell Curry,TOR,38,6-5,205,Virginia Tech,USA,1986,1,15,56.0,6.4,1.4,1.1,0.2,2.5,7.0,20.3,49.5,12.0
113,DerMarr Johnson,ATL,22,6-9,201,Cincinnati,USA,2000,1,6,72.0,8.4,3.4,1.1,-2.0,3.4,11.3,17.6,51.3,7.6
114,Derek Anderson,POR,27,6-5,195,Kentucky,USA,1997,1,13,70.0,10.8,2.7,3.1,5.3,2.6,8.1,19.0,53.7,18.8
115,Derek Fisher,LAL,27,6-1,200,Arkansas-Little Rock,USA,1996,1,24,70.0,11.2,2.1,2.6,9.8,0.7,6.4,17.3,55.0,13.7
116,Derrick Coleman,PHI,35,6-10,270,Syracuse,USA,1990,1,1,58.0,15.1,8.8,1.7,2.7,8.5,16.7,21.0,52.4,8.4
117,Derrick Dial,TOR,26,6-4,184,Eastern Michigan,USA,1998,2,52,32.0,3.2,1.8,1.1,5.0,4.4,14.3,21.7,38.7,21.1
118,Derrick McKey,PHI,35,6-10,241,Alabama,USA,1987,1,9,41.0,2.9,3.1,1.1,0.1,6.5,10.8,8.8,46.4,9.3
119,Desmond Mason,SEA,24,6-5,222,Oklahoma State,USA,2000,1,17,75.0,12.4,4.7,1.4,5.3,4.1,10.9,18.5,53.3,6.8
120,Devean George,LAL,24,6-8,220,Augsburg,USA,1999,1,23,82.0,7.1,3.7,1.4,11.9,4.3,11.9,16.1,50.2,9.7
121,Dickey Simpkins,ATL,30,,,Providence,USA,1994,1,21,1.0,0.0,0.0,1.0,-28.6,0.0,0.0,0.0,0.0,50.0
122,Dikembe Mutombo,PHI,36,7-2,265,Georgetown,Congo,1991,1,4,80.0,11.5,10.8,1.0,5.1,9.2,20.7,15.2,57.4,4.8
123,Dion Glover,ATL,23,6-5,228,Georgia Tech,USA,1999,1,20,55.0,8.9,3.1,1.5,-10.8,3.2,11.6,22.1,49.1,12.7
124,Dirk Nowitzki,DAL,24,7-0,245,None,Germany,1998,1,9,76.0,23.4,9.9,2.4,6.9,4.3,21.9,25.0,59.9,10.5
125,Don Reid,ORL,28,6-8,250,Georgetown,USA,1995,2,58,68.0,3.3,2.6,0.4,-1.6,8.5,14.8,16.1,50.9,6.1
126,Donnell Harvey,DEN,21,6-8,220,Florida,USA,2000,1,22,47.0,5.7,4.8,0.8,0.7,9.3,17.5,15.1,52.6,7.3
127,Donny Marshall,NJN,29,6-7,230,Connecticut,USA,1995,2,39,20.0,1.5,1.1,0.3,-6.5,5.8,10.0,14.6,40.6,7.8
128,Donyell Marshall,UTA,29,6-9,230,Connecticut,USA,1994,1,4,58.0,14.8,7.6,1.7,-6.2,9.5,17.3,22.3,56.5,11.1
129,Doug Christie,SAC,32,6-6,205,Pepperdine,USA,1992,1,17,81.0,12.0,4.6,4.2,8.9,2.6,10.3,15.3,57.8,16.9
130,Doug Overton,LAC,32,6-3,190,La Salle,USA,1991,2,40,18.0,2.2,0.7,0.7,-1.9,0.8,8.8,19.5,41.4,16.7
131,Earl Boykins,LAC,26,5-5,133,Eastern Michigan,USA,Undrafted,Undrafted,Undrafted,68.0,4.1,0.8,2.1,-0.1,3.4,3.6,19.6,46.4,30.9
132,Earl Watson,SEA,23,6-1,190,UCLA,USA,2001,2,39,64.0,3.6,1.3,2.0,2.9,3.6,5.7,13.3,50.7,19.6
133,Eddie Gill,MEM,23,6-0,190,Weber State,USA,Undrafted,Undrafted,Undrafted,23.0,5.0,1.2,2.1,-19.3,1.8,6.0,17.2,53.1,26.2
134,Eddie Griffin,HOU,20,6-10,220,Seton Hall,USA,2001,1,7,73.0,8.8,5.7,0.7,-4.6,6.0,15.6,18.0,45.6,4.9
135,Eddie House,MIA,24,6-1,180,Arizona State,USA,2000,2,37,64.0,8.0,1.7,1.9,-2.3,1.4,8.0,23.3,47.1,18.6
136,Eddie Jones,MIA,30,6-6,200,Temple,USA,1994,1,10,81.0,18.3,4.7,3.2,1.3,2.0,10.2,22.1,54.6,15.2
137,Eddie Robinson,CHI,26,6-9,205,Central Oklahoma,USA,Undrafted,Undrafted,Undrafted,29.0,9.0,2.7,1.3,-10.0,3.7,9.2,21.0,48.9,9.7
138,Eddy Curry,CHI,19,6-11,285,None,USA,2001,1,4,72.0,6.7,3.8,0.3,-10.6,10.1,14.3,20.4,54.0,3.9
139,Eduardo Najera,DAL,25,6-8,234,Oklahoma,Mexico,2000,2,38,62.0,6.5,5.5,0.6,12.9,11.1,14.2,12.9,54.8,3.9
140,Elden Campbell,CHH,33,7-0,279,Clemson,USA,1990,1,27,77.0,13.9,6.9,1.3,0.8,6.2,18.8,23.4,55.8,8.4
141,Eldridge Recasner,LAC,34,,,Washington,USA,1992,,,6.0,0.8,0.0,0.8,2.8,0.0,0.0,9.7,38.8,31.3
142,Elliot Perry,MEM,33,,,Memphis,USA,1991,2,37,2.0,5.5,2.0,3.5,-40.2,0.0,10.8,17.3,50.6,38.9
143,Elton Brand,LAC,23,6-8,265,Duke,USA,1999,1,1,80.0,18.2,11.6,2.4,0.2,13.4,17.6,20.9,58.6,10.9
144,Emanual Davis,ATL,33,6-5,195,Delaware State,USA,Undrafted,Undrafted,Undrafted,28.0,6.6,2.6,2.4,-9.5,2.4,7.1,14.7,44.9,14.5
145,Eric Montross,TOR,30,7-0,270,North Carolina,USA,1994,1,9,49.0,2.4,2.9,0.3,-9.4,5.4,16.9,11.9,39.8,3.9
146,Eric Piatkowski,LAC,31,6-6,215,Nebraska,USA,1994,1,15,71.0,8.8,2.6,1.6,-1.8,2.5,8.3,14.6,60.1,10.1
147,Eric Snow,PHI,29,6-3,204,Michigan State,USA,1995,2,43,61.0,12.1,3.5,6.6,4.9,1.6,8.1,17.6,51.0,30.1
148,Eric Williams,BOS,29,6-8,220,Providence,USA,1995,1,14,74.0,6.4,3.0,1.5,4.4,3.2,9.2,14.6,49.0,9.9
149,Erick Barkley,POR,24,6-1,177,St. John's,USA,2000,1,28,19.0,3.1,0.9,1.8,1.8,2.2,5.8,16.9,40.1,23.8
150,Erick Dampier,GSW,26,6-11,265,Mississippi State,USA,1996,1,10,73.0,7.6,5.3,1.2,-6.7,9.1,12.4,17.5,48.4,7.8
151,Erick Strickland,BOS,28,6-3,218,Nebraska,USA,Undrafted,Undrafted,Undrafted,79.0,7.7,2.7,2.3,-2.1,1.3,11.5,17.5,54.5,19.8
152,Ernest Brown,MIA,23,7-0,244,Indian Hills C.C.,USA,2000,2,52,3.0,1.0,2.0,0.0,-55.1,4.2,27.8,22.4,19.3,0.0
153,Ervin Johnson,MIL,34,6-11,255,New Orleans,USA,1993,1,23,81.0,2.6,5.8,0.3,-0.5,9.2,19.4,7.7,46.8,2.4
154,Etan Thomas,WAS,24,6-10,260,Syracuse,USA,2000,1,12,47.0,4.3,3.9,0.1,1.3,8.9,20.6,15.0,55.3,1.5
155,Evan Eschmeyer,DAL,27,6-11,255,Northwestern,USA,1999,2,34,31.0,2.0,3.2,0.3,2.3,11.3,19.8,11.8,48.0,4.3
156,Felipe Lopez,MIN,27,6-5,195,St. John's,Dominican Republic,1998,1,24,67.0,2.5,1.2,0.6,-3.6,5.0,8.8,16.5,46.9,10.8
157,Felton Spencer,NYK,34,7-0,290,Louisville,USA,1990,1,6,32.0,0.9,1.6,0.1,-1.9,6.5,13.4,9.9,35.8,1.9
158,Fred Hoiberg,CHI,29,6-5,210,Iowa State,USA,1995,2,52,79.0,4.4,2.7,1.7,-6.6,1.3,14.3,11.6,51.9,15.8
159,Gary Payton,SEA,33,6-4,180,Oregon State,USA,1990,1,2,82.0,22.1,4.8,9.0,3.2,2.5,9.7,26.6,52.6,39.1
160,Gary Trent,MIN,27,6-8,250,Ohio,USA,1995,1,11,64.0,7.5,4.2,0.9,-3.1,9.3,14.9,19.7,53.8,8.7
161,George Lynch,CHH,31,6-8,228,North Carolina,USA,1993,1,12,45.0,3.8,4.1,1.2,-0.8,7.5,13.0,12.8,39.9,10.0
162,George McCloud,DEN,35,6-8,225,Florida State,USA,1989,1,7,69.0,8.8,3.6,3.0,-9.7,3.4,10.6,18.7,46.6,18.7
163,Gerald Wallace,SAC,19,6-7,215,Alabama,USA,2001,1,25,54.0,3.2,1.6,0.5,-0.1,10.0,7.7,19.7,44.3,9.4
164,Gilbert Arenas,GSW,20,6-3,191,Arizona,USA,2001,2,30,47.0,10.9,2.8,3.7,-5.3,3.2,7.5,19.3,56.2,24.1
165,Glen Rice,HOU,35,6-8,220,Michigan,USA,1989,1,4,20.0,8.6,2.4,1.6,-2.0,0.9,7.4,15.6,47.7,8.4
166,Glenn Robinson,MIL,29,6-7,230,Purdue,USA,1994,1,1,66.0,20.7,6.2,2.5,-1.6,3.3,14.2,28.3,53.7,13.0
167,Grant Hill,ORL,29,6-8,225,Duke,USA,1994,1,3,14.0,16.8,8.9,4.6,0.8,5.1,18.0,22.3,51.0,20.6
168,Grant Long,MEM,36,6-9,250,Eastern Michigan,USA,1988,2,33,66.0,6.3,3.5,2.1,-10.1,1.7,10.6,13.2,47.5,11.7
169,Greg Anthony,MIL,34,6-1,180,UNLV,USA,1991,1,12,60.0,7.9,2.2,4.7,-8.8,1.5,7.5,18.2,46.0,31.0
170,Greg Buckner,DAL,25,6-4,210,Clemson,USA,1998,2,53,44.0,5.8,3.9,1.1,1.7,7.7,12.2,12.5,56.6,7.7
171,Greg Foster,MIL,33,,,Texas-El Paso,USA,1990,2,35,6.0,1.2,1.3,0.2,-16.3,0.0,32.0,18.6,32.5,8.3
172,Greg Ostertag,UTA,29,7-2,280,Kansas,USA,1995,1,28,74.0,3.3,4.2,0.7,3.2,12.3,17.2,12.4,47.4,6.8
173,Hakeem Olajuwon,TOR,39,7-0,255,Houston,Nigeria,1984,1,1,61.0,7.1,6.0,1.1,1.2,7.0,19.7,18.2,47.8,7.6
174,Hanno Mottola,ATL,25,6-11,247,Utah,Finland,2000,2,40,82.0,4.8,3.3,0.6,-5.3,6.1,14.4,15.9,47.4,6.0
175,Harold Jamison,LAC,25,6-9,269,Clemson,USA,Undrafted,Undrafted,Undrafted,25.0,2.2,1.6,0.2,-0.8,12.1,8.9,12.8,54.4,5.1
176,Hedo Turkoglu,SAC,23,6-8,220,None,Turkey,2000,1,16,80.0,10.1,4.5,2.0,10.7,3.1,14.5,19.1,51.4,12.6
177,Horace Grant,ORL,36,6-10,245,Clemson,USA,1987,1,10,76.0,8.0,6.3,1.4,5.2,7.2,14.7,12.4,53.9,6.9
178,Howard Eisley,NYK,29,6-2,180,Boston College,USA,1994,2,30,39.0,4.4,1.3,2.6,-0.4,1.6,6.4,19.1,43.5,29.2
179,Hubert Davis,WAS,32,6-5,183,North Carolina,USA,1992,1,20,51.0,7.2,1.5,2.1,-2.4,0.6,5.7,14.0,54.4,14.4
180,Ike Austin,MEM,32,6-10,288,Arizona State,USA,1991,2,48,21.0,3.6,3.4,0.6,-15.4,3.5,20.0,15.2,40.5,7.2
181,Ike Fontaine,MEM,27,,,Washington State,USA,Undrafted,Undrafted,Undrafted,6.0,1.8,0.8,0.7,-37.5,0.0,7.7,11.7,33.1,9.3
182,Ira Bowman,PHI,29,,,Pennsylvania,USA,Undrafted,Undrafted,Undrafted,3.0,3.3,0.3,0.3,-4.1,0.0,3.1,11.5,71.4,6.3
183,Ira Newble,ATL,27,6-7,215,Miami (Ohio),USA,Undrafted,Undrafted,Undrafted,42.0,8.0,5.3,1.1,0.2,6.4,11.2,12.4,56.0,5.5
184,Isaiah Rider,DEN,31,,,UNLV,USA,1993,1,5,10.0,9.3,3.3,1.2,9.3,6.0,12.9,26.4,52.6,12.0
185,Jabari Smith,PHI,25,6-11,250,Louisiana State,USA,2000,2,45,23.0,3.2,1.2,0.5,3.1,4.3,9.4,18.3,47.4,9.5
186,Jacque Vaughn,ATL,27,6-1,190,Kansas,USA,1997,1,27,82.0,6.6,2.0,4.3,-7.0,1.0,8.5,14.8,54.7,31.6
187,Jahidi White,WAS,26,6-9,290,Georgetown,USA,1998,2,43,71.0,5.4,6.3,0.2,-3.4,12.0,22.8,14.0,55.2,1.9
188,Jake Tsakalidis,PHX,23,7-2,285,None,Greece,2000,1,25,67.0,7.3,5.6,0.3,1.7,8.1,15.3,15.4,52.2,2.2
189,Jake Voskuhl,PHX,24,6-11,245,Connecticut,USA,2000,2,33,59.0,5.0,4.2,0.3,-4.7,11.3,16.7,14.3,61.4,3.1
190,Jalen Rose,CHI,29,6-8,217,Michigan,USA,1994,1,13,83.0,20.4,4.5,4.3,-2.0,1.4,10.4,25.7,52.8,20.3
191,Jamaal Magloire,CHH,24,6-11,259,Kentucky,Canada,2000,1,19,82.0,8.5,5.6,0.4,4.9,10.0,19.3,19.6,62.3,3.5
192,Jamaal Tinsley,IND,24,6-3,195,Iowa State,USA,2001,1,27,80.0,9.4,3.7,8.1,1.1,3.2,8.8,20.1,44.6,40.9
193,Jamal Crawford,CHI,22,6-5,175,Michigan,USA,2000,1,8,23.0,9.3,1.5,2.4,-12.7,1.1,6.3,21.4,55.5,20.4
194,Jamal Mashburn,CHH,29,6-8,247,Kentucky,USA,1993,1,4,40.0,21.5,6.1,4.3,1.6,2.0,13.0,27.2,50.5,20.2
195,James Posey,DEN,25,6-8,215,Xavier,USA,1999,1,18,73.0,10.7,5.9,2.5,-5.0,4.5,15.3,18.7,47.4,12.9
196,Jamison Brewer,IND,21,6-2,178,Auburn,USA,2001,2,40,13.0,0.3,0.6,0.7,5.8,3.9,12.2,8.0,40.0,32.1
197,Jaren Jackson,ORL,34,6-6,225,Georgetown,USA,Undrafted,Undrafted,Undrafted,9.0,4.3,1.9,0.9,-16.0,0.7,11.5,13.9,50.3,9.0
198,Jarron Collins,UTA,23,6-11,252,Stanford,USA,2001,2,52,70.0,6.4,4.2,0.8,2.3,10.0,12.4,15.0,53.2,6.5
199,Jason Caffey,MIL,29,6-8,256,Alabama,USA,1995,1,20,23.0,4.3,2.2,0.5,-3.4,8.3,8.3,17.8,54.4,7.3
200,Jason Collier,HOU,24,7-0,260,Georgia Tech,USA,2000,1,15,25.0,4.2,3.3,0.4,-15.7,7.8,15.3,14.8,48.6,4.2
201,Jason Collins,NJN,23,7-0,260,Stanford,USA,2001,1,18,77.0,4.5,3.9,1.1,4.0,9.3,12.3,13.6,50.0,9.4
202,Jason Hart,SAS,24,6-2,181,Syracuse,USA,2000,2,49,10.0,2.6,1.3,1.2,-2.1,5.3,10.5,15.2,60.1,23.1
203,Jason Kidd,NJN,29,6-4,212,California,USA,1994,1,2,82.0,14.7,7.3,9.9,5.5,4.2,14.8,21.7,48.4,40.7
204,Jason Richardson,GSW,21,6-6,220,Michigan State,USA,2001,1,5,80.0,14.4,4.3,3.0,-5.1,4.3,8.0,21.1,48.7,14.9
205,Jason Terry,ATL,24,6-2,176,Arizona,USA,1999,1,10,78.0,19.3,3.5,5.7,-3.3,1.4,7.9,23.1,54.9,26.1
206,Jason Williams,MEM,26,6-1,190,Florida,USA,1998,1,7,65.0,14.8,3.0,8.0,-7.7,1.0,7.7,24.4,46.6,39.3
207,Jeff Foster,IND,25,6-11,242,Southwest Texas State,USA,1999,1,21,82.0,5.7,6.8,0.9,-0.4,11.6,19.1,13.9,49.3,6.2
208,Jeff McInnis,LAC,27,6-4,179,North Carolina,USA,1996,2,37,81.0,14.6,2.6,6.2,-1.4,1.5,5.5,20.0,48.6,27.7
209,Jeff Trepagnier,CLE,22,6-4,200,USC,USA,2001,2,35,12.0,1.5,1.0,1.0,9.1,3.8,10.8,20.1,34.5,25.5
210,Jelani McCoy,LAL,24,6-10,245,UCLA,USA,1998,2,33,21.0,1.2,1.2,0.3,-17.3,7.9,15.6,14.2,53.0,10.9
211,Jermaine Jackson,TOR,26,6-5,204,Detroit,USA,Undrafted,Undrafted,Undrafted,24.0,2.4,1.1,2.4,-4.5,1.1,9.0,11.1,54.2,32.8
212,Jermaine O'Neal,IND,23,6-11,242,None,USA,1996,1,17,72.0,19.0,10.5,1.6,1.8,7.3,20.0,24.9,52.1,7.9
213,Jerome James,SEA,26,7-1,272,Florida A&M,USA,1998,2,36,56.0,5.3,4.1,0.4,10.7,10.3,14.7,18.2,49.8,3.6
214,Jerome Moiso,CHH,24,6-10,232,UCLA,France,2000,1,11,15.0,1.1,1.7,0.3,3.9,5.1,26.9,16.3,40.0,8.5
215,Jerome Williams,TOR,29,6-9,206,Georgetown,USA,1996,1,26,68.0,7.6,5.7,1.1,2.6,9.9,14.2,14.9,54.2,7.4
216,Jerry Stackhouse,DET,27,6-6,218,North Carolina,USA,1995,1,3,76.0,21.4,4.1,5.3,1.9,3.0,9.0,31.4,51.8,28.8
217,Jeryl Sasser,ORL,23,6-6,200,Southern Methodist,USA,2001,1,22,7.0,1.4,1.0,0.3,-19.9,8.3,12.1,22.0,30.9,8.7
218,Jim Jackson,MIA,31,6-6,220,Ohio State,USA,1992,1,4,55.0,10.7,5.3,2.5,0.0,3.1,13.2,17.4,51.1,13.4
219,Joe Crispin,PHX,22,6-0,185,Penn State,USA,Undrafted,Undrafted,Undrafted,21.0,3.8,0.5,1.2,-4.2,1.2,5.8,23.3,53.6,27.7
220,Joe Johnson,PHX,21,6-7,225,Arkansas,USA,2001,1,10,77.0,7.5,3.3,2.3,-0.2,3.8,9.4,16.0,47.8,15.1
221,Joe Smith,MIN,26,6-10,225,Maryland,USA,1995,1,1,72.0,10.7,6.3,1.1,9.5,8.4,15.6,17.6,57.1,6.3
222,Joel Przybilla,MIL,22,7-1,255,Minnesota,USA,2000,1,9,71.0,2.7,4.0,0.3,-1.5,7.2,17.4,9.1,52.3,2.6
223,John Amaechi,UTA,31,6-10,270,Penn State,United Kingdom,Undrafted,Undrafted,Undrafted,54.0,3.2,2.0,0.5,-11.5,8.9,10.6,20.0,41.2,9.1
224,John Crotty,UTA,32,,,Virginia,USA,Undrafted,Undrafted,Undrafted,41.0,6.9,1.8,3.4,2.6,2.1,7.4,15.8,59.9,31.3
225,John Starks,UTA,36,6-5,190,Oklahoma State,USA,Undrafted,Undrafted,Undrafted,66.0,4.4,1.0,1.1,-1.2,1.6,6.1,17.9,44.2,13.2
226,John Stockton,UTA,40,6-1,175,Gonzaga,USA,1984,1,16,82.0,13.4,3.2,8.2,3.6,2.5,8.8,18.9,60.1,44.2
227,John Wallace,PHX,28,6-9,225,Syracuse,USA,1996,1,18,46.0,5.0,1.8,0.6,-6.6,5.6,12.2,23.3,49.3,9.9
228,Johnny Newman,DAL,38,6-7,210,Richmond,USA,1986,2,29,47.0,4.2,1.0,0.3,0.7,1.3,5.3,11.9,57.1,2.8
229,Jon Barry,DET,32,6-5,210,Georgia Tech,USA,1992,1,21,82.0,9.0,2.9,3.3,3.8,2.3,9.9,15.7,64.4,23.3
230,Jonathan Bender,IND,21,7-0,219,None,USA,1999,1,5,78.0,7.4,3.1,0.8,-1.2,4.0,10.5,17.5,53.8,6.4
231,Joseph Forte,BOS,21,6-4,194,North Carolina,USA,2001,1,21,8.0,0.8,0.8,0.8,-19.0,2.3,13.2,18.9,21.8,27.3
232,Jud Buechler,ORL,34,6-6,228,Arizona,USA,1990,2,38,66.0,1.7,1.8,0.5,-7.8,4.1,13.2,8.5,46.3,6.9
233,Jumaine Jones,CLE,23,6-8,218,Georgia,USA,1999,1,27,81.0,8.3,6.0,1.4,-2.3,6.1,17.6,16.0,50.1,8.5
234,Juwan Howard,DEN,29,6-9,250,Michigan,USA,1994,1,5,81.0,14.6,7.6,2.1,-2.1,8.5,15.1,22.3,51.3,10.9
235,Karl Malone,UTA,38,6-9,256,Louisiana Tech,USA,1985,1,13,80.0,22.4,8.6,4.3,0.7,5.0,19.3,28.5,53.2,21.6
236,Kedrick Brown,BOS,21,6-7,222,Northwest Florida State,USA,2001,1,11,29.0,2.2,1.7,0.5,0.5,4.2,15.2,15.5,40.0,10.2
237,Keith Van Horn,NJN,26,6-10,255,Utah,USA,1997,1,2,81.0,14.8,7.5,2.0,4.7,5.5,18.8,23.5,51.0,11.0
238,Kelvin Cato,HOU,27,6-11,255,Iowa State,USA,1997,1,15,75.0,6.6,7.0,0.4,-3.9,9.4,18.9,11.2,59.9,2.4
239,Kendall Gill,MIA,34,6-5,215,Illinois,USA,1990,1,5,65.0,5.7,2.8,1.5,-2.7,2.2,11.1,16.9,41.4,11.8
240,Kenny Anderson,BOS,31,6-1,168,Georgia Tech,USA,1991,1,2,76.0,9.6,3.6,5.3,5.4,2.3,8.9,16.4,47.2,26.7
241,Kenny Satterfield,DEN,21,6-1,176,Cincinnati,USA,2001,2,53,36.0,5.3,1.4,3.0,-4.8,2.9,7.0,21.4,43.1,33.5
242,Kenny Thomas,HOU,24,6-7,245,New Mexico,USA,1999,1,22,72.0,14.1,7.2,1.9,-6.0,6.5,15.1,21.0,52.0,10.1
243,Kenyon Martin,NJN,24,6-9,234,Cincinnati,USA,2000,1,1,73.0,14.9,5.3,2.6,6.4,4.5,10.7,22.0,50.3,12.3
244,Keon Clark,TOR,27,6-11,221,UNLV,USA,1998,1,13,81.0,11.3,7.4,1.1,-0.8,8.4,20.2,21.1,52.2,7.1
245,Kerry Kittles,NJN,28,6-5,180,Villanova,USA,1996,1,8,82.0,13.4,3.4,2.6,4.3,2.6,7.8,18.9,54.2,13.1
246,Kevin Garnett,MIN,26,6-11,220,None,USA,1995,1,5,81.0,21.2,12.1,5.2,5.5,7.9,23.4,25.8,53.6,22.0
247,Kevin Ollie,IND,29,6-2,195,Connecticut,USA,Undrafted,Undrafted,Undrafted,81.0,5.7,2.3,3.6,-4.7,1.5,9.4,14.8,51.0,29.3
248,Kevin Willis,HOU,39,7-0,245,Michigan State,USA,1984,1,11,52.0,6.1,5.8,0.3,-6.7,11.5,23.4,19.0,48.9,3.1
249,Keyon Dooling,LAC,22,6-3,196,Missouri,USA,2000,1,10,14.0,4.1,0.2,0.9,12.5,0.0,1.6,19.6,46.6,11.9
250,Kirk Haston,CHH,23,6-9,242,Indiana,USA,2001,1,16,15.0,1.7,1.3,0.3,-8.9,6.0,17.0,24.1,30.6,11.4
251,Kobe Bryant,LAL,23,6-7,210,None,USA,1996,1,13,80.0,25.2,5.5,5.5,7.4,3.6,10.3,29.9,54.4,25.4
252,Kurt Thomas,NYK,29,6-9,235,TCU,USA,1995,1,10,82.0,13.9,9.1,1.1,-4.7,7.8,19.7,20.0,54.2,5.7
253,Kwame Brown,WAS,20,6-11,243,None,USA,2001,1,1,57.0,4.5,3.5,0.8,-4.9,7.7,17.2,18.0,45.0,9.0
254,LaPhonso Ellis,MIA,32,6-8,240,Notre Dame,USA,1992,1,5,66.0,7.1,4.3,0.8,-5.4,6.5,11.0,15.7,48.0,5.9
255,Lamar Odom,LAC,22,6-10,221,Rhode Island,USA,1999,1,4,29.0,13.1,6.1,5.9,-0.4,3.1,13.1,22.4,47.3,29.4
256,Lamond Murray,CLE,29,6-7,236,California,USA,1994,1,7,71.0,16.6,5.2,2.2,-2.8,3.6,12.9,24.4,53.4,11.9
257,Larry Hughes,GSW,23,6-5,184,St. Louis,USA,1998,1,8,73.0,12.3,3.4,4.3,-5.2,3.6,7.7,21.7,48.4,25.1
258,Larry Robinson,NYK,34,6-3,180,Centenary-Louisiana,USA,Undrafted,Undrafted,Undrafted,2.0,1.5,1.0,0.0,17.0,0.0,25.0,16.0,37.5,0.0
259,Latrell Sprewell,NYK,31,6-5,195,Alabama,USA,1992,1,24,81.0,19.4,3.7,3.9,-3.9,1.8,7.3,24.6,50.1,17.1
260,Lavor Postell,NYK,24,6-5,215,St. John's,USA,2000,2,39,23.0,4.0,0.7,0.2,5.5,1.1,7.7,28.5,45.6,6.2
261,Lawrence Funderburke,SAC,31,6-9,230,Ohio State,USA,1994,2,51,56.0,4.7,3.5,0.6,3.8,10.0,15.9,17.7,49.0,6.9
262,Lee Nailon,CHH,27,6-9,238,TCU,USA,1999,2,43,79.0,10.8,3.7,1.2,-0.6,5.4,10.0,21.4,51.3,8.9
263,Leon Smith,ATL,21,6-10,235,None,USA,1999,1,29,14.0,2.2,2.2,0.2,2.9,9.9,23.1,15.4,46.3,4.6
264,Lindsey Hunter,LAL,31,6-2,195,Jackson State,USA,1993,1,10,82.0,5.8,1.5,1.6,3.9,1.1,6.1,15.5,46.6,11.9
265,Loren Woods,MIN,24,7-1,246,Arizona,USA,2001,2,45,60.0,1.8,2.0,0.4,-3.7,8.4,14.7,13.4,44.9,6.3
266,Lorenzen Wright,MEM,26,6-11,240,Memphis,USA,1996,1,7,43.0,12.0,9.4,1.0,-6.4,10.0,23.2,21.7,47.8,6.3
267,Lucious Harris,NJN,31,6-5,205,Long Beach State,USA,1993,2,28,74.0,9.1,2.8,1.6,2.7,3.2,10.1,19.2,55.6,13.6
268,Malik Allen,MIA,24,6-10,255,Villanova,USA,Undrafted,Undrafted,Undrafted,12.0,4.3,3.2,0.4,-2.3,8.9,13.4,16.1,46.9,5.4
269,Malik Rose,SAS,27,6-7,255,Drexel,USA,1996,2,44,82.0,9.4,6.0,0.7,8.2,10.5,17.6,23.4,51.7,6.4
270,Mamadou N'diaye,TOR,27,7-0,255,Auburn,Senegal,2000,1,26,5.0,4.0,2.2,0.0,-8.6,10.0,10.4,14.4,69.4,0.0
271,Marc Jackson,MIN,27,6-10,270,Temple,USA,1997,2,37,39.0,4.8,3.3,0.4,-2.5,9.3,16.0,20.0,46.7,5.0
272,Marcus Camby,NYK,28,6-11,235,Massachusetts,USA,1996,1,2,29.0,11.1,11.1,1.1,-4.3,9.2,23.8,17.1,48.3,5.5
273,Marcus Fizer,CHI,23,6-9,262,Iowa State,USA,2000,1,4,76.0,12.3,5.6,1.6,-8.0,6.6,16.2,25.7,48.2,11.6
274,Mark Blount,BOS,26,7-0,250,Pittsburgh,USA,1997,2,54,44.0,2.1,1.9,0.2,-5.4,5.9,14.8,12.2,50.9,3.9
275,Mark Bryant,SAS,37,6-9,250,Seton Hall,USA,1988,1,21,30.0,1.9,1.5,0.3,-4.7,11.6,9.0,13.9,47.8,7.8
276,Mark Jackson,NYK,37,6-3,195,St. John's,USA,1987,1,18,82.0,8.4,3.8,7.4,-6.2,2.4,11.1,15.3,53.6,40.5
277,Mark Madsen,LAL,26,6-9,236,Stanford,USA,2000,1,29,59.0,2.8,2.7,0.7,5.0,12.4,11.9,12.4,49.2,9.6
278,Mark Pope,MIL,29,6-10,235,Kentucky,USA,1996,2,52,45.0,1.9,1.6,0.4,-5.1,4.8,12.1,12.3,43.4,6.0
279,Mark Strickland,ATL,31,6-10,220,Temple,USA,Undrafted,Undrafted,Undrafted,46.0,4.5,2.8,0.4,-6.3,6.0,14.8,16.7,46.6,5.1
280,Mateen Cleaves,SAC,24,6-2,205,Michigan State,USA,2000,1,14,32.0,2.2,0.3,0.8,-13.0,0.6,3.8,24.3,48.6,25.3
281,Matt Bullard,CHH,35,,,Iowa,USA,Undrafted,Undrafted,Undrafted,31.0,3.4,1.5,0.5,-6.0,2.6,10.2,16.6,43.6,7.7
282,Matt Geiger,PHI,32,,,Georgia Tech,USA,1992,2,42,4.0,0.8,1.5,0.0,-38.3,7.5,8.6,14.5,16.9,0.0
283,Matt Harpring,PHI,26,6-7,231,Georgia Tech,USA,1998,1,15,81.0,11.8,7.1,1.3,4.3,8.2,14.7,18.8,51.2,7.3
284,Maurice Evans,MIN,23,6-5,220,Texas,USA,Undrafted,Undrafted,Undrafted,10.0,2.1,0.4,0.4,-4.0,5.2,2.3,18.3,50.6,15.4
285,Mengke Bateer,DEN,26,6-11,290,None,China,Undrafted,Undrafted,Undrafted,27.0,5.1,3.6,0.8,-5.1,7.6,17.2,19.3,46.9,9.6
286,Metta World Peace,IND,22,6-7,246,St. John's,USA,1999,1,16,55.0,13.2,4.9,2.3,0.2,4.4,12.3,23.0,50.1,14.2
287,Michael Bradley,TOR,23,6-9,227,Villanova,USA,2001,1,17,26.0,1.2,0.9,0.1,-19.5,6.1,14.7,12.6,52.6,4.2
288,Michael Curry,DET,33,6-5,210,Georgia Southern,USA,Undrafted,Undrafted,Undrafted,82.0,4.0,2.0,1.5,-0.9,0.8,8.5,9.3,52.1,10.4
289,Michael Dickerson,MEM,27,6-5,190,Arizona,USA,1998,1,14,4.0,10.8,3.0,2.3,-3.4,2.1,8.3,19.4,42.5,11.3
290,Michael Doleac,CLE,25,6-11,262,Utah,USA,1998,1,12,42.0,4.6,4.0,0.6,-7.9,6.9,18.1,15.7,46.8,5.6
291,Michael Finley,DAL,29,6-7,215,Wisconsin,USA,1995,1,21,69.0,20.6,5.2,3.3,4.0,3.3,9.9,23.6,53.2,13.8
292,Michael Jordan,WAS,39,6-6,216,North Carolina,USA,1984,1,3,60.0,22.9,5.7,5.2,-0.3,2.4,14.5,35.6,46.8,29.5
293,Michael Olowokandi,LAC,27,7-0,270,Pacific,Nigeria,1998,1,1,80.0,11.1,8.9,1.1,-1.7,6.5,21.4,20.1,45.7,5.9
294,Michael Redd,MIL,22,6-6,220,Ohio State,USA,2000,2,43,67.0,11.4,3.3,1.4,1.3,5.6,10.2,22.8,58.1,11.6
295,Michael Ruffin,PHI,25,6-8,248,Tulsa,USA,1999,2,32,15.0,1.1,3.4,0.3,-11.4,12.8,16.2,10.5,27.1,4.8
296,Michael Stewart,TOR,27,6-10,230,California,USA,Undrafted,Undrafted,Undrafted,11.0,2.0,2.3,0.3,1.2,12.5,15.9,15.8,39.5,6.8
297,Mike Bibby,SAC,24,6-1,190,Arizona,USA,1998,1,2,80.0,13.7,2.8,5.0,7.7,1.4,6.4,19.5,51.3,22.7
298,Mike James,MIA,27,6-2,190,Duquesne,USA,Undrafted,Undrafted,Undrafted,15.0,2.8,0.9,1.3,-15.5,1.6,12.0,22.8,45.6,30.6
299,Mike Miller,ORL,22,6-8,218,Florida,USA,2000,1,5,63.0,15.2,4.3,3.1,3.8,2.3,10.4,20.7,54.2,14.9
300,Mike Penberthy,LAL,27,6-3,180,The Master's College,USA,Undrafted,Undrafted,Undrafted,3.0,1.7,0.7,0.7,-4.0,0.0,14.3,13.3,66.5,25.0
301,Mikki Moore,DET,26,7-0,230,Nebraska,USA,Undrafted,Undrafted,Undrafted,30.0,2.6,1.7,0.4,2.8,11.4,15.1,17.8,54.5,8.7
302,Milt Palacio,PHX,24,6-3,195,Colorado State,Belize,Undrafted,Undrafted,Undrafted,69.0,3.3,1.1,1.2,-5.6,1.4,8.2,16.5,46.8,18.9
303,Mitch Richmond,LAL,37,6-5,220,Kansas State,USA,1988,1,5,64.0,4.1,1.5,0.9,8.6,1.9,9.9,18.7,48.8,13.1
304,Mitchell Butler,POR,31,6-5,216,UCLA,USA,Undrafted,Undrafted,Undrafted,11.0,2.6,1.3,0.5,-12.9,6.9,9.4,16.5,51.3,9.8
305,Monty Williams,ORL,30,6-8,225,Notre Dame,USA,1994,1,24,68.0,7.1,3.5,1.4,-3.7,6.3,12.2,17.3,57.5,12.6
306,Moochie Norris,HOU,28,6-1,175,West Florida,USA,1996,2,33,82.0,8.1,3.0,4.9,-4.7,3.2,8.0,17.6,47.1,30.2
307,Mookie Blaylock,GSW,35,,,Oklahoma,USA,1989,1,12,35.0,3.4,1.5,3.3,-6.8,1.3,7.6,13.5,39.8,33.0
308,Morris Peterson,TOR,24,6-7,218,Michigan State,USA,2000,1,21,63.0,14.0,3.5,2.4,0.0,4.4,6.9,20.7,52.4,13.1
309,Nazr Mohammed,ATL,24,6-10,250,Kentucky,USA,1998,1,29,82.0,9.7,7.9,0.4,-6.8,11.4,19.4,19.2,49.0,2.6
310,Nick Anderson,MEM,34,,,Illinois,USA,1989,1,11,15.0,4.0,2.2,0.9,-13.3,0.4,15.2,19.2,37.5,12.7
311,Nick Van Exel,DAL,30,6-1,195,Cincinnati,USA,1993,2,37,72.0,18.4,3.5,6.6,-2.8,1.1,9.1,26.4,49.5,33.9
312,Norman Richardson,CHI,24,6-5,200,Hofstra,USA,Undrafted,Undrafted,Undrafted,11.0,2.7,0.7,0.2,-18.2,4.4,6.9,21.4,50.1,5.7
313,Obinna Ekezie,LAC,26,6-9,270,Maryland,Nigeria,1999,2,37,29.0,1.9,1.2,0.1,4.1,7.6,13.9,20.1,47.7,3.2
314,Olumide Oyedeji,SEA,21,6-10,255,None,Nigeria,2000,2,42,36.0,1.5,2.2,0.1,3.5,12.1,21.9,12.5,56.2,2.6
315,Oscar Torres,HOU,25,6-6,210,None,Venezuela,Undrafted,Undrafted,Undrafted,65.0,6.0,1.9,0.6,-8.4,4.1,7.3,18.2,50.2,6.5
316,Othella Harrington,NYK,28,6-9,235,Georgetown,USA,1996,2,30,77.0,7.7,4.5,0.5,3.3,8.6,14.3,18.5,56.7,4.2
317,P.J. Brown,CHH,32,6-11,239,Louisiana Tech,USA,1992,2,29,80.0,8.4,9.8,1.3,2.8,10.7,20.3,12.1,54.5,6.4
318,Pat Garrity,ORL,25,6-9,238,Notre Dame,USA,1998,1,19,80.0,11.1,4.2,1.2,4.3,3.3,11.1,16.1,55.3,6.3
319,Patrick Ewing,ORL,39,7-0,255,Georgetown,Jamaica,1985,1,1,65.0,6.0,4.0,0.5,-1.9,6.4,22.3,22.3,49.7,6.6
320,Pau Gasol,MEM,21,7-0,227,None,Spain,2001,1,3,82.0,17.6,8.9,2.7,-5.3,8.0,16.4,22.3,56.6,13.3
321,Paul Pierce,BOS,24,6-6,230,Kansas,USA,1998,1,10,82.0,26.1,6.9,3.2,4.6,2.4,14.7,28.9,57.0,15.3
322,Peja Stojakovic,SAC,25,6-9,229,None,Serbia,1996,1,14,71.0,21.2,5.3,2.5,7.6,2.7,10.7,23.2,59.2,10.6
323,Popeye Jones,WAS,32,6-8,250,Murray State,USA,1992,2,41,79.0,7.0,7.3,1.6,1.8,12.0,18.9,15.4,49.0,10.3
324,Predrag Drobnjak,SEA,26,6-11,272,None,Serbia,1997,2,48,64.0,6.8,3.4,0.8,3.8,6.9,12.8,19.5,49.0,6.9
325,Primoz Brezec,IND,22,7-1,243,None,Slovenia,2000,1,27,22.0,2.0,1.3,0.3,-2.3,9.0,7.3,12.6,53.8,6.5
326,Quentin Richardson,LAC,22,6-6,223,DePaul,USA,2000,1,18,81.0,13.3,4.1,1.6,1.8,5.2,10.1,22.8,53.4,10.5
327,Quincy Lewis,UTA,25,6-7,215,Minnesota,USA,1999,1,19,36.0,4.0,1.2,1.0,-1.6,2.3,6.8,16.7,47.4,12.0
328,Raef LaFrentz,DAL,26,6-11,245,Kansas,USA,1998,1,3,78.0,13.5,7.4,1.1,-1.0,6.9,16.5,19.7,53.3,5.9
329,Rafer Alston,MIL,25,6-2,171,Fresno State,USA,1998,2,39,50.0,3.5,1.4,2.9,-5.2,1.7,10.3,19.1,43.4,41.0
330,Raja Bell,PHI,25,6-5,204,Florida International,U.S. Virgin Islands,Undrafted,Undrafted,Undrafted,74.0,3.4,1.5,1.0,-6.5,3.5,8.8,15.2,48.6,14.1
331,Randy Brown,BOS,34,6-2,190,New Mexico State,USA,1991,2,31,1.0,0.0,0.0,2.0,-43.6,0.0,0.0,6.7,0.0,100
332,Randy Livingston,SEA,27,6-4,209,Louisiana State,USA,1996,2,42,13.0,3.2,1.9,2.0,14.5,5.2,8.9,15.5,34.8,20.5
333,Rashard Lewis,SEA,22,6-10,215,None,USA,1998,2,32,71.0,16.8,7.0,1.7,6.1,5.7,14.0,20.4,56.4,7.6
334,Rasheed Wallace,POR,27,6-11,225,North Carolina,USA,1995,1,4,79.0,19.3,8.2,1.9,6.6,4.8,17.9,23.4,54.0,9.0
335,Rasho Nesterovic,MIN,26,7-0,248,None,Slovenia,1998,1,17,82.0,8.4,6.5,0.9,7.0,9.2,15.3,15.8,49.9,4.9
336,Ratko Varda,DET,23,,,None,Bosnia and Herzegovina,Undrafted,Undrafted,Undrafted,1.0,5.0,1.0,0.0,-8.3,0.0,50.0,28.6,72.7,0.0
337,Ray Allen,MIL,26,6-5,205,Connecticut,USA,1996,1,5,69.0,21.8,4.5,3.9,1.2,3.4,9.0,25.8,59.8,19.3
338,Reggie Miller,IND,36,6-7,195,UCLA,USA,1987,1,11,79.0,16.5,2.8,3.2,-0.4,0.8,6.8,18.0,61.7,14.4
339,Reggie Slater,ATL,31,6-7,255,Wyoming,USA,Undrafted,Undrafted,Undrafted,8.0,2.6,1.1,0.1,-2.0,8.6,10.8,17.2,54.1,3.8
340,Richard Hamilton,WAS,24,6-7,193,Connecticut,USA,1999,1,7,63.0,20.0,3.4,2.7,-0.7,3.4,6.7,28.1,51.1,14.3
341,Richard Jefferson,NJN,22,6-7,222,Arizona,USA,2001,1,13,79.0,9.4,3.7,1.8,3.3,4.3,10.7,18.9,52.4,12.5
342,Rick Brunson,POR,30,6-4,190,Temple,USA,Undrafted,Undrafted,Undrafted,59.0,2.1,1.2,1.9,-2.7,4.8,8.8,15.2,48.1,33.6
343,Rick Fox,LAL,32,6-7,242,North Carolina,Canada,1991,1,24,82.0,7.9,4.7,3.5,6.2,3.9,12.7,15.0,50.2,17.4
344,Ricky Davis,CLE,22,6-7,197,Iowa,USA,1998,1,21,82.0,11.7,3.0,2.2,-4.1,3.4,9.5,23.7,53.9,16.8
345,Robert Horry,LAL,31,6-10,235,Alabama,USA,1992,1,11,81.0,6.8,5.9,2.9,8.5,5.9,15.5,12.7,52.8,15.8
346,Robert Pack,MIN,33,6-2,190,Southern California,USA,Undrafted,Undrafted,Undrafted,16.0,3.9,1.4,3.1,-6.6,2.7,6.4,16.4,41.6,31.6
347,Robert Traylor,CHH,25,6-8,284,Michigan,USA,1998,1,6,61.0,3.7,3.1,0.6,-3.5,10.0,17.0,18.8,47.3,9.3
348,Rod Strickland,MIA,35,6-3,185,DePaul,USA,1988,1,19,76.0,10.4,3.1,6.1,2.0,2.3,8.1,19.8,49.5,34.7
349,Rodney Buford,MEM,24,6-5,189,Creighton,USA,1999,2,53,63.0,9.4,4.3,1.1,-9.7,3.0,12.3,17.5,47.0,6.8
350,Rodney Rogers,BOS,31,6-7,255,Wake Forest,USA,1993,1,9,77.0,11.9,4.5,1.4,4.7,6.6,11.6,21.4,55.8,10.1
351,Rodney White,DET,22,6-9,238,North Carolina-Charlotte,USA,2001,1,9,16.0,3.5,1.1,0.8,7.3,1.8,12.4,28.2,42.3,13.8
352,Ron Mercer,IND,26,6-7,210,Kentucky,USA,1997,1,6,53.0,13.9,3.4,2.4,-10.6,2.8,7.8,24.2,43.9,15.4
353,Ruben Boumtje-Boumtje,POR,24,7-0,245,Georgetown,USA,2001,2,49,33.0,1.2,1.7,0.1,-15.8,8.2,13.6,10.3,45.3,2.8
354,Ruben Patterson,POR,26,6-5,224,Cincinnati,USA,1998,2,31,75.0,11.2,4.0,1.4,3.1,8.9,8.5,21.6,56.7,10.9
355,Rusty LaRue,UTA,28,6-3,185,Wake Forest,USA,Undrafted,Undrafted,Undrafted,33.0,5.8,1.5,2.2,-6.0,2.1,7.3,19.4,48.2,23.4
356,Ryan Bowen,DEN,26,6-9,227,Iowa,USA,1998,2,55,75.0,4.9,4.0,0.7,1.8,7.7,10.0,10.1,52.4,4.6
357,Sam Cassell,MIL,32,6-3,185,Florida State,USA,1993,1,24,74.0,19.7,4.2,6.7,2.4,2.2,9.5,26.6,54.5,32.4
358,Sam Mack,MIA,32,,,Houston,USA,Undrafted,Undrafted,Undrafted,12.0,3.3,1.2,0.3,1.7,1.3,7.2,16.7,38.4,4.0
359,Sam Mitchell,MIN,38,6-7,215,Mercer,USA,1985,3,54,74.0,3.3,1.1,0.6,2.5,2.5,9.0,16.5,49.1,9.6
360,Samaki Walker,LAL,26,6-9,260,Louisville,USA,1996,1,9,69.0,6.7,7.0,0.9,1.9,7.8,20.3,12.9,54.5,5.7
361,Samuel Dalembert,PHI,22,6-11,250,Seton Hall,Haiti,2001,1,26,34.0,1.5,2.0,0.1,-5.9,13.1,25.0,16.3,44.0,4.7
362,Scot Pollard,SAC,27,6-11,265,Kansas,USA,1997,1,19,80.0,6.4,7.1,0.7,8.1,9.6,19.1,11.3,59.0,3.9
363,Scott Padgett,UTA,26,6-9,240,Kentucky,USA,1999,1,28,75.0,6.7,3.8,1.1,3.2,9.1,13.9,17.3,56.8,10.9
364,Scott Williams,DEN,34,6-10,245,North Carolina,USA,Undrafted,Undrafted,Undrafted,41.0,4.9,5.1,0.3,-10.4,10.2,17.5,16.4,43.0,2.9
365,Scottie Pippen,POR,36,6-7,228,Central Arkansas,USA,1987,1,5,62.0,10.6,5.2,5.9,2.8,3.9,13.1,18.6,49.7,28.3
366,Sean Marks,MIA,26,6-10,250,California,New Zealand,1998,2,44,21.0,4.6,3.6,0.4,-7.6,6.1,17.7,18.0,46.6,4.6
367,Sean Rooks,LAC,32,6-10,260,Arizona,USA,1992,2,30,61.0,3.0,2.0,0.4,0.0,4.4,12.3,14.0,44.3,5.5
368,Shammond Williams,SEA,27,6-1,201,North Carolina,USA,1998,2,34,50.0,4.4,1.3,1.7,-2.4,2.8,8.2,18.5,52.6,22.5
369,Shandon Anderson,NYK,28,6-6,210,Georgia,USA,1996,2,54,82.0,5.0,3.0,0.9,-3.9,3.8,12.0,15.0,48.9,8.3
370,Shane Battier,MEM,23,6-8,220,Duke,USA,2001,1,6,78.0,14.4,5.4,2.8,-5.0,5.8,7.8,17.9,51.8,11.6
371,Shaquille O'Neal,LAL,30,7-1,315,Louisiana State,USA,1992,1,1,67.0,27.2,10.7,3.0,11.8,9.9,18.9,31.4,59.0,15.7
372,Shareef Abdur-Rahim,ATL,25,6-9,230,California,USA,1996,1,3,77.0,21.2,9.0,3.1,-4.4,6.6,17.1,26.7,53.6,15.2
373,Shawn Bradley,DAL,30,7-6,265,Brigham Young,USA,1993,1,2,53.0,4.1,3.3,0.4,5.7,7.5,15.6,13.2,56.2,4.0
374,Shawn Kemp,POR,32,6-10,280,Concord HS (IN),USA,1989,1,17,75.0,6.1,3.8,0.7,-0.2,7.4,17.7,20.0,48.9,7.1
375,Shawn Marion,PHX,24,6-7,215,UNLV,USA,1999,1,9,81.0,19.1,9.9,2.0,0.4,6.7,19.0,23.2,51.8,9.1
376,Shawnelle Scott,DEN,30,,,St. John's,USA,1994,2,43,21.0,3.9,4.9,0.4,-4.5,17.2,19.5,16.1,48.9,5.6
377,Slava Medvedenko,LAL,23,6-10,250,None,Ukraine,Undrafted,Undrafted,Undrafted,71.0,4.7,2.2,0.6,6.9,11.1,9.7,22.3,50.0,9.9
378,Speedy Claxton,PHI,24,5-11,166,Hofstra,USA,2000,1,20,67.0,7.2,2.4,3.0,-0.5,3.0,7.7,17.6,46.9,22.7
379,Stacey Augmon,CHH,33,6-8,213,UNLV,USA,1991,1,9,77.0,4.7,2.9,1.3,4.3,4.6,12.2,14.6,48.1,12.8
380,Stephen Jackson,SAS,24,6-8,218,Butler C.C. (KS),USA,1997,2,42,23.0,3.9,1.1,0.5,-4.8,1.3,9.5,23.5,45.2,9.8
381,Stephon Marbury,PHX,25,6-2,180,Georgia Tech,USA,1996,1,4,82.0,20.4,3.2,8.1,-1.3,2.3,6.1,26.2,51.9,35.5
382,Steve Francis,HOU,25,6-3,195,Maryland,USA,1999,1,2,57.0,21.6,7.0,6.4,-1.5,4.5,12.8,27.8,51.7,28.1
383,Steve Goodrich,NJN,26,6-10,220,Princeton,USA,Undrafted,Undrafted,Undrafted,9.0,0.6,0.6,0.6,-11.3,1.8,7.8,12.6,23.0,16.7
384,Steve Kerr,POR,36,6-3,180,Arizona,USA,1988,2,50,65.0,4.1,0.9,1.0,4.1,0.8,7.0,14.7,57.3,13.4
385,Steve Nash,DAL,28,6-3,195,Santa Clara,Canada,1996,1,15,82.0,17.9,3.1,7.7,5.5,1.8,7.0,22.3,60.2,35.5
386,Steven Hunter,ORL,20,6-10,224,DePaul,USA,2001,1,15,53.0,3.6,1.8,0.1,-9.0,7.1,10.2,17.1,50.2,1.6
387,Steven Smith,SAS,33,6-8,221,Michigan State,USA,1991,1,5,77.0,11.6,2.5,2.0,6.6,2.2,6.7,17.8,58.8,11.3
388,Stromile Swift,MEM,22,6-9,225,Louisiana State,USA,2000,1,2,68.0,11.8,6.3,0.7,-8.8,9.0,14.3,21.6,53.9,5.2
389,Tang Hamilton,MIA,24,6-8,220,Mississippi State,USA,Undrafted,Undrafted,Undrafted,9.0,2.2,2.0,0.6,-2.1,6.0,12.5,10.0,51.4,8.8
390,Tariq Abdul-Wahad,DAL,27,6-6,223,San Jose State,France,1997,1,11,24.0,5.6,3.5,1.0,-5.6,8.4,10.4,18.7,41.8,9.0
391,Terence Morris,HOU,23,6-9,221,Maryland,USA,2001,2,33,68.0,3.8,3.1,0.9,-10.2,6.7,12.3,14.0,42.3,9.6
392,Terrell Brandon,MIN,32,5-11,173,Oregon,USA,1991,1,11,32.0,12.4,2.9,8.3,7.0,1.7,7.5,19.6,49.4,38.7
393,Terry Porter,SAS,39,6-3,205,Wisconsin-Stevens Point,USA,1985,1,24,72.0,5.5,2.3,2.8,14.4,1.0,11.0,15.2,55.8,25.0
394,Theo Ratliff,ATL,29,6-10,230,Wyoming,USA,1995,1,18,3.0,8.7,5.3,0.3,-15.8,6.2,12.5,17.8,52.3,2.4
395,Tierre Brown,HOU,23,6-2,189,McNeese State,USA,Undrafted,Undrafted,Undrafted,40.0,3.1,1.1,1.8,-17.2,2.6,8.1,18.4,48.3,34.1
396,Tim Duncan,SAS,26,7-0,260,Wake Forest,US Virgin Islands,1997,1,1,82.0,25.5,12.7,3.7,9.2,8.7,22.7,28.9,57.6,18.2
397,Tim Hardaway,DEN,35,6-0,195,Texas-El Paso,USA,1989,1,14,68.0,9.6,1.8,4.1,-0.9,0.9,6.9,21.3,49.2,28.3
398,Tim James,PHI,25,,,Miami,USA,1999,1,25,9.0,1.3,0.8,0.1,-21.1,10.4,6.1,18.4,38.4,4.8
399,Tim Thomas,MIL,25,6-10,240,Villanova,USA,1997,1,7,74.0,11.7,4.1,1.4,1.3,3.4,11.6,21.9,52.2,9.1
400,Todd MacCulloch,NJN,26,7-0,280,Washington,Canada,1999,2,47,62.0,9.7,6.1,1.3,6.9,10.2,14.1,17.3,56.2,7.8
401,Tom Gugliotta,PHX,32,6-10,240,North Carolina State,USA,1992,1,6,44.0,6.5,5.0,1.8,-1.5,5.2,14.2,14.7,44.9,10.0
402,Toni Kukoc,ATL,33,6-11,235,None,Croatia,1990,2,29,59.0,9.9,3.7,3.5,-1.9,2.9,12.1,20.2,51.1,23.4
403,Tony Battie,BOS,26,6-11,240,Texas Tech,USA,1997,1,5,74.0,6.9,6.5,0.5,4.2,9.9,16.0,12.5,57.0,3.1
404,Tony Delk,BOS,28,6-2,189,Kentucky,USA,1996,1,16,63.0,9.5,3.2,2.1,4.1,3.7,10.1,20.4,47.3,14.6
405,Tony Massenburg,MEM,34,6-9,250,Maryland,USA,1990,2,43,73.0,5.5,4.4,0.4,-13.3,8.3,19.1,16.9,50.3,3.6
406,Tony Parker,SAS,20,6-2,177,None,France,2001,1,28,77.0,9.2,2.6,4.3,4.0,1.6,7.1,17.5,49.7,23.7
407,Tracy McGrady,ORL,23,6-8,210,None,USA,1997,1,9,76.0,25.6,7.8,5.3,5.1,5.1,15.3,31.0,53.2,25.0
408,Tracy Murray,TOR,30,6-7,228,UCLA,USA,1992,1,18,40.0,5.7,1.3,0.5,-7.8,3.6,8.1,22.5,52.5,7.4
409,Trajan Langdon,CLE,26,6-3,197,Duke,USA,1999,1,11,44.0,4.8,1.3,1.4,0.9,2.6,8.9,21.1,53.3,22.1
410,Travis Best,CHI,29,5-11,181,Georgia Tech,USA,1995,1,23,74.0,7.9,2.0,4.4,-3.8,1.2,7.8,17.4,51.1,30.1
411,Travis Knight,NYK,27,7-0,235,Connecticut,USA,1996,1,29,49.0,2.0,2.1,0.2,-9.8,10.5,13.0,15.8,40.1,3.4
412,Tremaine Fowlkes,LAC,26,6-8,220,Fresno State,USA,1998,2,54,22.0,3.4,2.9,0.8,-7.1,8.9,10.4,11.9,47.7,7.6
413,Trenton Hassell,CHI,23,6-5,200,Austin Peay,USA,2001,2,29,78.0,8.7,3.3,2.2,-10.6,2.9,9.0,15.9,50.2,13.0
414,Troy Hudson,ORL,26,6-1,170,Southern Illinois,USA,Undrafted,Undrafted,Undrafted,81.0,11.7,1.8,3.1,-1.9,1.6,6.1,24.9,52.6,23.6
415,Troy Murphy,GSW,22,6-11,245,Notre Dame,USA,2001,1,14,82.0,5.9,3.9,0.9,-7.3,6.5,15.8,16.8,48.8,8.0
416,Tyrone Hill,CLE,34,6-9,250,Xavier,USA,1990,1,11,26.0,8.0,10.5,0.9,-2.7,9.9,25.4,15.2,46.0,4.3
417,Tyrone Nesby,WAS,26,6-6,245,UNLV,USA,Undrafted,Undrafted,Undrafted,70.0,6.3,4.5,1.3,-0.6,6.9,15.0,15.2,48.0,9.9
418,Tyronn Lue,WAS,25,6-0,178,Nebraska,USA,1998,1,23,71.0,7.8,1.7,3.5,-0.7,1.0,7.2,19.9,50.7,29.3
419,Tyson Chandler,CHI,19,7-1,235,None,USA,2001,1,2,71.0,6.1,4.8,0.8,-7.1,8.6,16.5,16.2,54.3,6.3
420,Victor Alexander,DET,32,6-10,265,Iowa State,USA,1991,1,17,14.0,2.9,2.1,0.4,2.6,7.1,21.6,26.9,36.7,10.5
421,Vin Baker,SEA,30,6-11,250,Hartford,USA,1993,1,8,55.0,14.1,6.4,1.3,-1.0,10.1,11.2,23.2,51.7,7.1
422,Vince Carter,TOR,25,6-6,225,North Carolina,USA,1998,1,5,60.0,24.7,5.2,4.0,1.5,5.6,7.4,29.5,51.5,19.0
423,Vinny Del Negro,PHX,35,,,North Carolina State,USA,1988,2,29,2.0,1.0,0.0,1.0,-10.0,0.0,0.0,36.4,25.0,66.7
424,Vitaly Potapenko,BOS,27,6-10,285,Wright State,Ukraine,1996,1,12,79.0,4.6,4.4,0.4,-1.5,11.8,13.2,13.9,51.3,3.8
425,Vlade Divac,SAC,34,7-1,260,None,Serbia,1989,1,26,80.0,11.1,8.4,3.7,10.0,8.5,18.1,18.5,51.3,17.7
426,Vladimir Radmanovic,SEA,21,6-10,234,None,Serbia,2001,1,12,61.0,6.7,3.8,1.3,3.3,3.8,15.4,17.0,52.8,10.0
427,Vladimir Stepania,MIA,26,7-0,236,None,Georgia,1998,1,27,67.0,4.3,4.0,0.2,-4.5,11.2,20.5,18.0,48.3,3.3
428,Vonteego Cummings,PHI,26,6-3,190,Pittsburgh,USA,1999,1,26,58.0,3.3,0.9,1.0,-11.0,2.8,8.1,20.5,47.7,23.0
429,Voshon Lenard,DEN,29,6-4,205,Minnesota,USA,1994,2,46,71.0,11.5,2.6,1.8,-6.1,2.2,9.2,24.3,49.5,14.4
430,Wally Szczerbiak,MIN,25,6-7,244,Miami (Ohio),USA,1999,1,6,82.0,18.7,4.8,3.1,4.5,4.0,8.6,21.4,58.0,13.3
431,Walt Williams,HOU,32,6-8,230,Maryland,USA,1992,1,7,48.0,9.4,3.4,1.4,-2.8,3.3,11.4,19.0,53.8,10.7
432,Walter McCarty,BOS,28,6-10,230,Kentucky,USA,1996,1,19,56.0,3.8,2.3,0.7,-1.0,4.4,13.2,13.0,56.3,9.7
433,Wang Zhi-zhi,DAL,24,7-1,220,None,China,1999,2,36,55.0,5.6,2.0,0.4,5.9,3.1,15.5,21.8,56.4,6.3
434,Wesley Person,CLE,31,6-6,200,Auburn,USA,1994,1,23,78.0,15.1,3.8,2.2,-0.9,1.9,8.9,17.0,58.9,10.3
435,Will Solomon,MEM,23,6-1,185,Clemson,USA,2001,2,32,62.0,5.2,1.1,1.5,-5.7,1.3,6.3,20.8,44.2,18.9
436,William Avery,MIN,22,,,Duke,USA,1999,1,14,28.0,2.5,0.9,1.3,-2.7,1.5,7.3,19.5,36.1,21.7
437,Zach Randolph,POR,20,6-9,270,Michigan State,USA,2001,1,19,41.0,2.8,1.7,0.3,-2.1,13.0,17.0,24.2,47.9,10.3
438,Zeljko Rebraca,DET,30,7-0,257,None,Serbia,1994,2,54,74.0,6.9,3.9,0.5,2.8,8.4,17.4,21.3,56.9,5.6
439,Zendon Hamilton,DEN,27,6-11,254,St. John's,USA,Undrafted,Undrafted,Undrafted,54.0,6.0,4.7,0.3,-13.4,12.2,18.8,19.6,49.9,2.9
440,Zydrunas Ilgauskas,CLE,27,7-3,260,None,Lithuania,1996,1,20,62.0,11.1,5.4,1.1,-3.3,10.7,16.0,27.0,50.1,9.6
