,Player,Team,Age,Height,Weight,COLLEGE,COUNTRY,DRAFT YEAR,DRAFT ROUND,DRAFT NUMBER,GP,PTS,REB,AST,NETRTG,OREB%,DREB%,USG%,TS%,AST%
0,,,,,,,,,,,,,,,,,,,,
1,AJ Price,IND,23,6-2,181,Connecticut,USA,2009,2,52,56.0,7.3,1.6,1.9,3.9,1.3,8.5,21.9,53.0,19.8
2,Aaron Brooks,HOU,25,6-0,161,Oregon,USA,2007,1,26,82.0,19.6,2.6,5.3,0.2,1.8,5.7,25.4,54.9,25.3
3,Aaron Gray,NOH,25,7-0,270,Pittsburgh,USA,2007,2,49,32.0,3.3,3.3,0.7,-3.1,14.9,20.5,16.0,55.1,10.9
4,Acie Law,CHI,25,6-3,202,Texas A&M,USA,2007,1,11,26.0,4.3,0.7,1.0,5.3,1.4,6.1,21.4,58.5,17.0
5,Adam Morrison,LAL,25,6-8,205,Gonzaga,USA,2006,1,3,31.0,2.4,1.0,0.6,-8.3,3.9,9.4,17.8,41.8,12.1
6,Al Harrington,NYK,30,6-9,250,None,USA,1998,1,25,72.0,17.7,5.6,1.5,-5.0,4.0,15.3,26.2,54.6,8.8
7,Al Horford,ATL,24,6-10,245,Florida,Dominican Republic,2007,1,3,81.0,14.2,9.9,2.3,8.6,8.8,20.7,17.7,59.4,10.2
8,Al Jefferson,MIN,25,6-10,265,None,USA,2004,1,15,76.0,17.1,9.3,1.8,-10.4,7.2,22.4,24.2,52.4,9.9
9,Al Thornton,WAS,26,6-8,220,Florida State,USA,2007,1,14,75.0,10.7,3.9,1.2,-7.5,5.7,9.2,18.9,52.3,7.2
10,Alando Tucker,MIN,26,6-6,205,Wisconsin,USA,2007,1,29,15.0,3.4,0.7,0.3,-26.7,5.8,3.9,22.9,52.9,7.7
11,Alexis Ajinca,CHA,22,7-0,220,None,France,2008,1,20,6.0,1.7,0.7,0.0,13.0,3.3,10.3,17.9,47.9,0.0
12,Allen Iverson,PHI,35,6-0,165,Georgetown,USA,1996,1,1,28.0,13.8,2.8,4.0,-3.3,1.9,7.5,22.5,51.5,20.9
13,Alonzo Gee,WAS,23,6-6,220,Alabama,USA,Undrafted,Undrafted,Undrafted,11.0,7.4,3.0,0.6,-1.2,7.9,11.5,20.4,56.4,7.1
14,Amar'e Stoudemire,PHX,27,6-10,249,None,USA,2002,1,9,82.0,23.1,8.9,1.0,5.4,8.8,16.6,27.0,61.5,4.7
15,Amir Johnson,TOR,23,6-9,210,No College,USA,2005,2,56,82.0,6.2,4.8,0.6,2.8,11.1,16.0,14.1,63.9,5.0
16,Anderson Varejao,CLE,27,6-11,260,None,Brazil,2004,2,30,76.0,8.6,7.6,1.1,13.1,9.7,18.2,13.0,59.8,6.2
17,Andray Blatche,WAS,23,6-11,248,None,USA,2005,2,49,81.0,14.1,6.3,2.1,-6.4,7.1,16.7,25.4,51.9,13.8
18,Andre Iguodala,PHI,26,6-6,207,Arizona,USA,2004,1,9,82.0,17.1,6.5,5.8,-4.1,2.7,15.1,21.5,53.5,23.8
19,Andre Miller,POR,34,6-2,200,Utah,USA,1999,1,8,82.0,14.0,3.2,5.4,6.5,3.6,8.1,23.5,53.0,29.6
20,Andrea Bargnani,TOR,24,7-0,250,None,Italy,2006,1,1,80.0,17.2,6.2,1.2,-3.7,4.0,14.5,22.1,55.2,5.3
21,Andrei Kirilenko,UTA,29,6-9,225,None,Russia,1999,1,24,58.0,11.9,4.6,2.7,6.8,4.9,11.2,17.5,58.8,14.3
22,Andres Nocioni,SAC,30,6-7,225,None,Argentina,Undrafted,Undrafted,Undrafted,75.0,8.5,3.0,1.0,-5.7,2.1,13.1,20.3,50.4,7.7
23,Andrew Bogut,MIL,25,7-0,260,Utah,Australia,2005,1,1,69.0,15.9,10.2,1.8,5.8,9.2,23.5,23.2,54.0,10.1
24,Andrew Bynum,LAL,22,7-0,285,None,USA,2005,1,10,65.0,15.0,8.3,1.0,7.4,9.2,18.4,20.6,60.8,5.5
25,Andris Biedrins,GSW,24,6-11,240,None,Latvia,2004,1,11,33.0,5.0,7.8,1.7,-8.0,8.1,25.5,10.0,56.1,10.5
26,Antawn Jamison,CLE,34,6-9,235,North Carolina,USA,1998,1,4,66.0,18.7,8.4,1.3,0.7,5.8,18.0,23.4,52.9,5.8
27,Anthony Carter,DEN,35,6-2,195,Hawaii,USA,Undrafted,Undrafted,Undrafted,54.0,3.3,1.6,3.0,-1.5,2.1,8.6,12.5,48.2,26.4
28,Anthony Johnson,ORL,35,6-3,195,College of Charleston,USA,1997,2,39,31.0,4.2,1.5,2.0,2.7,2.1,9.8,16.0,54.3,24.9
29,Anthony Morrow,GSW,24,6-5,210,Georgia Tech,USA,Undrafted,Undrafted,Undrafted,69.0,13.0,3.8,1.5,-1.4,3.0,10.0,17.3,59.7,7.5
30,Anthony Parker,CLE,35,6-6,215,Bradley,USA,1997,1,21,81.0,7.3,2.9,1.9,8.4,1.5,8.8,11.7,57.6,9.5
31,Anthony Randolph,GSW,20,6-10,210,Louisiana State,USA,2008,1,14,33.0,11.6,6.5,1.3,-4.3,9.6,19.3,23.3,52.1,8.9
32,Anthony Tolliver,GSW,25,6-9,243,Creighton,USA,Undrafted,Undrafted,Undrafted,46.0,11.7,7.0,1.9,0.2,5.7,16.5,16.6,53.1,8.4
33,Antoine Wright,TOR,26,6-7,215,Texas A&M,USA,2005,1,15,67.0,6.5,2.8,1.1,0.7,2.9,11.2,15.7,50.2,7.5
34,Antonio Anderson,OKC,25,6-6,215,Memphis,USA,Undrafted,Undrafted,Undrafted,1.0,2.0,1.0,0.0,-6.1,5.9,0.0,10.0,33.3,0.0
35,Antonio McDyess,SAS,35,6-9,245,Alabama,USA,1995,1,2,77.0,5.8,5.9,1.1,6.5,9.7,19.1,14.8,49.2,7.6
36,Arron Afflalo,DEN,24,6-5,215,UCLA,USA,2007,1,27,82.0,8.8,3.1,1.7,4.2,2.7,8.7,13.9,57.6,9.3
37,Austin Daye,DET,22,6-11,200,Gonzaga,USA,2009,1,15,69.0,5.1,2.5,0.5,-6.7,3.6,17.8,17.6,54.6,6.3
38,Baron Davis,LAC,31,6-3,215,UCLA,USA,1999,1,3,75.0,15.3,3.5,8.0,-3.9,2.1,8.6,23.7,50.1,38.5
39,Ben Gordon,DET,27,6-3,200,Connecticut,USA,2004,1,3,62.0,13.8,1.9,2.7,-6.2,1.5,6.2,24.1,53.4,16.7
40,Ben Wallace,DET,35,6-9,240,Virginia Union,USA,Undrafted,Undrafted,Undrafted,69.0,5.5,8.7,1.5,-1.3,12.4,20.3,9.9,52.6,8.1
41,Beno Udrih,SAC,27,6-3,205,None,Slovenia,2004,1,28,79.0,12.9,2.8,4.7,-4.4,1.5,7.6,18.1,56.6,23.9
42,Bobby Brown,LAC,25,6-2,175,Cal State-Fullerton,USA,Undrafted,Undrafted,Undrafted,45.0,4.8,0.8,2.0,-8.9,1.7,5.8,24.8,44.1,28.9
43,Bobby Simmons,NJN,30,6-6,230,DePaul,USA,2001,2,41,23.0,5.3,2.7,0.7,-6.4,2.6,14.0,16.2,48.5,6.5
44,Boris Diaw,CHA,28,6-8,235,None,France,2003,1,21,82.0,11.3,5.2,4.0,3.0,4.9,10.5,16.1,55.2,18.5
45,Brad Miller,CHI,34,7-0,261,Purdue,USA,Undrafted,Undrafted,Undrafted,82.0,8.8,4.9,1.9,-1.3,4.3,16.2,17.5,53.0,12.2
46,Brandon Bass,ORL,25,6-8,250,Louisiana State,USA,2005,2,33,50.0,5.8,2.5,0.4,3.5,8.6,11.3,19.9,55.6,4.8
47,Brandon Jennings,MIL,20,6-1,169,None,USA,2009,1,10,82.0,15.5,3.4,5.7,2.5,1.8,9.5,25.6,47.5,29.8
48,Brandon Roy,POR,25,6-6,211,Washington,USA,2006,1,6,65.0,21.5,4.4,4.7,5.2,3.3,9.4,26.3,56.8,22.8
49,Brandon Rush,IND,24,6-6,210,Kansas,USA,2008,1,13,82.0,9.4,4.2,1.4,-3.1,1.6,11.9,14.7,52.2,7.0
50,Brendan Haywood,DAL,30,7-0,263,North Carolina,USA,2001,1,20,77.0,9.1,9.3,0.6,1.0,12.1,18.6,13.2,58.8,2.8
51,Brian Cardinal,MIN,33,6-8,240,Purdue,USA,2000,2,44,29.0,1.7,1.0,0.8,-9.5,2.6,8.6,8.2,54.6,13.1
52,Brian Cook,HOU,29,6-9,250,Illinois,USA,2003,1,24,15.0,1.4,0.6,0.1,-26.7,1.7,17.4,26.7,40.3,5.0
53,Brian Scalabrine,BOS,32,6-9,235,Southern California,USA,2001,2,34,52.0,1.5,0.9,0.5,-6.6,2.0,9.4,10.3,44.5,9.2
54,Brian Skinner,LAC,34,6-9,255,Baylor,USA,1998,1,22,16.0,1.6,1.7,0.0,-14.2,7.2,16.8,13.0,45.6,0.0
55,Brook Lopez,NJN,22,7-0,265,Stanford,USA,2008,1,10,82.0,18.8,8.6,2.3,-10.1,9.0,15.7,23.3,57.0,11.6
56,Byron Mullens,OKC,21,7-0,275,Ohio State,USA,2009,1,24,13.0,1.1,0.8,0.1,-30.5,5.6,12.1,18.5,36.8,3.0
57,C.J. Watson,GSW,26,6-2,175,Tennessee,USA,Undrafted,Undrafted,Undrafted,65.0,10.3,2.6,2.8,0.4,1.5,8.0,15.7,55.5,14.3
58,CJ Miles,UTA,23,6-6,227,No College,USA,2005,2,34,63.0,9.9,2.7,1.7,5.9,2.9,8.8,19.8,51.5,10.4
59,Carl Landry,SAC,26,6-9,248,Purdue,USA,2007,2,31,80.0,16.8,5.9,0.8,-1.9,7.6,11.9,22.4,60.0,4.8
60,Carlos Arroyo,MIA,30,6-2,202,Florida International,Puerto Rico,Undrafted,Undrafted,Undrafted,72.0,6.1,1.8,3.1,1.9,1.8,6.9,14.0,52.9,23.0
61,Carlos Boozer,UTA,28,6-9,266,Duke,USA,2002,2,34,78.0,19.5,11.2,3.2,5.4,7.4,27.1,24.5,59.9,15.5
62,Carlos Delfino,MIL,27,6-6,230,None,Argentina,2003,1,25,75.0,11.0,5.3,2.7,2.5,2.2,16.5,18.0,52.6,14.0
63,Carmelo Anthony,DEN,26,6-8,230,Syracuse,USA,2003,1,3,69.0,28.2,6.6,3.2,5.5,5.8,11.5,32.7,54.8,15.9
64,Caron Butler,DAL,30,6-7,228,Connecticut,USA,2002,1,10,74.0,16.3,6.2,2.1,-0.9,3.8,13.2,21.6,50.7,9.2
65,Cartier Martin,WAS,25,6-7,220,Kansas State,USA,Undrafted,Undrafted,Undrafted,18.0,7.8,3.8,0.9,-0.4,6.1,11.1,18.1,47.3,6.5
66,Cedric Jackson,WAS,24,6-3,190,Cleveland State,USA,Undrafted,Undrafted,Undrafted,12.0,1.7,0.7,1.2,-3.3,2.6,7.4,21.0,39.6,33.3
67,Channing Frye,PHX,27,6-11,245,Arizona,USA,2005,1,8,81.0,11.2,5.3,1.4,7.9,3.3,15.8,16.7,59.8,7.2
68,Charlie Bell,MIL,31,6-3,200,Michigan State,USA,Undrafted,Undrafted,Undrafted,71.0,6.5,1.9,1.5,2.2,1.8,6.6,14.5,48.6,9.7
69,Charlie Villanueva,DET,25,6-11,232,Connecticut,USA,2005,1,7,78.0,11.9,4.7,0.7,-9.0,4.6,17.4,23.4,52.6,5.3
70,Chase Budinger,HOU,22,6-7,218,Arizona,USA,2009,2,44,74.0,8.9,3.0,1.2,0.5,2.4,12.9,18.6,54.5,9.6
71,Chauncey Billups,DEN,33,6-3,202,Colorado,USA,1997,1,3,73.0,19.5,3.1,5.6,4.5,1.0,8.2,23.9,60.1,27.0
72,Chris Andersen,DEN,31,6-10,228,Blinn J.C.,USA,Undrafted,Undrafted,Undrafted,76.0,5.9,6.4,0.4,10.6,9.1,19.1,10.7,63.1,2.8
73,Chris Bosh,TOR,26,6-10,230,Georgia Tech,USA,2003,1,4,70.0,24.0,10.8,2.4,0.3,8.9,22.3,28.5,59.2,11.6
74,Chris Douglas-Roberts,NJN,23,6-7,210,Memphis,USA,2008,2,40,67.0,9.8,3.0,1.4,-10.9,2.6,9.6,19.3,51.2,9.9
75,Chris Duhon,NYK,27,6-1,190,Duke,USA,2004,2,38,67.0,7.4,2.7,5.6,-3.5,1.4,7.8,13.0,50.1,25.8
76,Chris Hunter,GSW,25,6-11,240,Michigan,USA,Undrafted,Undrafted,Undrafted,60.0,4.5,2.8,0.6,0.6,6.9,14.6,14.7,54.6,6.5
77,Chris Kaman,LAC,28,7-0,265,Central Michigan,USA,2003,1,6,76.0,18.5,9.3,1.6,-5.7,7.3,19.9,26.7,52.7,8.6
78,Chris Paul,NOH,25,6-0,175,Wake Forest,USA,2005,1,4,45.0,18.7,4.2,10.7,0.6,1.2,10.5,22.3,58.4,45.6
79,Chris Quinn,NJN,26,6-2,175,Notre Dame,USA,Undrafted,Undrafted,Undrafted,25.0,2.2,0.6,1.2,-8.8,0.5,6.9,14.2,47.7,23.2
80,Chris Richard,CHI,25,6-9,256,Florida,USA,2007,2,41,18.0,2.1,3.3,0.4,-3.9,8.0,18.6,9.4,54.7,5.1
81,Chris Wilcox,DET,27,6-10,235,Maryland,USA,2002,1,8,34.0,4.5,3.4,0.4,-16.4,9.8,19.4,18.6,53.2,5.1
82,Chuck Hayes,HOU,27,6-6,238,Kentucky,USA,Undrafted,Undrafted,Undrafted,82.0,4.4,5.7,1.7,1.1,8.7,18.9,11.0,50.0,11.0
83,Chucky Atkins,DET,35,5-11,185,South Florida,USA,Undrafted,Undrafted,Undrafted,40.0,4.0,0.7,2.3,-4.8,0.8,4.5,13.7,47.7,22.0
84,Coby Karl,GSW,27,6-5,215,Boise State,USA,Undrafted,Undrafted,Undrafted,7.0,4.0,2.6,2.1,-13.0,3.2,13.1,16.7,40.4,19.7
85,Corey Brewer,MIN,24,6-9,188,Florida,USA,2007,1,7,82.0,13.0,3.4,2.4,-10.2,2.8,8.8,21.2,50.2,12.2
86,Corey Maggette,GSW,30,6-6,225,Duke,USA,1999,1,13,70.0,19.8,5.3,2.5,-6.0,4.5,13.9,26.5,61.5,13.3
87,Courtney Lee,NJN,24,6-5,200,Western Kentucky,USA,2008,1,22,71.0,12.5,3.5,1.7,-8.7,2.6,8.9,17.4,52.5,8.6
88,Craig Smith,LAC,26,6-7,250,Boston College,USA,2006,2,36,75.0,7.8,3.8,1.1,-2.9,8.1,16.0,21.4,59.9,12.4
89,D.J. Augustin,CHA,22,6-0,180,University of Texas at Austin,USA,2008,1,9,80.0,6.4,1.2,2.4,0.4,0.8,6.0,17.2,51.6,23.2
90,DJ Mbenga,LAL,29,7-0,255,None,Belgium,Undrafted,Undrafted,Undrafted,49.0,2.1,1.8,0.2,-2.9,8.6,14.7,16.0,47.1,3.7
91,DJ White,OKC,23,6-9,251,Indiana,USA,2008,1,29,12.0,4.9,1.9,0.3,3.8,10.3,13.0,19.8,65.0,6.9
92,DaJuan Summers,DET,22,6-8,240,Georgetown,USA,2009,2,35,44.0,3.0,1.0,0.4,-11.1,3.3,8.4,17.8,45.7,7.0
93,Daequan Cook,MIA,23,6-5,210,Ohio State,USA,2007,1,21,45.0,5.0,1.8,1.0,-2.6,1.3,10.4,18.9,42.2,10.9
94,Dahntay Jones,IND,29,6-6,210,Duke,USA,2003,1,20,76.0,10.2,3.0,2.0,-5.5,2.5,9.3,19.8,52.7,13.3
95,Damien Wilkins,MIN,30,6-6,225,Georgia,USA,Undrafted,Undrafted,Undrafted,80.0,5.6,3.1,1.7,-8.1,4.4,11.3,13.7,51.5,12.6
96,Dan Gadzuric,MIL,32,6-11,245,UCLA,Netherlands,2002,2,33,32.0,2.8,2.9,0.4,6.0,10.8,17.7,15.5,44.0,6.1
97,Daniel Gibson,CLE,24,6-2,200,Texas,USA,2006,2,42,56.0,6.3,1.3,1.3,6.6,1.3,5.4,13.9,61.3,10.4
98,Danilo Gallinari,NYK,21,6-10,225,None,Italy,2008,1,6,81.0,15.1,4.9,1.7,-2.4,2.4,12.7,19.1,57.5,7.7
99,Danny Granger,IND,27,6-8,228,New Mexico,USA,2005,1,17,62.0,24.1,5.5,2.8,-0.5,2.9,11.9,28.2,56.4,13.4
100,Danny Green,CLE,23,6-6,210,North Carolina,USA,2009,2,46,20.0,2.0,0.9,0.3,-7.7,7.1,7.5,17.4,48.0,7.4
101,Dante Cunningham,POR,23,6-8,230,Villanova,USA,2009,2,33,63.0,3.9,2.5,0.2,5.0,8.0,16.3,16.0,51.7,3.2
102,Darius Songaila,NOH,32,6-9,248,Wake Forest,Lithuania,2002,2,49,75.0,7.2,3.1,0.9,-2.4,4.4,13.7,19.4,52.2,8.1
103,Darko Milicic,MIN,25,7-0,275,None,Serbia,2003,1,2,32.0,6.7,4.7,1.5,-7.7,6.6,16.3,15.7,49.7,10.5
104,Darnell Jackson,MIL,24,6-9,253,Kansas,USA,2008,2,52,28.0,0.8,0.8,0.1,-19.2,8.0,9.6,16.6,35.2,5.6
105,Darrell Arthur,MEM,22,6-9,235,Kansas,USA,2008,1,27,32.0,4.5,3.4,0.5,-12.2,7.5,16.4,16.8,44.9,5.2
106,Darren Collison,NOH,22,6-0,160,UCLA,USA,2009,1,21,76.0,12.4,2.5,5.7,-3.6,2.0,7.7,22.7,54.6,32.3
107,David Andersen,HOU,30,6-11,245,None,Australia,2002,2,36,63.0,5.8,3.3,0.7,2.2,5.9,17.7,19.9,49.7,8.4
108,David Lee,NYK,27,6-9,250,Florida,USA,2005,1,30,81.0,20.2,11.7,3.6,-3.6,7.7,24.9,23.5,58.4,17.2
109,David West,NOH,29,6-9,240,Xavier,USA,2003,1,18,81.0,19.0,7.5,3.0,-2.7,5.8,15.9,23.8,56.0,13.5
110,DeAndre Jordan,LAC,21,6-11,250,Texas A&M,USA,2008,2,35,70.0,4.8,5.0,0.3,-10.2,11.1,21.8,14.5,57.1,2.9
111,DeJuan Blair,SAS,21,6-7,265,Pittsburgh,USA,2009,2,37,82.0,7.8,6.4,0.8,3.2,13.9,22.1,19.7,56.4,7.0
112,DeMar DeRozan,TOR,20,6-7,220,Southern California,USA,2009,1,9,77.0,8.6,2.9,0.7,-6.5,4.2,9.7,18.0,55.4,4.8
113,DeMarre Carroll,MEM,23,6-8,212,Missouri,USA,2009,1,27,71.0,2.9,2.1,0.5,-1.6,6.8,11.8,14.1,42.6,5.9
114,DeSagana Diop,CHA,28,7-0,280,None,Senegal,2001,1,8,27.0,1.2,2.4,0.2,5.8,10.5,15.9,7.9,48.5,2.8
115,DeShawn Stevenson,DAL,29,6-5,218,None,USA,2000,1,23,64.0,2.1,1.4,0.9,-4.3,1.3,9.2,10.6,38.1,9.0
116,Delonte West,CLE,26,6-3,180,St. Joseph's (PA),USA,2004,1,24,60.0,8.8,2.8,3.3,7.0,2.1,9.3,18.0,53.0,21.0
117,Derek Fisher,LAL,35,6-1,210,Arkansas-Little Rock,USA,1996,1,24,82.0,7.5,2.1,2.5,7.4,1.2,6.5,13.7,49.9,12.5
118,Deron Williams,UTA,26,6-3,207,Illinois,USA,2005,1,3,76.0,18.7,4.0,10.5,8.2,2.0,9.3,23.7,57.4,42.9
119,Derrick Brown,CHA,22,6-8,227,Xavier,USA,2009,2,40,57.0,3.3,1.4,0.3,0.4,6.2,8.7,16.5,52.0,6.1
120,Derrick Rose,CHI,21,6-3,190,Memphis,USA,2008,1,1,78.0,20.8,3.8,6.0,-0.4,2.3,7.6,26.8,53.2,29.7
121,Desmond Mason,SAC,32,6-5,222,Oklahoma State,USA,2000,1,17,5.0,2.6,2.6,0.4,-33.3,5.4,18.4,12.3,47.2,5.1
122,Devean George,GSW,32,6-8,235,Augsburg,USA,1999,1,23,45.0,5.4,2.5,0.7,1.6,2.7,12.3,13.0,56.0,5.7
123,Devin Brown,CHI,31,6-5,210,Texas-San Antonio,USA,Undrafted,Undrafted,Undrafted,50.0,8.0,2.5,1.3,-0.8,2.6,8.9,19.2,50.0,9.5
124,Devin Harris,NJN,27,6-3,190,Wisconsin,USA,2004,1,5,64.0,16.9,3.2,6.6,-10.8,1.1,8.8,24.7,51.2,33.2
125,Dirk Nowitzki,DAL,32,7-0,245,None,Germany,1998,1,9,81.0,25.0,7.7,2.7,5.4,2.8,17.8,28.4,57.8,12.8
126,Dominic McGuire,SAC,24,6-9,220,Fresno State,USA,2007,2,47,51.0,0.7,1.5,0.2,-17.3,6.9,16.8,10.3,34.5,5.9
127,Donte Greene,SAC,22,6-11,226,Syracuse,USA,2008,1,28,76.0,8.5,3.1,0.9,-4.4,3.3,11.2,18.9,52.6,6.7
128,Dorell Wright,MIA,24,6-9,210,None,USA,2004,1,19,72.0,7.1,3.3,1.3,0.8,3.5,12.9,15.2,56.7,10.2
129,Drew Gooden,LAC,28,6-10,250,Kansas,USA,2002,1,4,70.0,10.9,7.7,0.7,-8.2,12.2,19.9,20.5,54.7,4.5
130,Dwayne Jones,PHX,27,6-10,251,St. Joseph's (PA),USA,Undrafted,Undrafted,Undrafted,2.0,0.0,1.0,0.0,-17.6,0.0,33.3,0.0,0.0,0.0
131,Dwight Howard,ORL,24,6-11,265,None,USA,2004,1,1,82.0,18.3,13.2,1.8,11.3,11.0,28.0,24.1,63.0,8.7
132,Dwyane Wade,MIA,28,6-4,220,Marquette,USA,2003,1,5,77.0,26.6,4.8,6.5,6.3,4.1,9.8,33.7,56.2,33.4
133,Earl Barron,NYK,28,7-0,250,Memphis,USA,Undrafted,Undrafted,Undrafted,7.0,11.7,11.0,1.1,2.7,14.2,23.2,18.0,50.8,5.0
134,Earl Boykins,WAS,34,5-5,133,Eastern Michigan,USA,Undrafted,Undrafted,Undrafted,67.0,6.6,1.1,2.6,-11.5,1.5,5.5,20.0,49.8,26.9
135,Earl Clark,PHX,22,6-10,225,Louisville,USA,2009,1,14,51.0,2.7,1.2,0.4,-3.7,4.7,10.9,20.8,42.0,9.3
136,Earl Watson,IND,31,6-1,185,UCLA,USA,2001,2,39,79.0,7.8,3.0,5.1,-2.0,2.3,7.7,14.6,51.7,25.7
137,Eddie House,NYK,32,6-1,175,Arizona State,USA,2000,2,37,68.0,7.0,1.6,1.3,0.4,1.1,8.1,19.2,49.5,11.5
138,Eddy Curry,NYK,27,7-0,295,None,USA,2001,1,4,7.0,3.7,1.9,0.0,-18.7,6.0,14.1,27.6,45.6,0.0
139,Eduardo Najera,DAL,33,6-8,235,Oklahoma,Mexico,2000,2,38,46.0,3.4,2.5,0.6,-2.7,4.9,12.9,11.7,50.1,6.1
140,Elton Brand,PHI,31,6-9,254,Duke,USA,1999,1,1,76.0,13.1,6.1,1.4,-1.8,8.2,13.1,21.4,51.8,7.8
141,Emeka Okafor,NOH,27,6-10,255,Connecticut,USA,2004,1,2,82.0,10.4,9.0,0.7,-2.6,10.8,22.1,16.9,54.7,3.5
142,Eric Gordon,LAC,21,6-3,222,Indiana,USA,2008,1,7,62.0,16.9,2.6,3.0,-5.4,1.2,6.2,21.0,57.1,13.5
143,Eric Maynor,OKC,23,6-3,175,Va Commonwealth,USA,2009,1,20,81.0,4.7,1.6,3.3,2.0,1.8,8.4,16.8,47.8,33.9
144,Erick Dampier,DAL,34,6-11,265,Mississippi State,USA,1996,1,10,55.0,6.0,7.3,0.6,6.6,10.7,20.6,11.4,63.7,3.5
145,Ersan Ilyasova,MIL,23,6-10,235,None,Turkey,2005,2,36,81.0,10.4,6.4,1.0,4.9,7.9,19.8,20.1,52.6,7.2
146,Etan Thomas,OKC,32,6-10,260,Syracuse,USA,2000,1,12,23.0,3.3,2.8,0.0,-3.2,6.3,15.6,13.5,48.3,0.5
147,Fabricio Oberto,WAS,35,6-10,245,None,Argentina,Undrafted,Undrafted,Undrafted,57.0,1.5,1.8,0.9,-3.4,5.5,11.4,7.1,65.4,11.2
148,Flip Murray,CHI,30,6-3,200,Shaw,USA,2002,2,41,75.0,9.9,2.4,1.8,0.6,1.8,9.3,23.3,48.5,14.1
149,Francisco Elson,PHI,34,7-0,240,California,Netherlands,1999,2,41,12.0,1.0,1.2,0.2,2.4,8.8,15.7,12.4,34.9,4.9
150,Francisco Garcia,SAC,28,6-7,195,Louisville,Dominican Republic,2005,1,23,25.0,8.1,2.6,1.8,-1.7,1.8,9.8,15.6,55.0,11.9
151,Garrett Temple,SAS,24,6-6,190,Louisiana State,USA,Undrafted,Undrafted,Undrafted,27.0,5.0,1.1,0.8,-0.3,1.8,7.2,19.3,55.3,10.4
152,George Hill,SAS,24,6-2,180,Indiana-Purdue Indianapolis,USA,2008,1,26,78.0,12.4,2.6,2.9,5.0,1.9,7.5,18.7,57.2,15.4
153,Gerald Henderson,CHA,22,6-5,215,Duke,USA,2009,1,12,43.0,2.6,1.3,0.3,-1.5,4.2,11.0,17.2,45.3,7.1
154,Gerald Wallace,CHA,27,6-7,220,Alabama,USA,2001,1,25,76.0,18.2,10.0,2.1,2.5,5.2,20.6,20.2,58.6,9.0
155,Gilbert Arenas,WAS,28,6-4,215,Arizona,USA,2001,2,30,32.0,22.6,4.2,7.2,-3.3,1.4,10.0,30.5,51.1,35.1
156,Glen Davis,BOS,24,6-9,289,Louisiana State,USA,2007,2,35,54.0,6.3,3.8,0.6,-5.2,11.5,12.4,19.3,50.0,6.4
157,Goran Dragic,PHX,24,6-3,190,None,Slovenia,2008,2,45,80.0,7.9,2.1,3.0,3.0,2.8,9.1,20.6,56.6,26.4
158,Grant Hill,PHX,37,6-8,225,Duke,USA,1994,1,3,81.0,11.3,5.5,2.4,3.3,3.3,14.3,16.5,56.1,11.1
159,Greg Oden,POR,22,7-0,285,Ohio State,USA,2007,1,1,21.0,11.1,8.5,0.9,10.3,14.4,24.0,20.6,64.7,6.6
160,Hakim Warrick,CHI,27,6-9,219,Syracuse,USA,2005,1,19,76.0,9.6,4.1,0.7,-4.6,8.0,12.6,21.5,54.7,5.8
161,Hamed Haddadi,MEM,25,7-2,265,None,Iran,Undrafted,Undrafted,Undrafted,36.0,1.7,2.1,0.3,-11.6,10.0,20.0,15.5,44.1,6.4
162,Hasheem Thabeet,MEM,23,7-3,267,Connecticut,Tanzania,2009,1,2,68.0,3.1,3.6,0.2,-2.6,9.2,17.9,10.4,60.5,1.8
163,Hedo Turkoglu,TOR,31,6-10,220,None,Turkey,2000,1,16,74.0,11.3,4.6,4.1,-3.1,2.0,13.5,18.0,54.0,19.9
164,Henry Walker,NYK,22,6-6,220,Kansas State,USA,2008,2,47,35.0,9.4,2.5,1.1,0.3,2.0,10.0,16.2,64.9,7.9
165,Hilton Armstrong,HOU,25,6-11,235,Connecticut,USA,2006,1,12,33.0,2.2,2.5,0.6,-5.9,7.8,16.8,15.3,38.1,9.5
166,Ian Mahinmi,SAS,23,6-11,230,None,France,2005,1,28,26.0,3.9,2.0,0.1,-3.6,7.9,20.7,24.1,66.7,2.4
167,Ime Udoka,SAC,32,6-5,220,Portland State,USA,Undrafted,Undrafted,Undrafted,69.0,3.6,2.8,0.8,-1.3,5.3,14.6,13.9,47.0,9.1
168,J.J. Barea,DAL,26,6-0,175,Northeastern,Puerto Rico,Undrafted,Undrafted,Undrafted,78.0,7.6,1.9,3.3,-1.8,1.2,8.6,19.6,52.6,26.9
169,J.R. Giddens,NYK,25,6-5,215,New Mexico,USA,2008,1,30,32.0,2.2,1.6,0.4,-14.3,6.7,15.4,15.4,49.2,9.6
170,JJ Hickson,CLE,21,6-9,242,North Carolina State,USA,2008,1,19,81.0,8.5,4.9,0.5,1.5,7.3,17.3,18.6,58.0,3.7
171,JJ Redick,ORL,26,6-4,190,Duke,USA,2006,1,11,82.0,9.6,1.9,1.9,4.9,1.0,7.6,17.5,60.6,14.3
172,JR Smith,DEN,24,6-6,220,No College,USA,2004,1,18,75.0,15.4,3.1,2.4,6.1,1.4,10.0,26.1,51.5,14.9
173,JaVale McGee,WAS,22,7-0,252,Nevada,USA,2008,1,18,60.0,6.4,4.1,0.2,-8.3,9.5,16.2,19.0,53.9,2.4
174,Jamaal Magloire,MIA,32,6-11,255,Kentucky,Canada,2000,1,19,36.0,2.1,3.4,0.0,-1.9,11.6,23.1,12.8,47.0,0.5
175,Jamaal Tinsley,MEM,32,6-3,185,Iowa State,USA,2001,1,27,38.0,3.5,1.7,2.8,-0.5,1.9,9.3,15.3,43.8,25.1
176,Jamal Crawford,ATL,30,6-5,200,Michigan,USA,2000,1,8,79.0,18.0,2.5,3.0,4.6,1.4,7.0,24.9,57.3,16.3
177,Jamario Moon,CLE,30,6-8,200,Meridian CC,USA,Undrafted,Undrafted,Undrafted,61.0,4.9,3.1,0.8,4.5,2.6,14.9,12.4,55.5,7.3
178,Jameer Nelson,ORL,28,6-0,190,St. Joseph's (PA),USA,2004,1,20,65.0,12.6,3.0,5.4,8.7,1.5,9.2,22.2,54.0,32.3
179,James Harden,OKC,20,6-5,220,Arizona State,USA,2009,1,3,76.0,9.9,3.2,1.8,4.9,2.8,11.1,19.9,55.1,13.0
180,James Johnson,CHI,23,6-9,245,Wake Forest,USA,2009,1,16,65.0,3.9,2.0,0.7,-8.1,4.4,12.3,17.4,53.2,10.4
181,James Jones,MIA,29,6-8,220,Miami,USA,2003,2,49,36.0,4.1,1.3,0.5,-2.2,0.8,8.2,12.7,55.6,5.6
182,James Posey,NOH,33,6-8,217,Xavier,USA,1999,1,18,77.0,5.2,4.3,1.5,-2.2,2.0,18.6,11.4,52.5,9.6
183,James Singleton,WAS,28,6-8,230,Murray State,USA,Undrafted,Undrafted,Undrafted,57.0,4.5,4.8,0.5,-7.8,10.7,18.7,15.0,45.2,5.1
184,JamesOn Curry,LAC,24,6-3,190,Oklahoma State,USA,2007,2,51,1.0,0.0,0.0,0.0,0.0,0.0,0.0,0.0,0.0,0.0
185,Jannero Pargo,CHI,30,6-1,185,Arkansas,USA,Undrafted,Undrafted,Undrafted,63.0,5.5,1.2,1.4,-3.9,1.1,8.5,23.6,42.9,18.2
186,Jared Dudley,PHX,24,6-7,225,Boston College,USA,2007,1,22,82.0,8.2,3.4,1.4,5.3,5.3,8.8,13.5,61.2,8.2
187,Jared Jeffries,HOU,28,6-11,240,Indiana,USA,2002,1,11,70.0,5.3,4.1,1.4,-0.6,7.2,9.0,11.0,50.7,8.0
188,Jarrett Jack,TOR,26,6-3,197,Georgia Tech,USA,2005,1,22,82.0,11.4,2.7,5.0,-2.8,1.4,8.8,18.5,59.9,27.7
189,Jarron Collins,PHX,31,6-11,249,Stanford,USA,2001,2,52,34.0,1.0,1.8,0.2,-2.0,7.8,14.5,8.2,40.5,3.1
190,Jarvis Hayes,NJN,28,6-8,228,Georgia,USA,2003,1,10,45.0,7.8,2.4,0.9,-6.9,0.9,10.1,16.1,52.1,6.4
191,Jason Collins,ATL,31,7-0,255,Stanford,USA,2001,1,18,24.0,0.7,0.6,0.2,-4.3,4.1,7.5,10.7,33.5,5.3
192,Jason Hart,NOH,32,6-3,180,Syracuse,USA,2000,2,49,5.0,0.4,0.4,1.2,17.5,0.0,7.4,10.0,50.0,35.3
193,Jason Kapono,PHI,29,6-8,215,UCLA,USA,2003,2,31,57.0,5.7,1.2,0.7,-5.9,1.4,5.8,15.6,52.7,6.3
194,Jason Kidd,DAL,37,6-4,210,California,USA,1994,1,2,80.0,10.3,5.6,9.1,4.3,1.8,13.8,14.3,57.7,36.1
195,Jason Maxiell,DET,27,6-7,260,Cincinnati,USA,2005,1,26,76.0,6.8,5.3,0.5,-6.4,10.5,18.0,16.1,53.1,4.0
196,Jason Richardson,PHX,29,6-6,225,Michigan State,USA,2001,1,5,79.0,15.7,5.1,1.8,5.9,3.5,12.2,20.5,57.4,8.5
197,Jason Smith,PHI,24,7-0,240,Colorado State,USA,2007,1,20,56.0,3.4,2.4,0.6,-3.1,8.6,13.5,15.3,49.1,7.6
198,Jason Terry,DAL,32,6-2,180,Arizona,USA,1999,1,10,77.0,16.6,1.8,3.8,3.1,0.8,4.8,22.4,55.2,19.4
199,Jason Thompson,SAC,23,6-11,250,Rider University,USA,2008,1,12,75.0,12.5,8.5,1.7,-4.3,9.4,18.2,19.5,51.8,8.4
200,Jason Williams,ORL,34,6-1,180,Florida,USA,1998,1,7,82.0,6.0,1.5,3.6,7.2,0.4,6.7,14.0,55.5,26.5
201,Jawad Williams,CLE,27,6-9,218,North Carolina,USA,Undrafted,Undrafted,Undrafted,54.0,4.1,1.5,0.6,-0.7,2.3,9.0,14.9,49.6,7.3
202,Jeff Ayres,POR,23,6-9,240,Arizona State,USA,2009,2,31,39.0,2.7,2.5,0.0,-6.4,7.0,20.2,9.8,70.5,0.4
203,Jeff Foster,IND,33,6-11,250,Southwest Texas State,USA,1999,1,21,16.0,3.1,5.1,1.3,-1.3,13.1,18.6,10.4,49.0,11.8
204,Jeff Green,OKC,23,6-9,235,Georgetown,USA,2007,1,5,82.0,15.1,6.0,1.6,2.0,3.9,12.7,19.0,53.0,7.1
205,Jeff Teague,ATL,22,6-2,180,Wake Forest,USA,2009,1,19,71.0,3.2,0.9,1.7,-2.6,0.7,9.1,17.4,45.9,25.8
206,Jermaine O'Neal,MIA,31,6-11,255,None,USA,1996,1,17,70.0,13.6,6.9,1.3,5.2,6.8,19.0,22.8,56.3,7.8
207,Jermaine Taylor,HOU,23,6-4,210,Central Florida,USA,2009,2,32,31.0,4.1,1.5,0.5,-18.3,6.0,9.5,21.8,46.0,9.6
208,Jerry Stackhouse,MIL,35,6-6,218,North Carolina,USA,1995,1,3,42.0,8.5,2.4,1.7,3.5,2.3,9.6,21.8,51.7,13.3
209,Jerryd Bayless,POR,21,6-3,200,Arizona,USA,2008,1,11,74.0,8.5,1.6,2.3,-0.2,1.5,8.4,24.0,53.4,22.6
210,Joakim Noah,CHI,25,6-11,232,Florida,USA,2007,1,9,64.0,10.7,11.0,2.1,-1.6,11.7,24.1,17.0,55.7,10.7
211,Jodie Meeks,PHI,22,6-4,208,Kentucky,USA,2009,2,41,60.0,4.7,1.7,0.7,-0.2,1.2,13.7,18.7,49.3,8.0
212,Joe Alexander,CHI,23,6-8,230,West Virginia,USA,2008,1,8,8.0,0.5,0.6,0.3,-3.1,6.5,11.5,9.9,27.3,9.1
213,Joe Johnson,ATL,29,6-7,240,Arkansas,USA,2001,1,10,76.0,21.3,4.6,4.9,6.2,2.7,10.2,26.4,53.8,21.6
214,Joe Smith,ATL,34,6-10,225,Maryland,USA,1995,1,1,64.0,3.0,2.5,0.3,-1.1,10.9,16.7,17.5,45.3,5.5
215,Joel Anthony,MIA,27,6-9,245,UNLV,Canada,Undrafted,Undrafted,Undrafted,80.0,2.7,3.1,0.2,0.5,9.7,9.3,8.6,54.6,1.4
216,Joel Przybilla,POR,30,7-1,245,Minnesota,USA,2000,1,9,30.0,4.1,7.9,0.3,3.2,11.6,25.4,10.2,56.7,1.9
217,Joey Dorsey,SAC,26,6-8,268,Memphis,USA,2008,2,33,15.0,1.5,2.9,0.1,10.6,15.0,25.2,11.9,45.5,2.5
218,Joey Graham,DEN,28,6-7,225,Oklahoma State,USA,2005,1,16,63.0,4.2,2.0,0.3,-2.5,5.6,11.3,16.1,56.8,4.6
219,Johan Petro,DEN,24,7-0,247,None,France,2005,1,25,36.0,3.4,3.6,0.4,1.7,7.6,22.6,13.7,55.3,4.5
220,John Salmons,MIL,30,6-6,207,Miami,USA,2002,1,26,81.0,15.4,3.3,2.8,2.7,1.3,8.2,19.9,55.3,13.2
221,Jon Brockman,SAC,23,6-7,255,Washington,USA,2009,2,38,52.0,2.8,4.1,0.4,-0.7,15.5,17.6,9.9,56.4,4.9
222,Jonas Jerebko,DET,23,6-10,231,None,Sweden,2009,2,39,80.0,9.3,6.0,0.7,-3.6,8.8,14.6,15.5,54.5,4.1
223,Jonathan Bender,NYK,29,7-0,230,None,USA,1999,1,5,25.0,4.7,2.1,0.6,-11.0,4.9,12.8,20.6,52.9,9.4
224,Jonny Flynn,MIN,21,6-0,185,Syracuse,USA,2009,1,6,81.0,13.5,2.4,4.4,-13.0,1.0,7.6,24.0,51.1,24.5
225,Jordan Farmar,LAL,23,6-2,180,UCLA,USA,2006,1,26,82.0,7.2,1.6,1.5,1.9,0.9,7.7,18.6,53.5,13.9
226,Jordan Hill,HOU,22,6-10,235,Arizona,USA,2009,1,8,47.0,5.2,3.7,0.4,-0.8,11.3,17.4,17.7,52.8,5.2
227,Jose Calderon,TOR,28,6-3,210,None,Spain,Undrafted,Undrafted,Undrafted,68.0,10.3,2.1,5.9,-1.4,1.3,6.7,17.3,56.9,33.4
228,Josh Boone,NJN,25,6-10,240,Connecticut,USA,2006,1,23,63.0,4.0,5.0,0.5,-11.7,11.3,19.6,12.1,50.9,4.7
229,Josh Howard,WAS,30,6-7,210,Wake Forest,USA,2003,1,29,35.0,12.7,3.6,1.4,0.4,3.6,10.5,24.6,49.6,8.6
230,Josh McRoberts,IND,23,6-10,240,Duke,USA,2007,2,37,42.0,4.3,3.0,1.0,-1.2,7.5,16.2,14.7,55.0,12.4
231,Josh Powell,LAL,27,6-9,240,North Carolina State,USA,Undrafted,Undrafted,Undrafted,63.0,2.7,1.8,0.6,-5.8,7.0,12.5,18.1,40.7,9.7
232,Josh Smith,ATL,24,6-9,240,None,USA,2004,1,17,81.0,15.7,8.7,4.2,7.3,8.2,17.4,22.1,53.6,18.7
233,Jrue Holiday,PHI,20,6-4,180,UCLA,USA,2009,1,17,73.0,8.0,2.6,3.8,-4.2,3.3,8.3,18.0,52.6,23.9
234,Julian Wright,NOH,23,6-8,225,Kansas,USA,2007,1,13,68.0,3.8,2.1,0.6,-0.5,7.0,10.4,15.0,51.8,6.6
235,Juwan Howard,POR,37,6-9,253,Michigan,USA,1994,1,5,73.0,6.0,4.6,0.8,-2.0,7.0,15.8,14.0,53.8,6.2
236,Kareem Rush,LAC,29,6-6,215,Missouri,USA,2002,1,20,7.0,1.3,0.9,0.6,-10.9,1.9,8.5,10.8,40.9,10.5
237,Keith Bogans,SAS,30,6-5,215,Kentucky,USA,2003,2,43,79.0,4.4,2.2,1.2,2.0,1.7,9.8,10.8,54.2,8.6
238,Kelenna Azubuike,GSW,26,6-5,220,Kentucky,United Kingdom,Undrafted,Undrafted,Undrafted,9.0,13.9,4.6,1.1,-8.0,5.0,12.8,19.2,62.3,7.0
239,Kendrick Perkins,BOS,25,6-10,280,None,USA,2003,1,27,78.0,10.1,7.6,1.0,6.9,8.7,20.9,17.6,61.3,5.7
240,Kenny Thomas,SAC,32,6-7,245,New Mexico,USA,1999,1,22,26.0,1.6,3.3,0.6,0.6,11.5,16.3,8.1,50.9,6.4
241,Kenyon Martin,DEN,32,6-9,240,Cincinnati,USA,2000,1,1,58.0,11.5,9.4,1.9,3.6,7.3,20.5,17.2,48.1,8.7
242,Kevin Durant,OKC,21,6-9,230,Texas,USA,2007,1,2,82.0,30.1,7.6,2.8,6.2,3.4,15.8,31.1,60.7,13.0
243,Kevin Garnett,BOS,34,6-11,253,None,USA,1995,1,5,69.0,14.3,7.3,2.7,7.4,4.5,20.9,21.8,56.9,14.8
244,Kevin Love,MIN,21,6-10,260,UCLA,USA,2008,1,5,60.0,14.0,11.0,2.3,-6.6,12.9,25.5,21.6,54.9,12.7
245,Kevin Martin,HOU,27,6-7,185,Western Carolina,USA,2004,1,26,46.0,20.6,3.6,2.4,-4.3,1.8,8.5,24.8,56.1,11.3
246,Kevin Ollie,OKC,37,6-2,195,Connecticut,USA,Undrafted,Undrafted,Undrafted,25.0,1.8,1.0,0.8,-3.9,1.3,9.2,9.2,45.3,12.0
247,Keyon Dooling,NJN,30,6-3,195,Missouri,USA,2000,1,10,53.0,6.9,1.0,2.5,-4.5,0.9,4.9,19.4,51.9,24.8
248,Kirk Hinrich,CHI,29,6-3,190,Kansas,USA,2003,1,7,74.0,10.9,3.5,4.5,-1.9,1.0,9.4,16.2,50.1,20.3
249,Kobe Bryant,LAL,31,6-6,205,None,USA,1996,1,13,73.0,27.0,5.4,5.0,8.1,2.8,10.8,31.9,54.5,23.0
250,Kosta Koufos,UTA,21,7-0,265,Ohio State,USA,2008,1,23,36.0,1.5,1.3,0.2,-15.5,9.5,17.8,16.7,49.4,5.7
251,Kris Humphries,NJN,25,6-9,235,Minnesota,USA,2004,1,14,69.0,7.1,5.5,0.5,-8.2,10.2,22.8,20.5,49.5,4.6
252,Kurt Thomas,MIL,37,6-9,230,TCU,USA,1995,1,10,70.0,3.0,4.2,0.7,-2.9,7.6,21.0,11.3,48.9,6.9
253,Kwame Brown,DET,28,6-11,270,None,USA,2001,1,1,48.0,3.3,3.7,0.5,-8.0,8.3,20.9,14.8,47.0,5.6
254,Kyle Korver,UTA,29,6-7,212,Creighton,USA,2003,2,51,52.0,7.2,2.1,1.7,10.3,1.1,10.8,15.4,62.0,13.7
255,Kyle Lowry,HOU,24,6-0,205,Villanova,USA,2006,1,24,68.0,9.1,3.6,4.5,3.8,5.3,9.9,17.9,53.6,28.1
256,Kyle Weaver,OKC,24,6-6,201,Washington State,USA,2008,2,38,12.0,3.0,1.5,0.9,-0.6,0.7,12.1,11.8,50.5,11.2
257,Kyrylo Fesenko,UTA,23,7-1,300,None,Ukraine,2007,2,38,49.0,2.6,1.8,0.3,14.0,8.8,13.5,15.5,53.3,5.5
258,LaMarcus Aldridge,POR,24,6-11,240,Texas-Austin,USA,2006,1,2,78.0,17.9,8.0,2.1,4.9,7.2,16.4,22.8,53.5,9.9
259,Lamar Odom,LAL,30,6-10,230,Rhode Island,USA,1999,1,4,82.0,10.8,9.8,3.3,5.7,7.1,23.2,16.6,53.3,15.9
260,Larry Hughes,CHA,31,6-5,185,St. Louis,USA,1998,1,8,45.0,9.1,3.2,3.0,-3.3,2.0,11.4,20.1,47.2,19.6
261,LeBron James,CLE,25,6-8,250,None,USA,2003,1,1,76.0,29.7,7.3,8.6,11.0,2.7,16.5,32.8,60.4,39.8
262,Leandro Barbosa,PHX,27,6-3,202,None,Brazil,2003,1,28,44.0,9.5,1.6,1.5,6.0,1.5,7.0,23.9,52.6,12.5
263,Leon Powe,CLE,26,6-8,240,California,USA,2006,2,49,20.0,4.0,3.1,0.0,-1.7,8.3,17.2,17.0,51.5,0.0
264,Lester Hudson,MEM,25,6-3,190,Tennessee-Martin,USA,2009,2,58,25.0,2.3,0.7,0.5,2.9,5.5,8.5,23.0,49.4,15.5
265,Lindsey Hunter,CHI,39,6-2,195,Jackson State,USA,1993,1,10,13.0,1.0,1.1,0.7,-6.1,0.8,10.7,13.1,21.0,10.5
266,Lou Amundson,PHX,27,6-9,238,UNLV,USA,Undrafted,Undrafted,Undrafted,79.0,4.7,4.4,0.4,3.2,11.3,18.6,14.2,56.2,4.0
267,Lou Williams,PHI,23,6-1,175,None,USA,2005,2,45,64.0,14.0,2.9,4.2,-2.7,1.4,9.0,20.8,57.6,21.9
268,Luc Mbah a Moute,MIL,23,6-8,230,UCLA,Cameroon,2008,2,37,73.0,6.2,5.5,1.1,2.0,8.6,13.4,12.0,53.0,6.7
269,Luis Scola,HOU,30,6-9,245,None,Argentina,2002,2,55,82.0,16.2,8.6,2.1,-0.9,6.5,21.0,22.7,55.0,11.0
270,Luke Ridnour,MIL,29,6-2,175,Oregon,USA,2003,1,14,82.0,10.4,1.7,4.0,1.0,1.3,7.2,21.4,57.0,31.4
271,Luke Walton,LAL,30,6-8,235,Arizona,USA,2003,2,32,29.0,2.4,1.3,1.4,-9.0,4.0,9.6,15.7,40.2,22.3
272,Luol Deng,CHI,25,6-9,220,Duke,United Kingdom,2004,1,7,70.0,17.6,7.3,2.0,0.9,4.9,13.9,21.5,53.1,8.8
273,Luther Head,IND,27,6-3,185,Illinois,USA,2005,1,24,47.0,7.6,1.7,1.5,0.8,0.7,8.5,20.6,53.0,14.2
274,Malik Allen,DEN,32,6-10,255,Villanova,USA,Undrafted,Undrafted,Undrafted,51.0,2.1,1.6,0.3,-13.1,8.1,10.7,14.0,43.1,5.5
275,Malik Hairston,SAS,23,6-6,220,Oregon,USA,2008,2,48,47.0,2.1,1.0,0.3,-1.3,4.6,10.8,13.5,55.5,7.5
276,Manu Ginobili,SAS,32,6-6,205,None,Argentina,1999,2,57,75.0,16.5,3.8,4.9,8.2,3.3,10.4,24.7,58.4,27.3
277,Marc Gasol,MEM,25,7-1,265,None,Spain,2007,2,48,69.0,14.6,9.3,2.4,2.3,8.8,18.8,17.0,61.7,10.0
278,Marcin Gortat,ORL,26,6-11,240,None,Poland,2005,2,57,81.0,3.6,4.2,0.2,2.6,9.6,20.9,12.5,56.3,2.4
279,Marco Belinelli,TOR,24,6-5,200,None,Italy,2007,1,18,66.0,7.1,1.4,1.3,2.3,1.3,7.4,19.3,54.3,11.9
280,Marcus Banks,TOR,28,6-2,205,UNLV,USA,2003,1,13,22.0,5.0,1.0,1.2,-4.0,1.3,8.0,20.1,63.5,21.5
281,Marcus Camby,POR,36,6-11,235,Massachusetts,USA,1996,1,2,74.0,7.5,11.8,2.5,2.8,11.1,27.8,12.6,50.1,11.9
282,Marcus Haislip,SAS,29,6-10,230,Tennessee,USA,2002,1,13,10.0,2.5,1.0,0.0,-8.7,10.5,11.3,26.0,53.9,0.0
283,Marcus Landry,BOS,24,6-7,230,Wisconsin,USA,Undrafted,Undrafted,Undrafted,18.0,2.4,1.1,0.0,2.2,4.3,12.4,19.4,48.7,0.0
284,Marcus Thornton,NOH,23,6-4,205,Louisiana State,USA,2009,2,43,73.0,14.5,2.9,1.6,-1.8,4.0,8.0,24.8,55.0,10.3
285,Marcus Williams,MEM,24,6-3,205,Connecticut,USA,2006,1,22,62.0,4.3,1.5,2.6,-7.4,1.5,9.3,18.0,45.6,27.4
286,Mardy Collins,LAC,25,6-6,220,Temple,USA,2006,1,29,43.0,2.6,1.2,1.0,-9.8,2.9,8.3,16.2,40.4,15.1
287,Mario Chalmers,MIA,24,6-1,190,Kansas,USA,2008,2,34,73.0,7.1,1.8,3.4,0.2,1.4,6.3,16.0,51.9,21.7
288,Mario West,ATL,26,6-5,210,Georgia Tech,USA,Undrafted,Undrafted,Undrafted,39.0,0.8,0.7,0.2,-2.4,6.2,12.3,9.5,59.1,9.2
289,Marquis Daniels,BOS,29,6-6,200,Auburn,USA,Undrafted,Undrafted,Undrafted,51.0,5.6,1.9,1.3,1.6,3.2,7.6,15.6,52.6,11.1
290,Marreese Speights,PHI,22,6-10,245,Florida,USA,2008,1,16,62.0,8.6,4.1,0.6,-8.8,8.7,18.2,24.9,52.4,6.2
291,Martell Webster,POR,23,6-7,235,None,USA,2005,1,6,82.0,9.4,3.3,0.8,2.8,2.4,12.4,17.7,54.3,5.0
292,Marvin Williams,ATL,24,6-9,240,North Carolina,USA,2005,1,2,81.0,10.1,5.1,1.1,5.3,4.5,13.1,15.6,54.0,5.6
293,Matt Barnes,ORL,30,6-7,226,UCLA,USA,2002,2,45,81.0,8.8,5.5,1.7,11.2,5.5,16.2,16.0,57.6,9.7
294,Matt Bonner,SAS,30,6-10,240,Florida,USA,2003,2,45,65.0,7.0,3.3,1.0,8.3,4.7,14.0,16.5,58.1,9.0
295,Matt Carroll,DAL,29,6-6,212,Notre Dame,USA,Undrafted,Undrafted,Undrafted,25.0,1.8,0.5,0.2,-6.4,3.3,7.4,21.3,43.7,8.2
296,Maurice Evans,ATL,31,6-5,220,Texas,USA,Undrafted,Undrafted,Undrafted,79.0,5.7,1.9,0.6,-0.2,4.4,7.6,14.4,53.9,5.6
297,Mehmet Okur,UTA,31,6-11,263,None,Turkey,2001,2,37,73.0,13.5,7.1,1.6,4.4,6.6,18.6,20.9,56.1,8.5
298,Metta World Peace,LAL,30,6-7,260,St. John's,USA,1999,1,16,77.0,11.0,4.3,3.0,6.8,3.9,8.7,16.1,51.4,13.2
299,Michael Beasley,MIA,21,6-10,235,Kansas State,USA,2008,1,2,78.0,14.8,6.4,1.3,0.0,5.6,17.0,25.3,50.5,7.6
300,Michael Finley,BOS,37,6-7,225,Wisconsin,USA,1995,1,21,46.0,4.4,1.5,0.9,-0.9,0.9,9.6,13.7,53.0,9.0
301,Michael Redd,MIL,30,6-6,215,Ohio State,USA,2000,2,43,18.0,11.9,3.0,2.2,-10.7,1.9,9.5,22.7,44.4,14.3
302,Mickael Pietrus,ORL,28,6-6,215,None,France,2003,1,11,75.0,8.7,2.9,0.7,3.8,2.4,10.0,17.8,55.5,4.8
303,Mike Bibby,ATL,32,6-2,195,Arizona,USA,1998,1,2,80.0,9.1,2.3,3.9,7.2,1.0,7.8,16.0,53.8,20.4
304,Mike Conley,MEM,22,6-1,185,Ohio State,USA,2007,1,4,80.0,12.0,2.4,5.3,0.3,1.2,6.8,18.4,52.6,24.5
305,Mike Dunleavy,IND,29,6-9,230,Duke,USA,2002,1,3,67.0,9.9,3.5,1.5,-1.6,1.6,13.5,20.0,53.1,11.2
306,Mike Harris,HOU,27,6-6,235,Rice,USA,Undrafted,Undrafted,Undrafted,13.0,2.2,1.8,0.2,-17.3,7.6,14.6,18.0,41.6,6.3
307,Mike James,WAS,35,6-2,188,Duquesne,USA,Undrafted,Undrafted,Undrafted,4.0,4.5,0.8,1.3,4.3,2.0,3.7,26.9,38.3,19.2
308,Mike Miller,WAS,30,6-8,218,Florida,USA,2000,1,5,54.0,10.9,6.2,3.9,-4.4,3.3,16.5,14.6,62.3,17.8
309,Mike Wilks,OKC,31,5-10,180,Rice,USA,Undrafted,Undrafted,Undrafted,4.0,4.0,1.0,1.0,-29.2,1.8,5.5,14.0,58.1,14.3
310,Mikki Moore,GSW,34,7-0,225,Nebraska,USA,Undrafted,Undrafted,Undrafted,23.0,5.0,3.0,1.6,-14.5,6.2,11.3,12.1,60.6,13.1
311,Mo Williams,CLE,27,6-1,190,Alabama,USA,2003,2,47,69.0,15.8,3.0,5.3,4.8,1.3,7.8,21.4,58.0,24.7
312,Monta Ellis,GSW,24,6-3,180,None,USA,2005,2,40,64.0,25.5,4.0,5.3,-7.0,1.8,8.3,29.1,51.7,21.6
313,Morris Peterson,NOH,32,6-7,220,Michigan State,USA,2000,1,21,46.0,7.1,2.7,0.9,-6.1,1.8,12.6,16.2,50.3,5.9
314,Nate Robinson,BOS,26,5-9,180,Washington,USA,2005,1,21,56.0,10.1,2.0,2.9,-3.9,2.5,7.5,23.4,54.3,24.9
315,Nathan Jawai,MIN,23,6-10,280,Midland (Texas),Australia,2008,2,41,39.0,3.2,2.7,0.6,-8.9,10.7,13.3,15.1,48.5,9.0
316,Nazr Mohammed,CHA,32,6-10,250,Kentucky,USA,1998,1,29,58.0,7.9,5.2,0.5,0.6,12.3,21.4,20.8,57.8,4.9
317,Nenad Krstic,OKC,26,7-0,240,None,Serbia,2002,1,24,76.0,8.4,5.0,0.7,3.0,8.1,14.3,16.9,52.7,4.6
318,Nene,DEN,27,6-11,250,None,Brazil,2002,1,7,82.0,13.8,7.6,2.5,5.9,6.3,17.3,16.5,63.1,11.4
319,Nick Collison,OKC,29,6-10,255,Kansas,USA,2003,1,12,75.0,5.9,5.1,0.5,9.5,10.4,15.0,12.0,61.6,3.8
320,Nick Young,WAS,25,6-6,200,Southern California,USA,2007,1,16,74.0,8.6,1.4,0.6,-1.9,1.4,6.0,21.1,51.9,5.5
321,Nicolas Batum,POR,21,6-8,200,None,France,2008,1,25,37.0,10.1,3.8,1.2,7.8,3.9,13.2,15.9,64.6,7.3
322,O.J. Mayo,MEM,22,6-4,210,Southern California,USA,2008,1,3,82.0,17.5,3.8,3.0,-1.3,2.0,8.6,20.3,55.1,12.0
323,Oleksiy Pecherov,MIN,24,7-0,234,None,Ukraine,2006,1,18,44.0,4.5,2.8,0.3,-2.6,6.9,20.3,21.9,48.7,4.0
324,Oliver Lafayette,BOS,26,6-2,190,Houston,USA,Undrafted,Undrafted,Undrafted,1.0,7.0,4.0,2.0,-19.7,4.5,15.0,16.7,58.3,18.2
325,Omri Casspi,SAC,22,6-9,225,None,Israel,2009,1,23,77.0,10.3,4.5,1.2,-3.2,3.8,14.2,18.8,52.9,7.6
326,Othello Hunter,ATL,24,6-8,225,Ohio State,USA,Undrafted,Undrafted,Undrafted,7.0,1.6,1.7,0.0,-21.2,14.0,16.7,18.9,40.0,0.0
327,Othyus Jeffers,UTA,24,6-5,210,Robert Morris-Chicago,USA,Undrafted,Undrafted,Undrafted,14.0,2.6,1.4,0.1,4.7,11.1,15.1,23.4,49.5,2.1
328,Patrick O'Bryant,TOR,24,7-0,250,Bradley,USA,2006,1,9,11.0,1.7,1.0,0.1,-16.0,4.7,19.6,19.0,53.9,3.3
329,Patty Mills,POR,21,6-0,185,St. Mary's,Australia,2009,2,55,10.0,2.6,0.2,0.5,-22.1,2.5,3.7,32.0,48.0,25.0
330,Pau Gasol,LAL,29,7-0,250,None,Spain,2001,1,3,65.0,18.3,11.3,3.4,6.0,10.3,20.3,21.0,59.3,14.7
331,Paul Davis,WAS,25,6-11,270,Michigan State,USA,2006,2,34,2.0,2.5,0.0,1.5,11.4,0.0,0.0,29.4,51.2,75.0
332,Paul Millsap,UTA,25,6-8,250,Louisiana Tech,USA,2006,2,47,82.0,11.6,6.8,1.6,7.7,8.9,16.7,18.4,57.3,9.0
333,Paul Pierce,BOS,32,6-7,235,Kansas,USA,1998,1,10,71.0,18.3,4.4,3.1,5.1,1.9,11.6,23.5,61.3,15.0
334,Peja Stojakovic,NOH,33,6-10,229,None,Serbia,1996,1,14,62.0,12.6,3.7,1.5,-1.2,2.0,10.0,18.1,53.3,7.2
335,Pops Mensah-Bonsu,TOR,26,6-9,235,George Washington,USA,Undrafted,Undrafted,Undrafted,20.0,2.0,1.8,0.2,-14.0,12.6,15.8,19.2,44.8,4.1
336,Primoz Brezec,MIL,30,7-1,255,None,Slovenia,2000,1,27,21.0,0.9,1.2,0.0,1.0,11.5,15.1,13.6,33.2,1.8
337,Quentin Richardson,MIA,30,6-6,228,DePaul,USA,2000,1,18,76.0,8.9,4.9,1.2,5.1,3.3,15.4,14.5,57.2,6.7
338,Quinton Ross,WAS,29,6-6,193,Southern Methodist,USA,Undrafted,Undrafted,Undrafted,52.0,1.8,0.9,0.2,-5.8,3.0,5.5,10.1,39.3,3.3
339,Rafer Alston,MIA,33,6-2,175,Fresno State,USA,1998,2,39,52.0,8.2,2.5,3.4,-4.5,0.9,8.5,18.3,44.3,20.0
340,Raja Bell,GSW,33,6-5,215,Florida International,U.S. Virgin Islands,Undrafted,Undrafted,Undrafted,6.0,11.8,3.8,2.2,9.8,2.7,11.2,16.8,57.0,12.4
341,Rajon Rondo,BOS,24,6-1,171,Kentucky,USA,2006,1,21,81.0,13.7,4.4,9.8,4.7,3.8,9.1,19.8,54.0,42.5
342,Ramon Sessions,MIN,24,6-3,190,Nevada-Reno,USA,2007,2,56,82.0,8.2,2.6,3.1,-6.1,3.2,9.0,19.5,51.3,23.6
343,Randolph Morris,ATL,24,6-11,275,Kentucky,USA,Undrafted,Undrafted,Undrafted,28.0,2.2,1.4,0.1,-6.7,7.9,22.6,20.9,58.6,2.7
344,Randy Foye,WAS,26,6-4,213,Villanova,USA,2006,1,7,70.0,10.1,1.9,3.3,-7.6,1.0,7.1,20.8,51.6,23.4
345,Rashard Lewis,ORL,30,6-10,230,None,USA,1998,2,32,72.0,14.1,4.4,1.5,7.5,2.8,10.5,19.3,57.3,7.5
346,Rasheed Wallace,BOS,35,6-11,230,North Carolina,USA,1995,1,4,79.0,9.0,4.1,1.0,1.8,2.5,17.5,20.0,50.4,7.6
347,Rasho Nesterovic,TOR,34,7-0,255,None,Slovenia,1998,1,17,42.0,3.9,2.1,0.6,-12.0,10.3,14.7,17.8,53.9,9.1
348,Rasual Butler,LAC,31,6-7,205,La Salle,USA,2002,2,52,82.0,11.9,2.9,1.4,-5.7,1.5,7.5,16.4,52.4,6.7
349,Ray Allen,BOS,34,6-5,205,Connecticut,USA,1996,1,5,80.0,16.3,3.2,2.6,7.2,1.8,7.7,19.5,60.1,11.8
350,Raymond Felton,CHA,26,6-1,198,North Carolina,USA,2005,1,5,80.0,12.1,3.6,5.6,3.1,2.2,9.5,18.9,52.5,28.3
351,Reggie Evans,TOR,30,6-8,245,Iowa,USA,Undrafted,Undrafted,Undrafted,28.0,3.4,3.8,0.3,-0.2,10.5,25.0,16.7,49.8,3.8
352,Reggie Williams,GSW,23,6-6,210,Virginia Military Institute,USA,Undrafted,Undrafted,Undrafted,24.0,15.2,4.6,2.8,-2.7,2.3,11.7,18.4,58.8,12.5
353,Renaldo Balkman,DEN,25,6-8,208,South Carolina,USA,2006,1,20,13.0,1.1,1.8,0.5,-16.8,3.9,19.2,12.7,33.9,10.8
354,Richard Hamilton,DET,32,6-7,193,Connecticut,USA,1999,1,7,46.0,18.1,2.7,4.4,-5.5,1.9,6.6,27.1,50.5,22.9
355,Richard Jefferson,SAS,30,6-7,225,Arizona,USA,2001,1,13,81.0,12.3,4.4,2.0,6.2,2.5,12.0,18.1,55.1,9.7
356,Ricky Davis,LAC,30,6-7,195,Iowa,USA,1998,1,21,36.0,4.4,1.6,1.1,-11.6,2.1,10.3,16.9,50.4,12.8
357,Robin Lopez,PHX,22,7-0,255,Stanford,USA,2008,1,15,51.0,8.4,4.9,0.1,5.2,11.3,13.5,16.6,62.1,1.0
358,Rodney Carney,PHI,26,6-7,205,Memphis,USA,2006,1,16,68.0,4.7,2.0,0.5,-4.5,3.0,13.1,17.4,51.5,7.0
359,Rodney Stuckey,DET,24,6-5,205,Eastern Washington,USA,2007,1,15,73.0,16.6,3.8,4.8,-2.4,2.7,9.7,26.0,47.9,24.6
360,Rodrigue Beaubois,DAL,22,6-0,170,None,France,2009,1,25,56.0,7.1,1.4,1.3,5.0,1.8,9.4,23.2,61.7,16.2
361,Roger Mason Jr.,SAS,29,6-5,212,Virginia,USA,2002,2,30,79.0,6.3,2.1,1.7,2.2,0.7,10.0,16.6,49.0,14.0
362,Roko Ukic,MIL,25,6-5,190,None,Croatia,2005,2,41,13.0,3.1,0.2,0.9,10.1,0.0,3.4,18.8,57.4,18.5
363,Ronnie Brewer,MEM,25,6-7,227,Arkansas,USA,2006,1,14,58.0,8.8,3.2,2.7,2.6,2.9,8.7,14.0,52.4,13.0
364,Ronnie Price,UTA,27,6-2,184,Utah Valley,USA,Undrafted,Undrafted,Undrafted,60.0,4.3,1.2,2.1,1.7,3.6,5.9,17.5,47.6,23.6
365,Ronny Turiaf,GSW,27,6-10,250,Gonzaga,France,2005,2,37,42.0,4.9,4.5,2.1,-0.9,6.2,15.0,11.2,57.4,13.9
366,Roy Hibbert,IND,23,7-2,278,Georgetown,USA,2008,1,17,81.0,11.7,5.7,2.0,0.5,8.8,13.6,22.1,53.7,13.0
367,Royal Ivey,MIL,28,6-4,215,Texas-Austin,USA,2004,2,37,44.0,2.1,0.8,0.6,0.3,1.8,8.8,13.2,52.7,12.7
368,Rudy Fernandez,POR,25,6-6,185,None,Spain,2007,1,24,62.0,8.1,2.6,2.0,0.2,2.5,9.8,16.8,54.0,14.6
369,Rudy Gay,MEM,23,6-8,230,Connecticut,USA,2006,1,8,80.0,19.6,5.9,1.9,0.1,3.7,11.9,22.4,53.5,7.6
370,Russell Westbrook,OKC,21,6-3,187,UCLA,USA,2008,1,4,82.0,16.1,4.9,8.0,4.3,5.2,9.1,25.0,49.1,36.7
371,Ryan Anderson,ORL,22,6-10,240,California,USA,2008,1,21,63.0,7.7,3.2,0.6,9.7,8.1,14.4,23.3,57.4,6.9
372,Ryan Bowen,OKC,34,6-9,218,Iowa,USA,1998,2,55,1.0,4.0,2.0,0.0,58.8,10.0,7.7,8.3,106.4,0.0
373,Ryan Gomes,MIN,27,6-7,245,Providence,USA,2005,2,50,76.0,10.9,4.6,1.6,-9.2,3.4,13.1,17.2,52.8,8.7
374,Ryan Hollins,MIN,25,7-0,230,UCLA,USA,2006,2,50,73.0,6.1,2.8,0.7,-16.0,6.5,10.5,16.4,60.0,6.6
375,Sam Young,MEM,25,6-6,220,Pittsburgh,USA,2009,2,36,80.0,7.4,2.5,0.7,-9.0,5.6,9.4,21.2,51.8,6.8
376,Samuel Dalembert,PHI,30,6-11,250,Seton Hall,Haiti,2001,1,26,82.0,8.1,9.6,0.8,-4.3,11.9,27.5,15.1,57.3,4.7
377,Sasha Pavlovic,MIN,26,6-7,235,None,Montenegro,2003,1,19,71.0,3.7,1.6,0.8,-15.0,1.3,11.8,17.3,42.2,10.5
378,Sasha Vujacic,LAL,26,6-7,205,None,Slovenia,2004,1,27,67.0,2.8,1.2,0.6,-0.1,3.9,9.4,14.1,51.8,11.3
379,Sean Marks,NOH,34,6-10,250,California,New Zealand,1998,2,44,14.0,0.7,1.6,0.1,-2.6,14.9,12.3,6.5,49.0,3.7
380,Sean May,SAC,26,6-9,266,North Carolina,USA,2005,1,13,37.0,3.3,1.9,0.5,1.2,6.1,15.4,19.4,49.2,8.3
381,Sean Williams,NJN,23,6-10,235,Boston College,USA,2007,1,17,20.0,2.6,2.3,0.1,-4.2,8.6,11.3,14.9,45.3,0.7
382,Sebastian Telfair,CLE,25,6-0,175,None,USA,2004,1,13,43.0,4.8,1.0,2.9,-8.1,0.8,6.5,18.8,47.9,31.3
383,Serge Ibaka,OKC,20,6-10,235,None,Republic of the Congo,2008,1,24,73.0,6.3,5.4,0.1,0.4,10.7,18.9,15.8,56.2,1.3
384,Sergio Rodriguez,NYK,24,6-3,176,None,Spain,2006,1,27,66.0,6.6,1.3,3.2,-2.2,2.4,6.3,20.9,55.4,30.7
385,Shane Battier,HOU,31,6-8,220,Duke,USA,2001,1,6,67.0,8.0,4.7,2.4,-0.2,3.4,11.3,11.4,54.1,11.1
386,Shannon Brown,LAL,24,6-4,210,Michigan State,USA,2006,1,25,82.0,8.1,2.2,1.3,0.9,1.7,8.8,18.6,51.7,10.5
387,Shaquille O'Neal,CLE,38,7-1,325,Louisiana State,USA,1992,1,1,53.0,12.0,6.7,1.5,4.3,8.6,21.4,25.1,56.5,11.0
388,Shaun Livingston,WAS,24,6-7,185,None,USA,2004,1,4,36.0,6.9,2.2,3.6,0.1,2.2,8.4,16.0,56.3,24.6
389,Shavlik Randolph,MIA,26,6-10,236,Duke,USA,Undrafted,Undrafted,Undrafted,6.0,2.3,2.3,0.2,8.2,11.7,13.7,18.2,37.1,3.1
390,Shawn Marion,DAL,32,6-7,228,UNLV,USA,1999,1,9,75.0,12.0,6.4,1.4,5.0,7.1,13.6,17.8,53.5,6.9
391,Shelden Williams,BOS,26,6-9,250,Duke,USA,2006,1,5,54.0,3.7,2.7,0.4,1.8,8.2,16.8,14.9,61.2,5.8
392,Solomon Jones,IND,25,6-10,245,South Florida,USA,2006,2,33,52.0,4.0,2.8,0.6,-10.0,6.9,13.5,15.5,49.9,7.7
393,Sonny Weems,TOR,23,6-6,203,Arkansas,USA,2008,2,39,69.0,7.5,2.8,1.5,-0.8,3.4,11.1,18.0,53.3,11.0
394,Spencer Hawes,SAC,22,7-1,245,Washington,USA,2007,1,10,72.0,10.0,6.1,2.2,-5.9,7.6,15.5,19.5,50.7,13.2
395,Stephen Curry,GSW,22,6-3,185,Davidson,USA,2009,1,7,80.0,17.5,4.5,5.9,-2.7,1.7,10.6,21.5,56.8,24.1
396,Stephen Graham,CHA,28,6-6,215,Oklahoma State,USA,Undrafted,Undrafted,Undrafted,70.0,4.2,1.9,0.3,0.8,3.1,14.0,16.9,55.1,5.4
397,Stephen Jackson,CHA,32,6-8,215,Butler C.C. (KS),USA,1997,2,42,81.0,20.6,5.0,3.7,2.6,2.7,10.7,27.0,51.8,17.0
398,Steve Blake,LAC,30,6-3,172,Maryland,USA,2003,2,38,80.0,7.3,2.3,4.8,-3.6,1.0,8.2,14.3,53.9,27.2
399,Steve Nash,PHX,36,6-3,178,Santa Clara,Canada,1996,1,15,81.0,16.5,3.3,11.0,6.7,1.4,8.2,22.3,61.5,48.3
400,Steve Novak,LAC,27,6-10,240,Marquette,USA,2006,2,32,54.0,2.1,0.6,0.1,-12.9,0.3,9.0,13.6,50.5,2.5
401,Steven Hunter,MEM,28,7-0,240,DePaul,USA,2001,1,15,21.0,2.5,2.0,0.0,-9.4,10.8,14.2,17.8,45.0,0.0
402,Sundiata Gaines,UTA,24,6-1,195,Georgia,USA,Undrafted,Undrafted,Undrafted,32.0,3.3,0.9,1.2,4.2,2.7,11.0,22.2,51.8,28.9
403,T.J. Ford,IND,27,6-0,165,Texas-Austin,USA,2003,1,8,47.0,10.3,3.2,3.8,-7.5,3.4,9.1,20.7,50.7,25.4
404,Taj Gibson,CHI,25,6-9,225,Southern California,USA,2009,1,26,82.0,9.0,7.5,0.9,-0.8,10.1,16.8,16.5,52.1,4.9
405,Taylor Griffin,PHX,24,6-7,238,Oklahoma,USA,2009,2,48,8.0,1.3,0.3,0.1,-4.5,0.0,5.4,16.9,42.5,5.6
406,Tayshaun Prince,DET,30,6-9,215,Kentucky,USA,2002,1,23,49.0,13.5,5.1,3.3,-4.7,4.4,12.2,19.0,53.0,16.5
407,Terrence Williams,NJN,23,6-6,220,Louisville,USA,2009,1,11,78.0,8.4,4.5,2.9,-7.7,2.6,18.0,21.3,45.9,22.4
408,Thabo Sefolosha,OKC,26,6-7,215,None,Switzerland,2006,1,13,82.0,6.0,4.7,1.8,1.9,3.4,13.4,10.7,50.9,8.8
409,Thaddeus Young,PHI,22,6-8,220,Georgia Tech,USA,2007,1,12,67.0,13.8,5.2,1.4,-3.5,6.2,10.8,21.1,52.3,7.5
410,Theo Ratliff,CHA,37,6-10,235,Wyoming,USA,1995,1,18,49.0,3.6,3.2,0.5,-0.9,8.5,12.8,12.8,51.1,4.7
411,Tim Duncan,SAS,34,6-11,260,Wake Forest,US Virgin Islands,1997,1,1,78.0,17.9,10.1,3.2,8.2,9.7,23.7,26.3,56.0,17.5
412,Tim Thomas,DAL,33,6-10,240,Villanova,USA,1997,1,7,18.0,7.5,2.3,0.8,-3.8,4.7,10.8,20.4,57.9,7.6
413,Toney Douglas,NYK,24,6-1,200,Florida State,USA,2009,1,29,56.0,8.6,1.9,2.0,-4.7,3.6,6.6,19.1,57.1,16.7
414,Tony Allen,BOS,28,6-4,213,Oklahoma State,USA,2004,1,25,54.0,6.1,2.7,1.3,-1.3,6.3,10.7,18.7,54.0,14.1
415,Tony Battie,NJN,34,6-11,240,Texas Tech,USA,1997,1,5,15.0,2.4,1.5,0.2,-17.5,2.5,15.0,15.8,40.5,4.2
416,Tony Parker,SAS,28,6-2,180,None,France,2001,1,28,56.0,16.0,2.4,5.7,6.4,0.4,7.5,25.5,54.2,30.4
417,Tracy McGrady,NYK,31,6-8,223,None,USA,1997,1,9,30.0,8.2,3.1,3.3,-8.8,3.4,11.4,20.5,46.6,22.0
418,Travis Diener,POR,28,6-1,175,Marquette,USA,2005,2,38,9.0,0.7,0.3,0.9,-30.6,0.0,5.6,9.9,25.5,22.2
419,Travis Outlaw,LAC,25,6-9,207,None,USA,2003,1,23,34.0,9.1,3.6,1.0,-3.5,4.4,12.1,20.3,50.3,8.2
420,Trenton Hassell,NJN,31,6-5,227,Austin Peay,USA,2001,2,29,52.0,4.5,2.9,1.0,-16.1,4.9,9.6,12.1,46.5,7.7
421,Trevor Ariza,HOU,24,6-8,210,UCLA,USA,2004,2,43,72.0,14.9,5.6,3.8,0.1,2.9,13.2,21.0,48.8,16.4
422,Trey Gilder,MEM,25,6-9,205,Northwestern State,USA,Undrafted,Undrafted,Undrafted,2.0,1.0,0.5,0.0,32.1,0.0,16.7,8.3,100,0.0
423,Troy Murphy,IND,30,6-11,245,Notre Dame,USA,2001,1,14,72.0,14.6,10.2,2.1,-5.4,5.4,25.7,18.5,58.5,10.8
424,Ty Lawson,DEN,22,5-11,195,North Carolina,USA,2009,1,18,65.0,8.3,1.9,3.1,6.3,3.3,6.2,17.4,60.0,23.3
425,Tyler Hansbrough,IND,24,6-9,250,North Carolina,USA,2009,1,13,29.0,8.5,4.8,1.0,-4.4,10.6,15.0,24.5,44.8,9.7
426,Tyreke Evans,SAC,20,6-6,220,Memphis,USA,2009,1,4,72.0,20.1,5.3,5.8,-6.2,2.4,12.2,26.1,52.9,26.8
427,Tyrus Thomas,CHA,23,6-10,225,Louisiana State,USA,2006,1,4,54.0,9.4,6.2,1.0,-0.7,6.6,20.0,21.4,51.1,8.1
428,Tyson Chandler,CHA,27,7-1,235,None,USA,2001,1,2,51.0,6.5,6.3,0.3,-0.3,10.5,18.8,13.8,64.3,2.3
429,Udonis Haslem,MIA,30,6-8,235,Florida,USA,Undrafted,Undrafted,Undrafted,78.0,9.9,8.1,0.7,1.4,8.1,22.0,16.8,53.8,4.2
430,Vince Carter,ORL,33,6-6,220,North Carolina,USA,1998,1,5,75.0,16.6,3.9,3.1,11.2,1.5,11.0,24.7,54.1,17.7
431,Vladimir Radmanovic,GSW,29,6-10,235,None,Serbia,2001,1,12,41.0,6.2,4.3,1.1,-6.6,5.5,15.0,15.6,44.9,7.3
432,Wayne Ellington,MIN,22,6-4,200,North Carolina,USA,2009,1,28,76.0,6.6,2.1,1.0,-6.7,2.3,9.1,16.8,52.7,8.5
433,Wesley Matthews,UTA,23,6-5,220,Marquette,USA,Undrafted,Undrafted,Undrafted,82.0,9.4,2.3,1.5,5.5,2.7,7.3,16.4,59.2,9.0
434,Will Bynum,DET,27,6-0,185,Georgia Tech,USA,Undrafted,Undrafted,Undrafted,63.0,10.0,2.3,4.5,-9.5,1.5,8.1,19.9,51.3,28.4
435,Will Conroy,HOU,27,6-2,195,Washington,USA,Undrafted,Undrafted,Undrafted,5.0,1.2,0.6,1.4,-23.3,0.0,7.7,16.3,27.6,30.4
436,Willie Green,PHI,28,6-3,201,Detroit,USA,2003,2,41,73.0,8.7,1.8,2.1,-4.6,1.3,7.5,19.0,53.8,16.4
437,Wilson Chandler,NYK,23,6-8,225,DePaul,USA,2007,1,23,65.0,15.3,5.4,2.1,-2.7,4.1,11.4,20.0,53.4,9.6
438,Yakhouba Diawara,MIA,27,6-7,225,Pepperdine,USA,Undrafted,Undrafted,Undrafted,6.0,0.8,0.7,0.5,-2.2,2.3,7.0,12.6,25.0,9.1
439,Yi Jianlian,NJN,22,7-0,250,None,China,2007,1,6,52.0,12.0,7.2,0.9,-6.9,7.1,16.8,20.0,48.1,4.8
440,Zach Randolph,MEM,28,6-9,260,Michigan State,USA,2001,1,19,81.0,20.8,11.7,1.8,-0.2,11.1,22.0,24.3,54.6,8.0
441,Zaza Pachulia,ATL,26,6-11,275,None,Georgia,2003,2,42,78.0,4.3,3.8,0.5,0.4,10.6,17.2,15.0,53.9,5.8
442,Zydrunas Ilgauskas,CLE,35,7-3,260,None,Lithuania,1996,1,20,64.0,7.4,5.4,0.8,8.3,9.2,17.3,18.7,49.1,5.8
