,Player,Team,Age,Height,Weight,COLLEGE,COUNTRY,DRAFT YEAR,DRAFT ROUND,DRAFT NUMBER,GP,PTS,REB,AST,NETRTG,OREB%,DREB%,USG%,TS%,AST%
0,,,,,,,,,,,,,,,,,,,,
1,AJ Price,MIN,27,6-2,195,Connecticut,USA,2009,2,52,28.0,1.6,0.4,0.5,0.9,0.8,7.5,21.3,46.9,27.1
2,Aaron Brooks,DEN,29,6-0,161,Oregon,USA,2007,1,26,72.0,9.0,1.9,3.2,-2.6,2.7,6.1,20.1,51.8,23.8
3,Aaron Gray,SAC,29,7-0,270,Pittsburgh,USA,2007,2,49,37.0,1.8,3.0,0.6,-11.1,11.3,19.9,12.2,46.6,9.2
4,Adonis Thomas,PHI,21,6-7,240,Memphis,USA,Undrafted,Undrafted,Undrafted,6.0,2.3,0.5,0.5,17.2,0.0,7.9,17.6,48.5,11.5
5,Al Harrington,WAS,34,6-9,245,None,USA,1998,1,25,34.0,6.6,2.4,0.8,4.7,3.2,13.8,22.5,50.6,8.9
6,Al Horford,ATL,28,6-10,250,Florida,Dominican Republic,2007,1,3,29.0,18.6,8.4,2.6,3.1,7.2,18.9,24.4,58.8,13.9
7,Al Jefferson,CHA,29,6-10,289,None,USA,2004,1,15,73.0,21.8,10.8,2.1,0.5,6.3,24.7,29.3,53.2,12.2
8,Al-Farouq Aminu,NOP,23,6-9,215,Wake Forest,USA,2010,1,8,80.0,7.2,6.2,1.4,-5.4,6.4,18.8,14.0,51.6,8.3
9,Alan Anderson,BKN,31,6-6,220,Michigan State,USA,Undrafted,Undrafted,Undrafted,78.0,7.2,2.2,1.0,-1.2,2.4,7.8,15.6,52.5,7.4
10,Alec Burks,UTA,22,6-6,211,Colorado,USA,2011,1,12,78.0,14.0,3.3,2.7,-6.6,2.7,9.5,23.2,54.7,16.8
11,Alex Len,PHX,21,7-1,255,Maryland,Ukraine,2013,1,5,42.0,2.0,2.4,0.1,-8.2,10.6,17.1,13.4,46.9,1.7
12,Alexey Shved,MIN,25,6-6,187,None,Russia,Undrafted,Undrafted,Undrafted,63.0,4.0,1.3,1.1,-2.9,2.8,9.0,20.6,45.2,16.2
13,Alexis Ajinca,NOP,26,7-2,248,None,France,2008,1,20,56.0,5.9,4.9,0.7,-4.8,10.6,20.1,16.3,58.9,6.7
14,Allen Crabbe,POR,22,6-6,210,California,USA,2013,2,31,15.0,2.2,0.6,0.4,-0.5,1.0,7.7,15.4,47.5,8.8
15,Alonzo Gee,CLE,27,6-6,225,Alabama,USA,Undrafted,Undrafted,Undrafted,65.0,4.0,2.3,0.7,-9.7,3.3,11.0,13.2,49.1,7.1
16,Amar'e Stoudemire,NYK,31,6-11,245,None,USA,2002,1,9,65.0,11.9,4.9,0.5,-6.2,8.0,15.5,23.6,59.6,4.4
17,Amir Johnson,TOR,27,6-9,210,No College,USA,2005,2,56,77.0,10.4,6.6,1.5,4.3,8.0,15.3,16.2,59.2,8.5
18,Anderson Varejao,CLE,31,6-11,267,None,Brazil,2004,2,30,65.0,8.4,9.7,2.2,1.7,10.0,25.3,14.5,52.7,12.2
19,Andray Blatche,BKN,27,6-11,260,None,USA,2005,2,49,73.0,11.2,5.3,1.5,0.6,7.9,17.6,24.8,53.2,12.6
20,Andre Drummond,DET,20,6-10,270,Connecticut,USA,2012,1,9,81.0,13.5,13.2,0.4,-4.2,15.7,25.3,16.6,59.9,2.1
21,Andre Iguodala,GSW,30,6-6,207,Arizona,USA,2004,1,9,63.0,9.3,4.7,4.2,13.5,2.7,11.2,13.3,57.0,17.0
22,Andre Miller,WAS,38,6-2,200,Utah,USA,1999,1,8,58.0,4.9,2.2,3.4,2.2,2.9,10.0,14.8,53.4,30.7
23,Andre Roberson,OKC,22,6-7,210,Colorado,USA,2013,1,26,40.0,1.9,2.4,0.4,3.2,9.6,13.5,9.9,51.8,5.1
24,Andrea Bargnani,NYK,28,7-0,250,None,Italy,2006,1,1,42.0,13.3,5.3,1.1,-6.1,5.3,13.7,22.0,51.0,6.3
25,Andrei Kirilenko,BKN,33,6-9,235,None,Russia,1999,1,24,45.0,5.0,3.2,1.6,-2.9,6.8,11.6,14.2,53.2,13.1
26,Andrew Bogut,GSW,29,7-0,260,Utah,Australia,2005,1,1,67.0,7.3,10.0,1.7,9.0,10.7,26.4,12.3,61.0,8.7
27,Andrew Bynum,IND,26,7-0,285,None,USA,2005,1,10,26.0,8.7,5.6,1.1,-12.7,9.5,17.4,23.7,45.6,9.9
28,Andrew Nicholson,ORL,24,6-9,250,St. Bonaventure,Canada,2012,1,19,76.0,5.7,3.4,0.3,-6.8,4.5,16.9,19.1,48.9,3.7
29,Andris Biedrins,UTA,28,7-0,250,None,Latvia,2004,1,11,6.0,0.5,2.8,0.0,-1.9,4.1,31.9,5.6,41.2,0.0
30,Antawn Jamison,LAC,38,6-9,235,North Carolina,USA,1998,1,4,22.0,3.8,2.5,0.3,10.8,3.4,17.4,19.6,40.8,4.7
31,Anthony Bennett,CLE,21,6-8,259,UNLV,Canada,2013,1,1,52.0,4.2,3.0,0.3,-5.7,6.8,16.0,19.4,42.5,4.3
32,Anthony Davis,NOP,21,6-10,220,Kentucky,USA,2012,1,1,67.0,20.8,10.0,1.6,-2.1,9.1,20.8,25.0,58.2,7.8
33,Anthony Morrow,NOP,28,6-5,210,Georgia Tech,USA,Undrafted,Undrafted,Undrafted,76.0,8.4,1.8,0.8,1.2,2.0,8.1,18.8,57.0,6.9
34,Anthony Randolph,DEN,24,6-11,225,Louisiana State,USA,2008,1,14,43.0,4.8,2.8,0.7,-9.3,3.6,18.5,19.6,49.9,10.4
35,Anthony Tolliver,CHA,29,6-8,240,Creighton,USA,Undrafted,Undrafted,Undrafted,64.0,6.1,2.6,0.7,2.6,2.5,10.4,11.8,60.5,4.9
36,Archie Goodwin,PHX,19,6-5,198,Kentucky,USA,2013,1,29,52.0,3.7,1.7,0.4,-7.9,4.5,10.8,18.5,50.7,6.1
37,Arinze Onuaku,CLE,26,6-9,275,Syracuse,USA,Undrafted,Undrafted,Undrafted,5.0,0.6,1.6,0.6,-17.1,8.3,26.1,9.6,25.5,13.0
38,Arnett Moultrie,PHI,23,6-10,240,Mississippi State,USA,2012,1,27,12.0,3.0,2.9,0.2,-15.9,5.3,13.2,10.0,44.8,1.5
39,Aron Baynes,SAS,27,6-10,260,Washington State,Australia,Undrafted,Undrafted,Undrafted,53.0,3.0,2.7,0.6,3.3,11.9,18.6,18.4,46.7,10.3
40,Arron Afflalo,ORL,28,6-5,215,UCLA,USA,2007,1,27,73.0,18.2,3.6,3.4,-7.4,1.3,9.2,22.8,57.4,16.9
41,Austin Daye,SAS,26,6-11,200,Gonzaga,USA,2009,1,15,22.0,3.0,1.2,0.4,0.0,3.4,15.6,22.4,45.6,8.1
42,Austin Rivers,NOP,21,6-4,200,Duke,USA,2012,1,10,69.0,7.7,1.9,2.3,0.0,2.0,8.0,20.9,48.2,19.3
43,Avery Bradley,BOS,23,6-2,180,Texas-Austin,USA,2010,1,19,60.0,14.9,3.8,1.4,-2.1,2.5,9.7,23.1,51.0,7.9
44,Ben Gordon,CHA,31,6-3,200,Connecticut,USA,2004,1,3,19.0,5.2,1.4,1.1,4.2,1.0,8.2,21.9,42.2,12.2
45,Ben McLemore,SAC,21,6-5,195,Kansas,USA,2013,1,7,82.0,8.8,2.9,1.0,-4.5,2.4,8.6,16.6,48.5,5.8
46,Beno Udrih,MEM,31,6-3,210,None,Slovenia,2004,1,28,41.0,4.9,1.4,2.8,-8.9,1.5,8.5,16.7,52.3,27.8
47,Bernard James,DAL,29,6-10,240,Florida State,USA,2012,2,33,30.0,0.9,1.4,0.1,-1.3,10.5,17.8,10.6,50.3,2.9
48,Bismack Biyombo,CHA,21,6-9,245,None,DRC,2011,1,7,77.0,2.9,4.8,0.1,-1.9,9.4,23.5,9.4,60.6,1.2
49,Blake Griffin,LAC,25,6-10,251,Oklahoma,USA,2009,1,1,80.0,24.1,9.5,3.9,9.8,7.0,19.1,28.6,58.3,18.5
50,Boris Diaw,SAS,32,6-8,250,None,France,2003,1,21,79.0,9.1,4.1,2.8,8.3,4.1,12.6,16.7,57.8,16.2
51,Bradley Beal,WAS,21,6-5,207,Florida,USA,2012,1,3,73.0,17.1,3.7,3.3,2.0,2.2,9.0,24.0,50.7,15.5
52,Brandan Wright,DAL,26,6-10,210,North Carolina,USA,2007,1,8,58.0,9.1,4.2,0.5,5.3,10.3,13.9,17.2,69.5,4.6
53,Brandon Bass,BOS,29,6-8,250,Louisiana State,USA,2005,2,33,82.0,11.1,5.7,1.1,-7.8,7.1,14.3,18.4,54.9,6.5
54,Brandon Davies,PHI,22,6-10,240,Brigham Young,USA,Undrafted,Undrafted,Undrafted,51.0,2.8,2.1,0.5,-2.1,6.2,12.7,13.6,47.6,7.4
55,Brandon Jennings,DET,24,6-1,169,None,USA,2009,1,10,80.0,15.5,3.1,7.6,-3.1,2.0,6.9,22.8,48.6,33.4
56,Brandon Knight,MIL,22,6-3,189,Kentucky,USA,2011,1,8,72.0,17.9,3.5,4.9,-8.6,1.9,9.2,26.3,52.3,26.2
57,Brandon Rush,UTA,28,6-6,233,Kansas,USA,2008,1,13,38.0,2.1,1.2,0.6,-10.5,1.1,9.5,11.6,42.8,8.5
58,Brian Roberts,NOP,28,6-1,173,University of Dayton,USA,Undrafted,Undrafted,Undrafted,72.0,9.4,1.9,3.3,-4.3,1.1,7.4,19.8,52.9,22.6
59,Brook Lopez,BKN,26,7-0,275,Stanford,USA,2008,1,10,17.0,20.7,6.0,0.9,-2.2,7.8,11.3,26.5,62.9,5.9
60,Byron Mullens,PHI,25,7-0,275,Ohio State,USA,2009,1,24,45.0,4.2,2.0,0.3,-16.4,5.4,17.2,20.5,54.4,6.0
61,C.J. Watson,IND,30,6-2,175,Tennessee,USA,Undrafted,Undrafted,Undrafted,63.0,6.6,1.6,1.7,6.2,1.6,6.5,15.9,55.5,14.4
62,CJ McCollum,POR,22,6-4,200,Lehigh,USA,2013,1,10,38.0,5.3,1.3,0.7,-2.1,1.3,8.1,20.1,52.1,8.9
63,CJ Miles,CLE,27,6-6,231,No College,USA,2005,2,34,51.0,9.9,2.0,1.0,1.9,1.7,8.9,21.3,56.9,8.8
64,Carl Landry,SAC,30,6-9,248,Purdue,USA,2007,2,31,18.0,4.2,3.2,0.3,-12.3,6.4,17.7,13.9,56.3,3.6
65,Carlos Boozer,CHI,32,6-9,266,Duke,USA,2002,2,34,76.0,13.7,8.3,1.6,-1.0,6.3,23.9,25.7,48.9,10.5
66,Carmelo Anthony,NYK,30,6-8,235,Syracuse,USA,2003,1,3,77.0,27.4,8.1,3.1,1.3,4.9,17.1,31.8,56.1,15.6
67,Caron Butler,OKC,34,6-7,228,Connecticut,USA,2002,1,10,56.0,10.5,4.1,1.5,-5.3,1.5,14.9,20.0,51.2,9.9
68,Carrick Felix,CLE,23,6-6,201,Arizona State,USA,2013,2,33,7.0,2.7,0.9,0.6,7.3,3.3,12.8,21.7,60.3,14.3
69,Cartier Martin,ATL,29,6-7,220,Kansas State,USA,Undrafted,Undrafted,Undrafted,59.0,5.6,1.9,0.6,-7.0,1.5,11.5,16.6,56.2,6.4
70,Casper Ware,PHI,24,5-10,175,Long Beach State,USA,Undrafted,Undrafted,Undrafted,9.0,5.3,1.0,1.1,-1.2,0.0,7.7,18.8,53.8,13.5
71,Chandler Parsons,HOU,25,6-9,227,Florida,USA,2011,2,38,74.0,16.6,5.5,4.0,5.4,2.7,11.7,19.1,56.5,16.8
72,Channing Frye,PHX,31,6-11,245,Arizona,USA,2005,1,8,82.0,11.1,5.1,1.2,6.4,3.2,14.9,17.2,55.5,6.1
73,Charlie Villanueva,DET,29,6-11,232,Connecticut,USA,2005,1,7,20.0,4.6,1.7,0.3,-21.3,2.6,16.3,24.6,46.9,6.3
74,Chase Budinger,MIN,26,6-7,209,Arizona,USA,2009,2,44,41.0,6.7,2.5,0.8,0.1,2.4,10.7,17.0,50.5,6.3
75,Chauncey Billups,DET,37,6-3,210,Colorado,USA,1997,1,3,19.0,3.8,1.5,2.2,-7.0,1.2,8.2,15.2,42.7,19.6
76,Chris Andersen,MIA,35,6-10,245,Blinn J.C.,USA,Undrafted,Undrafted,Undrafted,72.0,6.6,5.3,0.3,6.6,10.8,18.6,13.6,68.3,2.1
77,Chris Babb,BOS,24,6-5,225,Iowa State,USA,Undrafted,Undrafted,Undrafted,14.0,1.6,1.2,0.2,-4.5,2.7,10.2,10.9,36.7,3.4
78,Chris Bosh,MIA,30,6-11,235,Georgia Tech,USA,2003,1,4,79.0,16.2,6.6,1.1,8.9,4.7,17.5,22.4,59.7,5.6
79,Chris Copeland,IND,30,6-8,235,Colorado,USA,Undrafted,Undrafted,Undrafted,41.0,3.7,0.8,0.4,-3.7,2.7,9.8,22.8,62.1,12.4
80,Chris Douglas-Roberts,CHA,27,6-7,210,Memphis,USA,2008,2,40,49.0,6.9,2.4,1.0,-0.4,1.6,10.0,14.3,58.8,8.1
81,Chris Johnson,BOS,24,6-6,201,Dayton,USA,Undrafted,Undrafted,Undrafted,40.0,6.3,2.4,0.8,0.9,3.7,8.9,13.7,53.7,5.9
82,Chris Kaman,LAL,32,7-0,265,Central Michigan,USA,2003,1,6,39.0,10.4,5.9,1.5,-3.7,7.1,21.4,26.0,53.7,14.0
83,Chris Paul,LAC,29,6-0,175,Wake Forest,USA,2005,1,4,62.0,19.1,4.3,10.7,11.3,1.8,10.1,23.0,58.0,45.9
84,Chris Singleton,WAS,24,6-9,228,Florida State,USA,2011,1,18,25.0,3.0,2.2,0.2,-11.5,6.4,16.7,16.7,48.1,4.3
85,Chris Smith,NYK,26,6-2,200,Louisville,USA,Undrafted,Undrafted,Undrafted,2.0,0.0,0.0,0.0,-125.0,0.0,0.0,0.0,0.0,0.0
86,Chris Wright,MIL,25,6-9,226,University of Dayton,USA,Undrafted,Undrafted,Undrafted,8.0,6.0,2.5,0.6,-5.8,9.0,7.8,16.1,57.7,5.8
87,Chuck Hayes,TOR,31,6-6,250,Kentucky,USA,Undrafted,Undrafted,Undrafted,61.0,2.2,3.4,0.6,4.3,8.9,19.5,10.1,46.8,6.9
88,Cody Zeller,CHA,21,7-0,240,Indiana,USA,2013,1,4,82.0,6.0,4.3,1.1,-3.0,8.0,15.9,17.8,49.8,10.6
89,Cole Aldrich,NYK,25,6-11,245,Kansas,USA,2010,1,11,46.0,2.0,2.8,0.3,-1.5,11.3,27.9,12.4,62.0,6.3
90,Corey Brewer,MIN,28,6-9,185,Florida,USA,2007,1,7,81.0,12.3,2.6,1.7,5.9,2.3,5.6,15.9,55.0,7.5
91,Cory Joseph,SAS,22,6-3,190,Texas,Canada,2011,1,29,68.0,5.0,1.6,1.7,0.1,3.8,7.9,16.7,55.8,18.0
92,Courtney Lee,MEM,28,6-5,200,Western Kentucky,USA,2008,1,22,79.0,9.6,2.4,1.5,1.3,1.5,8.3,16.8,57.4,9.3
93,D.J. Augustin,CHI,26,6-0,183,University of Texas at Austin,USA,2008,1,9,71.0,13.1,1.8,4.4,1.4,0.8,5.9,22.1,56.9,29.7
94,DJ Stephens,MIL,23,6-5,188,Memphis,USA,Undrafted,Undrafted,Undrafted,3.0,2.3,1.7,0.0,-2.2,5.6,30.8,20.0,47.0,0.0
95,DJ White,CHA,27,6-9,250,Indiana,USA,2008,1,29,2.0,0.0,1.0,0.0,-15.6,0.0,33.3,3.7,0.0,0.0
96,Damian Lillard,POR,23,6-3,195,Weber State,USA,2012,1,6,82.0,20.7,3.5,5.6,6.0,1.2,8.2,24.4,56.8,24.9
97,Damion James,SAS,26,6-7,225,Texas-Austin,USA,2010,1,24,5.0,1.2,2.4,0.6,11.8,1.8,22.9,9.5,30.4,7.1
98,Daniel Orton,PHI,23,6-10,275,Kentucky,USA,2010,1,29,22.0,3.0,2.8,0.7,-7.1,5.9,18.4,12.6,54.0,9.7
99,Danny Granger,LAC,31,6-9,228,New Mexico,USA,2005,1,17,41.0,8.2,3.2,1.0,5.9,3.5,11.4,19.5,50.2,8.0
100,Danny Green,SAS,27,6-6,215,North Carolina,USA,2009,2,46,68.0,9.1,3.4,1.5,9.9,1.6,11.7,16.2,58.0,9.2
101,Dante Cunningham,MIN,27,6-8,221,Villanova,USA,2009,2,33,81.0,6.3,4.1,1.0,-1.1,6.5,13.4,15.1,47.4,8.0
102,Darius Johnson-Odom,PHI,24,6-2,215,Marquette,USA,2012,2,55,3.0,0.0,0.7,0.3,-4.2,0.0,12.5,25.6,0.0,10.0
103,Darius Miller,NOP,24,6-8,225,Kentucky,USA,2012,2,46,45.0,4.4,1.2,1.0,3.1,1.3,6.0,12.5,55.0,9.0
104,Darius Morris,MEM,23,6-4,195,Michigan,USA,2011,2,41,27.0,4.0,1.0,1.6,-9.1,2.1,6.6,18.1,49.8,25.9
105,Darrell Arthur,DEN,26,6-9,235,Kansas,USA,2008,1,27,68.0,5.9,3.1,0.9,3.1,4.4,12.6,18.1,45.9,8.2
106,Darren Collison,LAC,26,6-0,175,UCLA,USA,2009,1,21,80.0,11.4,2.4,3.7,5.3,2.3,6.4,19.4,57.5,22.5
107,David Lee,GSW,31,6-9,240,Florida,USA,2005,1,30,69.0,18.2,9.3,2.1,10.0,8.1,19.3,24.0,56.6,10.1
108,David West,IND,33,6-9,250,Xavier,USA,2003,1,18,80.0,14.0,6.8,2.8,8.1,5.1,15.9,21.7,53.3,15.8
109,DeAndre Jordan,LAC,25,6-11,265,Texas A&M,USA,2008,2,35,82.0,10.4,13.6,0.9,8.7,11.9,26.0,12.3,63.0,3.6
110,DeAndre Liggins,MIA,26,6-6,209,Kentucky,USA,2011,2,53,1.0,2.0,1.0,0.0,-25.0,50.0,0.0,16.7,100,0.0
111,DeJuan Blair,DAL,25,6-7,270,Pittsburgh,USA,2009,2,37,78.0,6.4,4.7,0.9,0.7,11.4,19.8,18.7,55.7,8.8
112,DeMar DeRozan,TOR,24,6-7,216,Southern California,USA,2009,1,9,79.0,22.7,4.3,4.0,3.1,1.7,9.9,27.8,53.2,18.9
113,DeMarcus Cousins,SAC,23,6-11,270,Kentucky,USA,2010,1,5,71.0,22.7,11.7,2.9,-0.7,9.7,27.5,32.3,55.5,17.5
114,DeMarre Carroll,ATL,27,6-8,212,Missouri,USA,2009,1,27,73.0,11.1,5.5,1.8,2.2,4.8,12.7,14.9,57.5,8.8
115,Dennis Schroder,ATL,20,6-1,168,None,Germany,2013,1,17,49.0,3.7,1.2,1.9,-16.6,0.8,9.1,18.8,44.2,24.7
116,Derek Fisher,OKC,39,6-1,210,Arkansas-Little Rock,USA,1996,1,24,81.0,5.2,1.5,1.4,8.9,0.9,7.7,13.6,54.2,12.0
117,Deron Williams,BKN,30,6-3,209,Illinois,USA,2005,1,3,64.0,14.3,2.6,6.1,4.4,0.8,7.9,21.4,56.4,31.2
118,Derrick Favors,UTA,22,6-10,268,Georgia Tech,USA,2010,1,3,73.0,13.3,8.7,1.2,-8.2,9.2,21.2,20.6,55.6,7.2
119,Derrick Rose,CHI,25,6-3,190,Memphis,USA,2008,1,1,10.0,15.9,3.2,4.3,-5.7,2.7,6.8,28.9,44.6,25.7
120,Derrick Williams,SAC,23,6-8,240,Arizona,USA,2011,1,2,78.0,8.0,4.1,0.7,-4.3,3.7,13.4,15.8,52.4,4.9
121,Devin Harris,DAL,31,6-3,192,Wisconsin,USA,2004,1,5,40.0,7.9,2.1,4.5,8.4,1.0,9.6,19.5,51.7,31.2
122,Dewayne Dedmon,ORL,24,7-0,255,Southern California,USA,Undrafted,Undrafted,Undrafted,31.0,3.1,4.1,0.2,-6.7,9.6,25.5,12.9,50.0,2.1
123,Dexter Pittman,ATL,26,6-11,285,Texas-Austin,USA,2010,2,32,2.0,0.0,1.5,0.0,-16.7,60.0,0.0,25.0,0.0,0.0
124,Diante Garrett,UTA,25,6-4,190,Iowa State,USA,Undrafted,Undrafted,Undrafted,71.0,3.5,1.4,1.7,-5.3,1.0,8.4,14.8,45.9,18.3
125,Dion Waiters,CLE,22,6-4,225,Syracuse,USA,2012,1,4,70.0,15.9,2.8,3.0,-1.9,1.5,7.9,26.4,50.8,18.3
126,Dionte Christmas,PHX,27,6-5,205,Temple,USA,Undrafted,Undrafted,Undrafted,31.0,2.3,1.2,0.3,-7.6,5.9,13.6,16.3,48.9,6.7
127,Dirk Nowitzki,DAL,36,7-0,245,None,Germany,1998,1,9,80.0,21.7,6.2,2.7,5.5,1.6,18.4,26.0,60.3,14.0
128,Donald Sloan,IND,26,6-3,205,Texas A&M,USA,Undrafted,Undrafted,Undrafted,48.0,2.3,0.9,1.0,-10.4,1.0,10.1,17.0,43.7,22.3
129,Donatas Motiejunas,HOU,23,7-0,222,None,Lithuania,2011,1,20,62.0,5.5,3.6,0.5,3.2,6.2,16.3,17.2,50.4,5.8
130,Dorell Wright,POR,28,6-9,205,None,USA,2004,1,19,68.0,5.0,2.8,0.9,3.6,2.9,15.7,15.9,52.4,9.6
131,Doron Lamb,ORL,22,6-4,200,Kentucky,USA,2012,2,42,53.0,3.6,0.9,0.8,0.9,1.2,6.1,13.1,54.3,9.3
132,Draymond Green,GSW,24,6-7,230,Michigan State,USA,2012,2,35,82.0,6.2,5.0,1.9,4.8,4.6,17.3,14.6,49.8,12.7
133,Drew Gooden,WAS,32,6-10,250,Kansas,USA,2002,1,4,22.0,8.3,5.2,0.7,-3.7,9.9,21.4,20.0,59.1,6.6
134,Dwight Buycks,TOR,25,6-3,190,Marquette,USA,Undrafted,Undrafted,Undrafted,14.0,3.1,1.6,0.7,1.4,2.5,13.9,18.1,41.4,11.5
135,Dwight Howard,HOU,28,6-11,265,None,USA,2004,1,1,71.0,18.3,12.2,1.8,7.0,10.2,25.0,24.1,60.0,9.1
136,Dwyane Wade,MIA,32,6-4,220,Marquette,USA,2003,1,5,54.0,19.0,4.5,4.7,4.3,4.1,10.6,27.2,58.8,24.9
137,E'Twaun Moore,ORL,25,6-4,191,Purdue,USA,2011,2,55,79.0,6.3,1.7,1.4,-5.0,1.9,7.0,15.9,51.3,12.2
138,Earl Clark,NYK,26,6-10,234,Louisville,USA,2009,1,14,54.0,4.8,2.6,0.3,-9.3,2.8,15.9,17.6,46.6,3.9
139,Earl Watson,POR,35,6-1,199,UCLA,USA,2001,2,39,24.0,0.5,0.6,1.2,-1.6,3.1,6.1,8.0,47.0,24.6
140,Ed Davis,MEM,25,6-10,225,North Carolina,USA,2010,1,13,63.0,5.7,4.1,0.4,3.4,9.7,17.7,17.1,54.2,4.5
141,Ekpe Udoh,MIL,27,6-10,245,Baylor,USA,2010,1,6,42.0,3.4,3.5,0.7,-9.7,7.7,10.5,11.6,44.0,5.9
142,Elias Harris,LAL,24,6-8,239,Gonzaga,Germany,Undrafted,Undrafted,Undrafted,2.0,0.0,0.5,0.5,-18.6,8.3,0.0,3.6,0.0,9.1
143,Elliot Williams,PHI,25,6-5,180,Memphis,USA,2010,1,22,67.0,6.0,1.9,1.1,-14.1,2.3,8.7,16.3,51.9,10.4
144,Elton Brand,ATL,35,6-9,254,Duke,USA,1999,1,1,73.0,5.7,4.9,1.0,-1.8,7.5,19.0,13.8,56.1,8.1
145,Enes Freedom,UTA,22,6-11,247,None,Turkey,2011,1,3,80.0,12.3,7.5,0.9,-12.2,10.3,19.5,22.8,52.3,6.4
146,Eric Bledsoe,PHX,24,6-1,195,Kentucky,USA,2010,1,18,43.0,17.7,4.7,5.5,4.3,1.9,12.0,24.4,57.8,27.2
147,Eric Gordon,NOP,25,6-4,215,Indiana,USA,2008,1,7,64.0,15.4,2.6,3.3,-6.4,1.5,7.1,22.7,54.0,16.4
148,Eric Maynor,PHI,27,6-3,175,Va Commonwealth,USA,2009,1,20,31.0,2.6,1.3,1.7,-24.8,2.5,10.0,17.8,38.7,29.1
149,Erik Murphy,CHI,23,6-10,230,Florida,Finland,2013,2,49,24.0,0.3,0.3,0.1,-41.4,2.7,10.2,10.1,23.1,6.5
150,Ersan Ilyasova,MIL,27,6-10,235,None,Turkey,2005,2,36,55.0,11.2,6.2,1.3,-8.1,6.8,16.8,21.0,48.6,8.6
151,Evan Fournier,DEN,21,6-6,200,None,France,2012,1,20,76.0,8.4,2.7,1.5,0.4,2.1,10.7,19.1,53.3,11.9
152,Evan Turner,IND,25,6-7,220,Ohio State,USA,2010,1,2,81.0,14.0,5.0,3.2,-7.4,2.4,13.4,22.9,49.8,17.4
153,Francisco Garcia,HOU,32,6-7,195,Louisville,Dominican Republic,2005,1,23,55.0,5.7,2.2,1.1,1.5,2.0,8.6,13.1,52.1,9.0
154,Gal Mekel,DAL,26,6-3,191,Wichita State,Israel,Undrafted,Undrafted,Undrafted,31.0,2.4,0.9,2.0,-0.8,1.6,8.5,17.6,40.0,29.9
155,Garrett Temple,WAS,28,6-6,195,Louisiana State,USA,Undrafted,Undrafted,Undrafted,75.0,1.8,0.9,1.0,-5.6,3.3,8.0,13.8,43.1,18.0
156,Gary Neal,CHA,29,6-4,210,Towson,USA,Undrafted,Undrafted,Undrafted,52.0,10.5,1.7,1.6,-8.0,0.9,7.6,23.5,53.0,13.7
157,George Hill,IND,28,6-3,188,Indiana-Purdue Indianapolis,USA,2008,1,26,76.0,10.3,3.7,3.5,6.6,2.3,8.9,14.6,56.3,17.0
158,Gerald Green,PHX,28,6-8,210,No College,USA,2005,1,18,82.0,15.8,3.4,1.5,1.1,2.1,9.8,23.3,58.5,8.5
159,Gerald Henderson,CHA,26,6-5,215,Duke,USA,2009,1,12,77.0,14.0,4.0,2.6,-1.3,1.3,11.2,22.1,50.7,13.7
160,Gerald Wallace,BOS,31,6-7,220,Alabama,USA,2001,1,25,58.0,5.1,3.7,2.5,-5.8,2.5,13.1,11.5,54.3,15.2
161,Giannis Antetokounmpo,MIL,19,6-9,205,None,Greece,2013,1,15,77.0,6.8,4.4,1.9,-4.5,4.2,14.0,14.8,51.8,12.0
162,Gigi Datome,DET,26,6-8,215,None,Italy,Undrafted,Undrafted,Undrafted,34.0,2.4,1.4,0.3,7.7,5.2,14.5,19.8,40.9,7.1
163,Glen Davis,LAC,28,6-9,289,Louisiana State,USA,2007,2,35,68.0,9.4,5.2,1.1,-5.0,6.5,14.9,20.0,49.1,8.0
164,Glen Rice,WAS,23,6-6,206,Michigan,USA,2013,2,35,11.0,2.9,1.8,0.6,5.9,3.1,16.0,18.6,39.9,10.1
165,Goran Dragic,PHX,28,6-3,190,None,Slovenia,2008,2,45,76.0,20.3,3.2,5.9,5.6,2.7,6.6,24.1,60.4,27.4
166,Gordon Hayward,UTA,24,6-8,220,Butler,USA,2010,1,9,77.0,16.2,5.1,5.2,-7.4,2.3,12.6,22.7,52.0,23.7
167,Gorgui Dieng,MIN,24,6-11,238,Louisville,Senegal,2013,1,21,60.0,4.8,5.0,0.7,-3.5,11.7,23.4,16.7,53.4,7.6
168,Greg Monroe,DET,24,6-11,250,Georgetown,USA,2010,1,7,82.0,15.2,9.3,2.1,-2.7,8.8,19.6,21.1,53.1,10.1
169,Greg Oden,MIA,26,7-0,273,Ohio State,USA,2007,1,1,23.0,2.9,2.3,0.0,-7.2,11.2,15.8,15.0,56.7,0.7
170,Greg Smith,HOU,23,6-10,250,Fresno State,USA,Undrafted,Undrafted,Undrafted,11.0,3.5,2.5,0.0,-7.2,10.3,15.5,14.6,62.9,0.0
171,Greg Stiemsma,NOP,28,6-11,260,Wisconsin,USA,Undrafted,Undrafted,Undrafted,55.0,2.9,4.1,0.7,-8.0,7.2,16.5,8.1,58.4,5.5
172,Greivis Vasquez,TOR,27,6-6,211,Maryland,Venezuela,2010,1,28,79.0,9.6,2.2,4.1,4.5,1.1,8.8,21.1,53.7,31.0
173,Gustavo Ayon,ATL,29,6-10,250,None,Mexico,Undrafted,Undrafted,Undrafted,26.0,4.3,4.8,1.1,-3.5,10.1,20.0,14.6,50.5,10.1
174,Hamady Ndiaye,SAC,27,7-0,235,Rutgers,Senegal,2010,2,56,14.0,0.4,1.3,0.2,-12.1,5.7,17.8,7.2,31.8,6.5
175,Harrison Barnes,GSW,22,6-8,210,North Carolina,USA,2012,1,7,78.0,9.5,4.0,1.5,-0.8,2.9,10.8,16.6,48.6,8.0
176,Hasheem Thabeet,OKC,27,7-3,263,Connecticut,Tanzania,2009,1,2,23.0,1.2,1.7,0.0,-0.7,5.4,15.4,9.0,53.6,0.8
177,Hedo Turkoglu,LAC,35,6-10,220,None,Turkey,2000,1,16,38.0,3.0,2.3,0.9,1.8,2.8,18.4,15.0,49.2,12.7
178,Henry Sims,PHI,24,6-10,248,Georgetown,USA,Undrafted,Undrafted,Undrafted,46.0,7.6,5.2,1.1,-7.6,10.9,15.7,18.1,53.5,10.1
179,Hilton Armstrong,GSW,29,6-11,235,Connecticut,USA,2006,1,12,15.0,1.7,3.1,0.3,6.6,16.2,27.2,13.3,48.0,7.4
180,Hollis Thompson,PHI,23,6-8,206,Georgetown,USA,Undrafted,Undrafted,Undrafted,77.0,6.0,3.2,0.9,-9.1,3.9,10.3,11.1,57.0,6.1
181,Ian Clark,UTA,23,6-3,173,Belmont,USA,Undrafted,Undrafted,Undrafted,23.0,3.0,0.8,0.7,8.2,1.7,9.0,21.2,48.5,14.7
182,Ian Mahinmi,IND,27,6-11,250,None,France,2005,1,28,77.0,3.5,3.3,0.3,0.6,8.5,11.9,11.2,53.8,3.1
183,Iman Shumpert,NYK,24,6-5,220,Georgia Tech,USA,2011,1,17,74.0,6.7,4.2,1.7,4.6,4.2,12.4,13.9,48.0,9.7
184,Isaiah Canaan,HOU,23,6-0,188,Murray State,USA,2013,2,34,22.0,4.6,1.1,1.0,-6.6,2.6,6.2,20.0,50.6,14.4
185,Isaiah Thomas,SAC,25,5-9,185,Washington,USA,2011,2,60,72.0,20.3,2.9,6.3,0.7,1.9,6.5,25.4,57.4,31.7
186,Ish Smith,PHX,25,6-0,175,Wake Forest,USA,Undrafted,Undrafted,Undrafted,70.0,3.7,1.8,2.6,0.3,3.0,9.9,15.5,43.8,27.5
187,J.J. Barea,MIN,30,6-0,178,Northeastern,Puerto Rico,Undrafted,Undrafted,Undrafted,79.0,8.4,1.9,3.8,-3.7,1.0,9.3,23.8,47.1,35.3
188,JJ Hickson,DEN,25,6-9,242,North Carolina State,USA,2008,1,19,69.0,11.8,9.2,1.4,-4.4,10.4,22.0,20.5,52.1,8.5
189,JJ Redick,LAC,30,6-4,190,Duke,USA,2006,1,11,35.0,15.2,2.1,2.2,9.6,0.9,6.4,20.9,59.8,11.6
190,JR Smith,NYK,28,6-6,220,No College,USA,2004,1,18,74.0,14.5,4.0,3.0,-0.6,1.5,11.7,21.3,52.7,15.2
191,JaVale McGee,DEN,26,7-0,270,Nevada,USA,2008,1,18,5.0,7.0,3.4,0.4,-2.3,12.0,10.6,24.1,45.5,3.5
192,Jae Crowder,DAL,23,6-6,235,Marquette,USA,2012,2,34,78.0,4.6,2.5,0.8,10.9,3.9,11.9,12.8,55.1,6.7
193,Jamaal Franklin,MEM,22,6-5,191,San Diego State,USA,2013,2,41,21.0,1.9,1.1,0.3,4.0,2.6,12.1,13.7,48.9,5.3
194,Jamaal Tinsley,UTA,36,6-3,188,Iowa State,USA,2001,1,27,8.0,1.1,1.4,2.9,-22.4,1.9,9.4,11.9,22.5,35.9
195,Jamal Crawford,LAC,34,6-5,200,Michigan,USA,2000,1,8,69.0,18.6,2.3,3.2,5.9,1.6,5.6,26.4,55.6,18.1
196,Jameer Nelson,ORL,32,6-0,190,St. Joseph's (PA),USA,2004,1,20,68.0,12.1,3.4,7.0,-6.8,1.3,9.5,19.7,51.5,34.1
197,James Anderson,PHI,25,6-6,210,Oklahoma State,USA,2010,1,20,80.0,10.1,3.8,1.9,-10.7,2.3,10.6,15.6,53.0,9.9
198,James Harden,HOU,24,6-5,220,Arizona State,USA,2009,1,3,73.0,25.4,4.7,6.1,7.2,2.3,9.4,27.0,61.8,26.6
199,James Johnson,MEM,27,6-9,248,Wake Forest,USA,2009,1,16,52.0,7.4,3.2,2.1,5.8,6.7,11.0,19.2,55.2,17.5
200,James Jones,MIA,33,6-8,215,Miami,USA,2003,2,49,20.0,4.9,1.2,0.5,16.9,1.1,9.3,16.0,66.6,6.0
201,James Nunnally,PHI,23,6-7,205,Cal-Santa Barbara,USA,Undrafted,Undrafted,Undrafted,13.0,3.4,1.5,0.6,-11.9,0.5,10.2,15.0,44.0,8.2
202,James Southerland,NOP,24,6-8,215,Syracuse,USA,Undrafted,Undrafted,Undrafted,4.0,3.5,2.0,0.0,13.2,0.0,22.2,23.9,44.1,0.0
203,Jan Vesely,DEN,24,7-0,242,None,Czech Republic,2011,1,6,54.0,3.6,3.5,0.4,-6.2,9.5,15.8,13.0,49.8,4.3
204,Jannero Pargo,CHA,34,6-1,185,Arkansas,USA,Undrafted,Undrafted,Undrafted,29.0,4.7,0.7,1.8,-10.1,0.4,8.5,27.3,55.4,43.3
205,Jared Cunningham,SAC,23,6-4,195,Oregon State,USA,2012,1,24,13.0,2.0,0.5,0.6,4.5,1.2,5.5,16.4,46.4,15.4
206,Jared Dudley,LAC,28,6-7,225,Boston College,USA,2007,1,22,74.0,6.9,2.2,1.4,6.8,2.1,7.0,13.4,54.1,8.7
207,Jared Sullinger,BOS,22,6-9,260,Ohio State,USA,2012,1,21,74.0,13.3,8.1,1.6,-0.8,11.2,18.3,23.4,49.7,9.7
208,Jarrett Jack,CLE,30,6-3,200,Georgia Tech,USA,2005,1,22,80.0,9.5,2.8,4.1,-5.6,0.9,8.9,17.6,49.8,23.2
209,Jarvis Varnado,PHI,26,6-9,230,Mississippi State,USA,2010,2,41,24.0,4.1,2.6,0.5,-11.2,5.3,12.6,11.9,59.7,5.9
210,Jason Collins,BKN,35,7-0,255,Stanford,USA,2001,1,18,22.0,1.1,0.9,0.2,-9.8,4.2,7.7,8.6,48.5,3.4
211,Jason Maxiell,ORL,31,6-7,260,Cincinnati,USA,2005,1,26,34.0,3.2,2.5,0.3,-9.5,5.5,11.9,12.0,45.9,2.7
212,Jason Smith,NOP,28,7-0,240,Colorado State,USA,2007,1,20,31.0,9.7,5.8,0.9,-2.5,6.0,16.9,17.8,49.5,5.4
213,Jason Terry,BKN,36,6-2,180,Arizona,USA,1999,1,10,35.0,4.5,1.1,1.6,-5.4,0.7,6.5,14.4,50.1,15.6
214,Jason Thompson,SAC,27,6-11,250,Rider University,USA,2008,1,12,82.0,7.1,6.4,0.6,0.4,7.7,18.8,14.3,52.3,4.0
215,Jeff Adrien,MIL,28,6-7,245,Connecticut,USA,Undrafted,Undrafted,Undrafted,53.0,6.8,5.8,0.7,-3.2,10.4,22.3,16.4,55.3,6.4
216,Jeff Ayres,SAS,27,6-9,250,Arizona State,USA,2009,2,31,73.0,3.3,3.5,0.8,6.2,10.2,17.2,12.0,60.5,8.5
217,Jeff Green,BOS,27,6-9,235,Georgetown,USA,2007,1,5,82.0,16.9,4.6,1.7,-6.1,1.8,12.1,23.2,52.0,8.5
218,Jeff Teague,ATL,26,6-2,181,Wake Forest,USA,2009,1,19,79.0,16.5,2.6,6.7,1.3,1.4,6.9,25.0,54.1,34.7
219,Jeff Withey,NOP,24,7-0,235,Kansas,USA,2013,2,39,58.0,3.3,2.6,0.4,2.7,7.5,14.7,11.8,59.0,5.7
220,Jeffery Taylor,CHA,25,6-7,225,Vanderbilt,Sweden,2012,2,31,26.0,8.0,2.3,0.8,-5.1,2.2,7.5,18.4,43.6,6.0
221,Jeremy Evans,UTA,26,6-9,197,Western Kentucky,USA,2010,2,55,66.0,6.1,4.7,0.7,-7.4,10.1,16.7,14.9,54.9,6.1
222,Jeremy Lamb,OKC,22,6-5,185,Connecticut,USA,2012,1,12,78.0,8.5,2.4,1.5,7.1,1.8,10.4,19.7,52.2,12.3
223,Jeremy Lin,HOU,25,6-3,200,Harvard,USA,Undrafted,Undrafted,Undrafted,71.0,12.5,2.6,4.1,3.9,1.7,6.7,19.8,57.2,22.9
224,Jeremy Tyler,NYK,23,6-10,250,None,USA,2011,2,39,41.0,3.6,2.7,0.2,-5.1,9.9,18.9,18.3,53.2,3.2
225,Jermaine O'Neal,GSW,35,6-11,255,None,USA,1996,1,17,44.0,7.9,5.5,0.6,2.1,9.9,16.4,18.1,57.0,4.5
226,Jerryd Bayless,BOS,25,6-3,200,Arizona,USA,2008,1,11,72.0,9.3,2.0,2.7,-3.5,1.3,7.6,19.3,49.8,18.7
227,Jimmer Fredette,CHI,25,6-2,195,Brigham Young,USA,2011,1,10,49.0,5.6,1.1,1.3,-2.9,1.5,8.3,23.7,57.8,22.1
228,Jimmy Butler,CHI,24,6-7,220,Marquette,USA,2011,1,30,67.0,13.1,4.9,2.6,4.0,3.4,9.5,16.7,52.2,11.0
229,Joakim Noah,CHI,29,6-11,232,Florida,USA,2007,1,9,80.0,12.6,11.3,5.4,4.4,10.2,22.1,18.5,53.1,25.8
230,Jodie Meeks,LAL,26,6-4,208,Kentucky,USA,2009,2,41,77.0,15.7,2.5,1.8,-8.8,1.1,6.1,18.5,60.1,8.5
231,Joe Johnson,BKN,33,6-7,240,Arkansas,USA,2001,1,10,79.0,15.8,3.4,2.7,0.4,2.0,9.0,22.1,56.4,14.8
232,Joel Anthony,BOS,31,6-9,245,UNLV,Canada,Undrafted,Undrafted,Undrafted,33.0,0.8,1.2,0.1,-6.5,7.8,12.7,9.1,39.4,1.6
233,Joel Freeland,POR,27,6-10,225,None,United Kingdom,2006,1,30,52.0,3.3,4.0,0.7,1.9,11.3,15.5,12.0,49.8,7.2
234,John Henson,MIL,23,6-11,220,North Carolina,USA,2012,1,14,70.0,11.1,7.1,1.6,-11.5,9.3,18.0,20.1,54.3,11.1
235,John Jenkins,ATL,23,6-4,215,Vanderbilt,USA,2012,1,23,13.0,3.1,1.7,0.8,-9.9,1.9,11.2,15.2,45.7,11.3
236,John Lucas III,UTA,31,5-11,166,Oklahoma State,USA,Undrafted,Undrafted,Undrafted,42.0,3.8,0.9,1.0,-14.2,1.9,4.8,15.7,40.3,12.0
237,John Salmons,TOR,34,6-6,207,Miami,USA,2002,1,26,78.0,5.2,2.1,1.9,-0.5,1.1,8.5,12.6,46.2,13.5
238,John Wall,WAS,23,6-4,195,Kentucky,USA,2010,1,1,82.0,19.3,4.1,8.8,3.5,1.3,10.2,26.7,52.4,39.2
239,Jon Leuer,MEM,25,6-10,228,Wisconsin,USA,2011,2,40,49.0,6.2,3.2,0.4,-0.6,6.1,20.8,20.8,56.6,5.2
240,Jonas Jerebko,DET,27,6-10,231,None,Sweden,2009,2,39,64.0,4.2,2.7,0.6,-5.2,6.1,17.0,15.8,57.7,8.8
241,Jonas Valanciunas,TOR,22,6-11,231,None,Lithuania,2011,1,5,81.0,11.3,8.8,0.7,2.5,10.4,22.0,18.3,57.9,4.1
242,Jordan Crawford,GSW,25,6-4,195,Xavier,USA,2010,1,27,81.0,11.0,2.3,3.5,-4.7,1.4,8.1,23.2,51.6,25.6
243,Jordan Farmar,LAL,27,6-2,180,UCLA,USA,2006,1,26,41.0,10.1,2.5,4.9,-5.4,2.0,8.8,22.3,53.3,34.3
244,Jordan Hamilton,HOU,23,6-7,220,Texas-Austin,USA,2011,1,26,60.0,6.7,3.2,0.9,-4.8,2.9,14.8,18.3,50.7,8.4
245,Jordan Hill,LAL,26,6-10,235,Arizona,USA,2009,1,8,72.0,9.7,7.4,0.8,-9.4,12.4,21.7,19.4,57.9,6.3
246,Jorge Gutierrez,BKN,25,6-3,195,California,Mexico,Undrafted,Undrafted,Undrafted,15.0,4.1,1.5,2.0,-8.9,1.3,8.4,13.6,52.3,20.4
247,Jose Calderon,DAL,32,6-3,211,None,Spain,Undrafted,Undrafted,Undrafted,81.0,11.4,2.4,4.7,-0.5,1.3,6.8,16.0,59.6,22.3
248,Josh Childress,NOP,31,6-8,210,Stanford,USA,2004,1,6,4.0,0.0,0.8,0.5,31.4,0.0,13.0,2.0,0.0,9.5
249,Josh Harrellson,DET,25,6-10,275,Kentucky,USA,2011,2,45,32.0,2.9,2.4,0.5,0.0,8.4,14.3,12.5,54.7,7.4
250,Josh McRoberts,CHA,27,6-10,240,Duke,USA,2007,2,37,78.0,8.5,4.8,4.3,1.3,3.7,12.4,13.7,54.8,21.5
251,Josh Powell,HOU,31,6-9,240,North Carolina State,USA,Undrafted,Undrafted,Undrafted,1.0,4.0,5.0,0.0,-18.4,0.0,29.4,16.7,33.3,0.0
252,Josh Smith,DET,28,6-9,225,None,USA,2004,1,17,77.0,16.4,6.8,3.3,-3.6,3.4,15.5,24.1,46.3,14.7
253,Jrue Holiday,NOP,24,6-4,205,UCLA,USA,2009,1,17,34.0,14.3,4.2,7.9,1.4,2.4,10.2,22.4,50.5,35.8
254,Julyan Stone,TOR,25,6-6,200,Texas-El Paso,USA,Undrafted,Undrafted,Undrafted,21.0,0.9,1.0,0.6,-19.4,1.6,14.9,8.7,49.1,17.9
255,Justin Hamilton,MIA,24,7-0,255,Louisiana State,USA,2012,2,45,8.0,3.3,0.9,0.0,-16.2,6.3,5.9,16.9,58.6,0.0
256,Kawhi Leonard,SAS,23,6-7,230,San Diego State,USA,2011,1,15,66.0,12.8,6.2,2.0,9.9,4.2,16.7,18.0,60.2,10.3
257,Keith Bogans,BOS,34,6-5,215,Kentucky,USA,2003,2,43,6.0,2.0,0.5,0.5,-2.9,0.0,6.0,5.4,82.0,8.8
258,Kelly Olynyk,BOS,23,7-0,238,Gonzaga,Canada,2013,1,13,70.0,8.7,5.2,1.6,-0.7,9.7,16.4,20.1,54.6,12.3
259,Kemba Walker,CHA,24,6-1,184,Connecticut,USA,2011,1,9,73.0,17.7,4.2,6.1,2.6,1.5,9.9,25.5,49.9,29.1
260,Kendall Marshall,LAL,22,6-4,195,North Carolina,USA,2012,1,13,54.0,8.0,2.9,8.8,-5.0,1.0,8.3,16.1,49.4,42.6
261,Kendrick Perkins,OKC,29,6-10,270,None,USA,2003,1,27,62.0,3.4,4.9,1.1,1.6,7.1,17.4,11.5,47.4,7.6
262,Kenneth Faried,DEN,24,6-8,228,Morehead State,USA,2011,1,22,80.0,13.7,8.6,1.2,-3.2,10.3,20.4,20.8,57.3,7.1
263,Kent Bazemore,LAL,24,6-5,201,Old Dominion,USA,Undrafted,Undrafted,Undrafted,67.0,6.0,1.7,1.4,-12.4,1.0,11.5,21.8,51.5,16.7
264,Kentavious Caldwell-Pope,DET,21,6-5,205,Georgia,USA,2013,1,8,80.0,5.9,2.0,0.7,-1.2,2.2,7.7,13.6,48.3,5.0
265,Kenyon Martin,NYK,36,6-9,225,Cincinnati,USA,2000,1,1,32.0,4.3,4.2,1.6,2.6,6.0,15.8,11.6,52.1,11.8
266,Kevin Durant,OKC,25,6-9,240,Texas,USA,2007,1,2,81.0,32.0,7.4,5.5,8.1,2.0,16.4,32.2,63.5,25.9
267,Kevin Garnett,BKN,38,6-11,253,None,USA,1995,1,5,54.0,6.5,6.6,1.5,-1.0,5.9,28.0,19.0,46.7,13.0
268,Kevin Love,MIN,25,6-10,243,UCLA,USA,2008,1,5,77.0,26.1,12.5,4.4,5.9,7.6,26.7,28.1,59.1,20.5
269,Kevin Martin,MIN,31,6-7,197,Western Carolina,USA,2004,1,26,68.0,19.1,3.0,1.8,3.6,1.5,8.1,24.3,55.3,9.0
270,Kevin Seraphin,WAS,24,6-10,278,None,France,2010,1,17,53.0,4.7,2.4,0.3,-1.6,9.0,13.9,21.0,53.3,5.4
271,Khris Middleton,MIL,22,6-8,217,Texas A&M,USA,2012,2,39,82.0,12.1,3.8,2.1,-7.5,2.4,10.6,18.6,54.1,11.4
272,Kirk Hinrich,CHI,33,6-4,190,Kansas,USA,2003,1,7,73.0,9.1,2.6,3.9,3.8,1.5,7.7,17.1,49.4,22.4
273,Klay Thompson,GSW,24,6-7,205,Washington State,USA,2011,1,11,81.0,18.4,3.1,2.2,9.1,1.4,7.0,22.4,55.5,9.7
274,Kobe Bryant,LAL,35,6-6,205,None,USA,1996,1,13,6.0,13.8,4.3,6.3,-8.3,1.2,13.0,29.0,50.5,36.9
275,Kosta Koufos,MEM,25,7-0,265,Ohio State,USA,2008,1,23,80.0,6.4,5.2,0.5,1.7,11.8,19.5,18.7,51.4,4.7
276,Kris Humphries,BOS,29,6-9,235,Minnesota,USA,2004,1,14,69.0,8.4,5.9,1.0,-5.6,8.9,21.3,18.9,55.2,8.7
277,Kyle Korver,ATL,33,6-7,212,Creighton,USA,2003,2,51,71.0,12.0,4.0,2.9,3.2,0.9,11.1,13.6,65.3,12.7
278,Kyle Lowry,TOR,28,6-0,205,Villanova,USA,2006,1,24,79.0,17.9,4.7,7.4,4.5,3.1,10.0,22.2,56.7,33.6
279,Kyle O'Quinn,ORL,24,6-10,250,Norfolk State,USA,2012,2,49,69.0,6.2,5.3,1.1,-1.2,9.0,21.3,18.1,52.6,10.4
280,Kyle Singler,DET,26,6-8,230,Duke,USA,2011,2,33,82.0,9.6,3.7,0.9,-4.7,4.6,8.0,13.7,57.4,4.7
281,Kyrie Irving,CLE,22,6-3,193,Duke,Australia,2011,1,1,71.0,20.8,3.6,6.1,-4.9,2.0,8.5,27.4,53.3,31.1
282,LaMarcus Aldridge,POR,28,6-11,240,Texas-Austin,USA,2006,1,2,69.0,23.2,11.1,2.6,7.5,6.5,22.9,29.6,50.7,12.8
283,Lance Stephenson,IND,23,6-5,230,Cincinnati,USA,2010,2,40,78.0,13.8,7.2,4.6,5.2,3.7,16.0,19.1,56.4,21.7
284,Lance Thomas,NOP,26,6-8,225,Duke,USA,Undrafted,Undrafted,Undrafted,5.0,1.2,1.4,0.6,-4.8,4.7,10.2,14.0,27.9,12.0
285,Landry Fields,TOR,26,6-7,215,Stanford,USA,2010,2,39,30.0,2.3,2.0,0.7,-2.7,4.9,13.8,12.0,44.3,9.6
286,Larry Sanders,MIL,25,6-11,235,Va Commonwealth,USA,2010,1,15,23.0,7.7,7.2,0.8,-9.1,9.5,18.5,16.3,47.8,5.5
287,Lavoy Allen,IND,25,6-9,255,Temple,USA,2011,2,50,65.0,4.7,4.8,1.1,-8.8,9.8,17.9,13.9,47.0,10.5
288,LeBron James,MIA,29,6-8,250,None,USA,2003,1,1,77.0,27.1,6.9,6.3,6.9,3.4,16.5,30.3,64.9,31.1
289,Leandro Barbosa,PHX,31,6-3,194,None,Brazil,2003,1,28,20.0,7.5,1.9,1.6,8.1,1.3,8.7,19.6,50.6,14.6
290,Lorenzo Brown,PHI,23,6-5,195,North Carolina State,USA,2013,2,52,26.0,2.5,1.1,1.6,0.8,3.0,8.9,19.5,34.9,28.1
291,Lou Amundson,CHI,31,6-9,225,UNLV,USA,Undrafted,Undrafted,Undrafted,19.0,2.0,2.9,0.3,-7.7,14.4,14.6,13.6,44.6,5.7
292,Lou Williams,ATL,27,6-1,175,None,USA,2005,2,45,60.0,10.4,2.1,3.5,-6.1,0.7,8.0,20.5,54.7,23.4
293,Luc Mbah a Moute,MIN,27,6-8,230,UCLA,Cameroon,2008,2,37,64.0,3.5,2.3,0.6,-7.4,5.2,9.2,11.2,50.3,5.6
294,Luis Scola,IND,34,6-9,240,None,Argentina,2002,2,55,82.0,7.6,4.8,1.0,0.2,6.3,21.5,23.4,50.5,10.6
295,Luke Babbitt,NOP,25,6-9,225,Nevada-Reno,USA,2010,1,16,27.0,6.3,3.3,1.1,7.9,4.2,16.0,17.3,52.5,8.9
296,Luke Ridnour,CHA,33,6-2,175,Oregon,USA,2003,1,14,61.0,5.0,1.6,2.9,-8.8,2.0,6.9,16.1,45.2,24.8
297,Luol Deng,CLE,29,6-9,220,Duke,United Kingdom,2004,1,7,63.0,16.0,5.7,2.9,0.0,4.3,11.7,22.0,51.7,14.1
298,Maalik Wayns,LAC,23,6-1,195,Villanova,USA,Undrafted,Undrafted,Undrafted,2.0,1.0,1.0,1.0,-25.5,0.0,16.7,9.5,50.0,33.3
299,Malcolm Thomas,UTA,25,6-9,225,San Diego State,USA,Undrafted,Undrafted,Undrafted,8.0,1.9,2.6,0.3,7.0,10.0,21.1,18.1,44.4,4.3
300,Manny Harris,LAL,24,6-5,185,Michigan,USA,Undrafted,Undrafted,Undrafted,9.0,8.1,3.8,1.2,-12.4,3.6,14.2,20.0,48.5,10.4
301,Manu Ginobili,SAS,36,6-6,205,None,Argentina,1999,2,57,68.0,12.3,3.0,4.3,12.9,2.1,10.7,23.8,59.0,27.4
302,MarShon Brooks,LAL,25,6-5,200,Providence,USA,2011,1,25,35.0,4.5,1.5,0.7,3.7,3.3,13.2,22.7,55.1,12.1
303,Marc Gasol,MEM,29,7-1,265,None,Spain,2007,2,48,59.0,14.6,7.2,3.6,0.0,4.6,18.5,22.0,52.6,18.0
304,Marcin Gortat,WAS,30,6-11,240,None,Poland,2005,2,57,81.0,13.2,9.5,1.7,5.5,7.7,21.8,17.9,56.8,8.0
305,Marco Belinelli,SAS,28,6-5,210,None,Italy,2007,1,18,80.0,11.4,2.8,2.2,7.1,1.0,10.1,18.6,60.5,13.0
306,Marcus Morris Sr.,PHX,24,6-9,235,Kansas,USA,2011,1,14,82.0,9.7,3.9,1.1,3.4,4.8,13.1,19.7,55.2,7.7
307,Marcus Thornton,BKN,27,6-4,205,Louisiana State,USA,2009,2,43,72.0,9.8,2.8,1.1,-0.3,3.3,8.4,19.3,51.1,7.2
308,Mario Chalmers,MIA,28,6-2,190,Kansas,USA,2008,2,34,73.0,9.8,2.9,4.9,6.7,2.2,8.5,17.0,56.7,23.2
309,Markieff Morris,PHX,24,6-10,245,Kansas,USA,2011,1,13,81.0,13.8,6.0,1.8,3.4,6.6,15.9,22.8,56.4,11.2
310,Marquis Teague,BKN,21,6-2,190,Kentucky,USA,2012,1,29,40.0,2.7,1.0,1.5,-8.1,0.2,9.0,17.6,39.8,22.2
311,Marreese Speights,GSW,26,6-10,255,Florida,USA,2008,1,16,79.0,6.4,3.7,0.4,-4.6,9.7,18.5,24.3,50.7,6.1
312,Martell Webster,WAS,27,6-7,230,None,USA,2005,1,6,78.0,9.7,2.8,1.2,-0.4,1.8,9.2,14.4,59.1,6.8
313,Marvin Williams,UTA,28,6-9,237,North Carolina,USA,2005,1,2,66.0,9.1,5.1,1.2,-5.7,5.0,16.0,16.7,54.0,7.5
314,Mason Plumlee,BKN,24,6-11,235,Duke,USA,2013,1,22,70.0,7.4,4.4,0.9,-3.3,8.4,17.5,16.8,67.0,8.2
315,Matt Barnes,LAC,34,6-7,226,UCLA,USA,2002,2,45,63.0,9.9,4.6,2.0,10.4,3.6,12.5,16.2,55.2,10.1
316,Matt Bonner,SAS,34,6-10,235,Florida,USA,2003,2,45,61.0,3.2,2.1,0.5,6.1,2.4,16.3,11.9,58.2,6.3
317,Matthew Dellavedova,CLE,23,6-4,200,St. Mary's,Australia,Undrafted,Undrafted,Undrafted,72.0,4.7,1.7,2.6,3.7,2.2,7.2,12.8,53.4,21.7
318,Maurice Harkless,ORL,21,6-9,220,"St. John's, N.Y.",USA,2012,1,15,80.0,7.4,3.3,1.0,-7.4,3.6,10.3,14.5,54.2,6.3
319,Melvin Ely,NOP,36,6-10,260,Fresno State,USA,2002,1,12,2.0,3.0,0.5,0.0,-25.0,0.0,4.5,11.3,50.0,0.0
320,Metta World Peace,NYK,34,6-7,260,St. John's,USA,1999,1,16,29.0,4.8,2.0,0.6,0.6,4.5,11.2,18.7,46.9,7.0
321,Meyers Leonard,POR,22,7-1,245,Illinois,USA,2012,1,11,40.0,2.5,2.8,0.5,-12.0,7.0,23.4,13.5,48.9,8.0
322,Michael Beasley,MIA,25,6-10,235,Kansas State,USA,2008,1,2,55.0,7.9,3.1,0.8,-2.8,4.3,18.6,24.7,55.9,8.8
323,Michael Carter-Williams,PHI,22,6-6,185,Syracuse,USA,2013,1,11,70.0,16.7,6.2,6.3,-8.2,3.8,14.1,25.4,48.0,29.2
324,Michael Kidd-Gilchrist,CHA,20,6-7,232,Kentucky,USA,2012,1,2,62.0,7.2,5.2,0.8,1.4,7.5,14.1,15.3,51.6,5.5
325,Mike Conley,MEM,26,6-1,185,Ohio State,USA,2007,1,4,73.0,17.2,2.9,6.0,3.0,1.7,7.6,24.0,54.5,29.3
326,Mike Dunleavy,CHI,33,6-9,230,Duke,USA,2002,1,3,82.0,11.3,4.2,2.3,3.0,1.8,11.6,16.6,54.9,11.9
327,Mike Harris,UTA,31,6-6,242,Rice,USA,Undrafted,Undrafted,Undrafted,20.0,4.2,1.7,0.3,2.6,6.1,7.8,15.8,57.6,3.7
328,Mike James,CHI,39,6-2,188,Duquesne,USA,Undrafted,Undrafted,Undrafted,11.0,1.0,0.6,1.5,-3.5,0.0,10.9,17.1,25.1,34.7
329,Mike Miller,MEM,34,6-8,218,Florida,USA,2000,1,5,82.0,7.1,2.5,1.6,-2.6,1.8,11.1,14.0,61.9,11.6
330,Mike Muscala,ATL,22,6-11,239,Bucknell,USA,2013,2,44,20.0,3.8,2.6,0.4,-21.7,7.8,18.1,18.5,48.0,5.8
331,Mike Scott,ATL,25,6-8,237,Virginia,USA,2012,2,43,80.0,9.6,3.6,0.9,-6.4,4.3,15.4,23.2,55.9,9.1
332,Miles Plumlee,PHX,25,6-11,255,Duke,USA,2012,1,26,80.0,8.1,7.8,0.5,1.3,10.1,21.6,16.0,52.9,3.3
333,Miroslav Raduljica,MIL,26,7-0,250,None,Serbia,Undrafted,Undrafted,Undrafted,48.0,3.8,2.3,0.5,-5.2,11.4,11.6,16.7,60.3,8.4
334,Mirza Teletovic,BKN,28,6-9,242,None,Bosnia and Herzegovina,Undrafted,Undrafted,Undrafted,72.0,8.6,3.7,0.8,-4.0,4.5,15.7,19.7,55.9,6.9
335,Mo Williams,POR,31,6-1,195,Alabama,USA,2003,2,47,74.0,9.7,2.1,4.3,2.5,2.2,5.8,20.0,50.7,26.6
336,Monta Ellis,DAL,28,6-3,185,None,USA,2005,2,40,82.0,19.0,3.6,5.7,0.6,1.3,8.8,25.7,53.2,24.5
337,Mustafa Shakur,OKC,29,6-3,190,Arizona,USA,Undrafted,Undrafted,Undrafted,3.0,0.3,0.0,1.3,-30.8,0.0,0.0,22.2,12.9,66.7
338,Nando De Colo,TOR,27,6-5,195,None,France,2009,2,53,47.0,3.8,1.6,1.4,-2.0,2.9,12.5,18.0,52.6,20.3
339,Nate Robinson,DEN,30,5-9,180,Washington,USA,2005,1,21,44.0,10.4,1.8,2.5,4.5,2.5,6.3,23.6,54.4,22.6
340,Nate Wolters,MIL,23,6-4,190,South Dakota State,USA,2013,2,38,58.0,7.2,2.6,3.2,-1.0,2.5,9.0,16.3,48.6,22.7
341,Nazr Mohammed,CHI,36,6-10,250,Kentucky,USA,1998,1,29,80.0,1.6,2.2,0.3,-0.6,12.1,18.8,14.4,44.5,6.6
342,Nemanja Nedovic,GSW,23,6-3,192,None,Serbia,2013,1,30,24.0,1.1,0.6,0.5,-22.3,2.0,7.9,16.2,30.6,16.0
343,Nene,WAS,31,6-11,250,None,Brazil,2002,1,7,53.0,14.2,5.5,2.9,3.4,4.3,15.5,23.7,53.0,16.6
344,Nick Calathes,MEM,25,6-6,213,Florida,USA,2009,2,45,71.0,4.9,1.9,2.9,1.3,2.2,9.8,17.2,50.6,27.3
345,Nick Collison,OKC,33,6-10,255,Kansas,USA,2003,1,12,81.0,4.2,3.6,1.3,13.0,8.9,12.9,11.5,59.9,10.8
346,Nick Young,LAL,29,6-7,210,Southern California,USA,2007,1,16,64.0,17.9,2.6,1.5,-2.1,1.6,7.2,26.3,56.4,9.1
347,Nicolas Batum,POR,25,6-8,200,None,France,2008,1,25,82.0,13.0,7.5,5.1,5.4,3.8,16.1,16.2,58.9,20.8
348,Nikola Pekovic,MIN,28,6-11,285,None,Montenegro,2008,2,31,54.0,17.5,8.7,0.9,7.7,11.7,16.3,22.3,58.2,4.9
349,Nikola Vucevic,ORL,23,7-0,250,Southern California,Montenegro,2011,1,16,57.0,14.2,11.0,1.8,-5.1,10.1,24.8,21.4,53.6,9.8
350,Norris Cole,MIA,25,6-2,175,Cleveland State,USA,2011,1,28,82.0,6.4,2.0,3.0,2.9,1.0,7.7,15.3,49.7,18.7
351,O.J. Mayo,MIL,26,6-4,210,Southern California,USA,2008,1,3,52.0,11.7,2.4,2.2,-12.9,1.7,7.6,22.5,51.6,15.2
352,Ognjen Kuzmic,GSW,24,7-0,251,None,Serbia,2012,2,52,21.0,0.7,1.0,0.1,-29.7,8.8,12.1,12.0,42.0,3.4
353,Omer Asik,HOU,27,7-0,255,None,Turkey,2008,2,36,48.0,5.8,7.9,0.5,3.1,10.4,26.3,13.4,57.0,3.9
354,Omri Casspi,HOU,26,6-9,225,None,Israel,2009,1,23,71.0,6.9,3.7,1.2,5.3,4.3,14.4,17.7,52.8,10.5
355,Orlando Johnson,SAC,25,6-5,220,Cal-Santa Barbara,USA,2012,2,36,45.0,2.2,1.2,0.4,-4.5,2.2,11.3,15.4,40.2,8.7
356,Othyus Jeffers,MIN,28,6-5,210,Robert Morris-Chicago,USA,Undrafted,Undrafted,Undrafted,6.0,1.5,1.5,0.2,30.6,3.2,17.4,8.8,58.0,2.6
357,Otto Porter Jr.,WAS,21,6-8,198,Georgetown,USA,2013,1,3,37.0,2.1,1.5,0.3,-2.0,6.4,13.0,14.6,40.5,5.1
358,P.J. Tucker,PHX,29,6-6,224,Texas,USA,2006,2,35,81.0,9.4,6.5,1.7,2.4,6.4,14.6,13.9,54.0,8.0
359,Pablo Prigioni,NYK,37,6-3,185,None,Argentina,Undrafted,Undrafted,Undrafted,66.0,3.8,2.0,3.5,1.7,2.9,8.4,9.3,64.2,25.8
360,Patrick Beverley,HOU,25,6-1,185,Arkansas,USA,2009,2,42,56.0,10.2,3.5,2.7,8.3,4.4,6.8,14.7,54.5,12.3
361,Patrick Patterson,TOR,25,6-9,235,Kentucky,USA,2010,1,14,65.0,8.5,5.3,1.2,5.3,7.4,15.0,17.0,53.3,8.3
362,Patty Mills,SAS,25,6-0,185,St. Mary's,Australia,2009,2,55,81.0,10.2,2.1,1.8,10.9,2.3,8.4,21.9,58.8,15.7
363,Pau Gasol,LAL,33,7-0,250,None,Spain,2001,1,3,60.0,17.4,9.7,3.4,-8.6,6.5,22.8,26.1,52.2,18.4
364,Paul George,IND,24,6-9,220,Fresno State,USA,2010,1,10,80.0,21.7,6.8,3.5,6.5,2.3,15.7,27.8,55.5,17.7
365,Paul Millsap,ATL,29,6-8,253,Louisiana Tech,USA,2006,2,47,74.0,17.9,8.5,3.1,1.9,6.4,19.3,25.1,54.5,16.0
366,Paul Pierce,BKN,36,6-7,235,Kansas,USA,1998,1,10,75.0,13.5,4.6,2.4,1.5,1.4,16.3,22.1,59.5,14.6
367,Pero Antic,ATL,31,6-11,260,None,Macedonia,Undrafted,Undrafted,Undrafted,50.0,7.0,4.2,1.2,5.0,6.1,16.8,17.8,54.5,10.0
368,Perry Jones III,OKC,22,6-11,235,Baylor,USA,2012,1,28,62.0,3.5,1.8,0.4,3.5,3.9,11.0,12.6,54.1,5.0
369,Peyton Siva,DET,23,6-0,185,Louisville,USA,2013,2,56,24.0,2.3,0.6,1.4,-5.1,0.8,5.8,16.2,42.5,25.8
370,Phil Pressey,BOS,23,5-11,175,Missouri,USA,Undrafted,Undrafted,Undrafted,75.0,2.8,1.4,3.2,-0.4,1.8,7.7,14.1,39.0,30.5
371,Quincy Acy,SAC,23,6-7,225,Baylor,USA,2012,2,37,63.0,2.7,3.4,0.4,-6.1,8.0,16.7,9.9,52.0,5.1
372,Quincy Miller,DEN,21,6-9,210,Baylor,USA,2012,2,38,52.0,4.9,2.8,0.5,-3.5,4.2,14.1,16.9,45.9,4.7
373,Quincy Pondexter,MEM,26,6-6,225,Washington,USA,2010,1,26,15.0,6.3,1.7,1.3,-19.8,3.9,6.5,17.8,52.0,12.6
374,Rajon Rondo,BOS,28,6-1,186,Kentucky,USA,2006,1,21,30.0,11.7,5.5,9.8,-9.2,2.1,16.3,20.7,46.1,48.0
375,Ramon Sessions,MIL,28,6-3,190,Nevada-Reno,USA,2007,2,56,83.0,12.3,2.4,4.1,-3.6,1.7,7.4,21.9,53.9,25.8
376,Randy Foye,DEN,30,6-4,213,Villanova,USA,2006,1,7,81.0,13.2,2.9,3.5,-2.6,1.3,7.7,18.2,55.8,17.3
377,Rashard Lewis,MIA,34,6-10,235,None,USA,1998,2,32,60.0,4.5,1.8,1.0,2.6,2.9,9.6,13.8,53.5,8.8
378,Rasual Butler,IND,35,6-7,215,La Salle,USA,2002,2,52,50.0,2.7,0.8,0.3,-6.6,1.6,9.0,15.1,58.5,7.5
379,Ray Allen,MIA,38,6-5,205,Connecticut,USA,1996,1,5,73.0,9.6,2.8,2.0,3.7,1.4,10.2,16.2,59.0,11.7
380,Ray McCallum,SAC,23,6-3,190,Detroit,USA,2013,2,36,45.0,6.2,1.8,2.7,-4.8,2.0,7.1,17.6,43.9,21.6
381,Raymond Felton,NYK,30,6-1,205,North Carolina,USA,2005,1,5,65.0,9.7,3.0,5.6,0.3,2.7,7.6,18.1,47.6,27.5
382,Reggie Bullock,LAC,23,6-7,205,North Carolina,USA,2013,1,25,43.0,2.7,1.3,0.3,-1.5,2.6,9.5,14.9,46.0,4.9
383,Reggie Evans,SAC,34,6-8,245,Iowa,USA,Undrafted,Undrafted,Undrafted,54.0,4.0,6.2,0.4,-5.8,12.5,26.0,13.2,51.6,3.7
384,Reggie Jackson,OKC,24,6-3,208,Boston College,USA,2011,1,24,80.0,13.1,3.9,4.1,7.4,2.0,11.3,22.3,52.7,23.1
385,Reggie Williams,OKC,27,6-6,205,Virginia Military Institute,USA,Undrafted,Undrafted,Undrafted,3.0,3.7,0.0,0.3,-17.8,0.0,0.0,28.9,61.1,14.3
386,Richard Jefferson,UTA,34,6-7,234,Arizona,USA,2001,1,13,82.0,10.1,2.7,1.6,-9.9,0.8,9.7,17.0,57.3,9.8
387,Ricky Ledo,DAL,21,6-7,195,Providence,USA,2013,2,43,11.0,1.7,0.2,0.2,15.7,0.0,5.6,27.6,50.6,10.0
388,Ricky Rubio,MIN,23,6-4,185,None,Spain,2009,1,5,82.0,9.5,4.2,8.6,6.6,2.2,11.0,16.1,49.1,36.2
389,Robbie Hummel,MIN,25,6-8,220,Purdue,USA,2012,2,58,53.0,3.4,2.5,0.4,2.5,4.9,15.2,12.3,49.2,5.2
390,Robert Covington,HOU,23,6-9,215,Tennessee State,USA,Undrafted,Undrafted,Undrafted,7.0,2.3,0.7,0.0,27.2,6.1,7.5,19.2,57.1,0.0
391,Robert Sacre,LAL,25,7-0,260,Gonzaga,Canada,2012,2,60,65.0,5.4,3.9,0.8,-5.6,7.3,15.3,15.4,51.3,7.2
392,Robin Lopez,POR,26,7-0,255,Stanford,USA,2008,1,15,82.0,11.1,8.5,0.9,6.0,12.2,13.8,13.9,60.5,4.1
393,Rodney Stuckey,DET,28,6-5,205,Eastern Washington,USA,2007,1,15,73.0,13.9,2.3,2.1,-4.4,1.9,6.7,24.0,51.6,12.9
394,Roger Mason Jr.,MIA,33,6-5,205,Virginia,USA,2002,2,30,25.0,3.0,0.9,0.8,0.1,0.4,8.6,13.7,52.8,10.5
395,Ronnie Brewer,CHI,29,6-7,235,Arkansas,USA,2006,1,14,24.0,0.3,0.6,0.4,-15.3,1.3,7.0,5.0,22.0,8.5
396,Ronnie Price,ORL,31,6-2,190,Utah Valley,USA,Undrafted,Undrafted,Undrafted,31.0,2.4,1.4,2.1,-2.8,2.1,9.8,15.0,37.9,26.3
397,Ronny Turiaf,MIN,31,6-10,241,Gonzaga,France,2005,2,37,31.0,4.8,5.6,0.8,-1.0,8.7,19.3,11.0,57.8,6.0
398,Roy Hibbert,IND,27,7-2,290,Georgetown,USA,2008,1,17,81.0,10.8,6.6,1.1,7.8,9.0,13.0,19.3,49.9,6.0
399,Royal Ivey,OKC,32,6-4,200,Texas-Austin,USA,2004,2,37,2.0,0.0,0.5,0.0,-50.0,0.0,25.0,16.7,0.0,0.0
400,Royce White,SAC,23,6-8,260,Iowa State,USA,2012,1,16,3.0,0.0,0.0,0.0,-31.6,0.0,0.0,5.3,0.0,0.0
401,Rudy Gay,SAC,27,6-8,230,Connecticut,USA,2006,1,8,73.0,20.0,6.0,2.9,-1.1,4.5,13.3,27.1,54.0,14.6
402,Rudy Gobert,UTA,22,7-1,245,None,France,2013,1,27,45.0,2.3,3.4,0.2,-2.0,11.4,22.6,13.4,50.7,2.6
403,Russell Westbrook,OKC,25,6-3,200,UCLA,USA,2008,1,4,46.0,21.8,5.7,6.9,7.5,4.1,13.6,33.0,54.5,38.0
404,Ryan Anderson,NOP,26,6-10,240,California,USA,2008,1,21,22.0,19.8,6.5,0.8,2.0,8.1,9.8,21.6,57.2,3.2
405,Ryan Gomes,OKC,31,6-7,245,Providence,USA,2005,2,50,5.0,1.2,0.8,0.2,6.4,0.0,11.4,11.0,37.5,4.8
406,Ryan Hollins,LAC,29,7-0,240,UCLA,USA,2006,2,50,61.0,2.3,1.5,0.1,3.8,6.8,10.8,11.3,73.0,2.6
407,Ryan Kelly,LAL,23,6-11,230,Duke,USA,2013,2,48,59.0,8.0,3.7,1.6,-2.5,3.2,12.9,15.5,54.8,10.4
408,Samuel Dalembert,DAL,34,6-11,250,Seton Hall,Haiti,2001,1,26,80.0,6.6,6.8,0.5,0.8,13.3,21.8,14.8,60.5,3.5
409,Sasha Vujacic,LAC,30,6-7,205,None,Slovenia,2004,1,27,2.0,2.5,1.5,0.0,-42.1,0.0,21.4,29.6,50.0,0.0
410,Scotty Hopson,CLE,24,6-7,204,Tennessee,USA,2011,0,0,2.0,0.5,0.0,0.5,-32.9,0.0,0.0,29.4,10.2,20.0
411,Serge Ibaka,OKC,24,6-10,245,None,Republic of the Congo,2008,1,24,81.0,15.1,8.8,1.0,7.3,9.0,17.1,19.5,57.6,5.1
412,Sergey Karasev,CLE,20,6-7,196,None,Russia,2013,1,19,22.0,1.7,0.7,0.3,-14.2,0.0,10.6,14.2,47.0,5.9
413,Seth Curry,CLE,23,6-2,185,Duke,USA,Undrafted,Undrafted,Undrafted,2.0,1.5,0.5,0.0,0.4,0.0,7.1,10.3,50.0,0.0
414,Shabazz Muhammad,MIN,21,6-6,222,UCLA,USA,2013,1,14,37.0,3.9,1.4,0.2,-13.0,7.5,9.4,22.2,50.5,3.8
415,Shane Battier,MIA,35,6-8,220,Duke,USA,2001,1,6,73.0,4.1,1.9,0.9,7.2,2.7,7.6,9.8,52.3,5.7
416,Shane Edwards,CLE,27,6-7,220,Arkansas-Little Rock,USA,Undrafted,Undrafted,Undrafted,2.0,1.0,1.0,0.0,-25.7,8.3,10.0,15.4,33.3,0.0
417,Shane Larkin,DAL,21,5-11,176,Miami,USA,2013,1,18,48.0,2.8,0.9,1.5,6.2,2.3,6.9,16.6,44.6,20.8
418,Shannon Brown,NYK,28,6-4,210,Michigan State,USA,2006,1,25,29.0,2.2,1.0,0.3,-10.3,2.9,8.4,16.2,41.9,5.9
419,Shaun Livingston,BKN,28,6-7,175,None,USA,2004,1,4,76.0,8.3,3.2,3.2,1.6,3.8,9.7,16.1,55.1,20.1
420,Shavlik Randolph,PHX,30,6-10,236,Duke,USA,Undrafted,Undrafted,Undrafted,14.0,1.4,1.8,0.1,21.2,8.0,17.8,10.9,53.1,1.4
421,Shawn Marion,DAL,36,6-7,228,UNLV,USA,1999,1,9,76.0,10.4,6.5,1.6,-2.4,5.8,15.3,15.5,53.7,7.6
422,Shawne Williams,LAL,28,6-9,230,Memphis,USA,2006,1,17,36.0,5.6,4.6,0.8,2.4,3.2,17.2,13.0,50.3,5.8
423,Shelvin Mack,ATL,24,6-3,207,Butler,USA,2011,2,34,73.0,7.5,2.2,3.7,-1.5,1.5,9.6,18.7,51.0,28.8
424,Solomon Hill,IND,23,6-7,225,Arizona,USA,2013,1,23,28.0,1.7,1.5,0.4,2.8,3.9,13.7,11.1,54.5,7.8
425,Solomon Jones,ORL,29,6-10,235,South Florida,USA,2006,2,33,11.0,1.3,1.5,0.2,-16.2,9.2,10.1,10.6,37.3,3.9
426,Spencer Hawes,CLE,26,7-1,245,Washington,USA,2007,1,10,80.0,13.2,8.3,3.0,-9.6,5.1,20.3,19.4,55.4,15.2
427,Stephen Curry,GSW,26,6-3,185,Davidson,USA,2009,1,7,78.0,24.0,4.3,8.5,9.6,1.6,9.7,27.5,61.0,37.2
428,Stephen Jackson,LAC,36,6-8,220,Butler C.C. (KS),USA,1997,2,42,9.0,1.7,1.1,0.6,11.9,2.0,8.7,14.0,27.0,7.1
429,Steve Blake,GSW,34,6-3,172,Maryland,USA,2003,2,38,55.0,6.9,2.9,5.6,-5.2,0.8,9.2,13.8,50.8,30.3
430,Steve Nash,LAL,40,6-3,178,Santa Clara,Canada,1996,1,15,15.0,6.8,1.9,5.7,-9.1,1.2,7.6,18.4,48.8,42.8
431,Steve Novak,TOR,31,6-10,235,Marquette,USA,2006,2,32,54.0,3.3,1.1,0.2,2.2,1.4,9.8,12.0,59.9,3.8
432,Steven Adams,OKC,20,7-0,255,Pittsburgh,New Zealand,2013,1,12,81.0,3.3,4.1,0.5,2.6,12.3,15.7,11.4,54.1,5.0
433,Taj Gibson,CHI,29,6-9,225,Southern California,USA,2009,1,26,82.0,13.0,6.8,1.1,3.6,8.8,14.7,22.7,52.4,7.5
434,Tayshaun Prince,MEM,34,6-9,215,Kentucky,USA,2002,1,23,76.0,6.0,3.1,1.6,1.5,1.7,11.0,13.4,43.8,9.0
435,Terrence Jones,HOU,22,6-9,252,Kentucky,USA,2012,1,18,76.0,12.1,6.9,1.1,2.6,8.2,16.7,18.1,57.7,6.7
436,Terrence Ross,TOR,23,6-6,195,Washington,USA,2012,1,8,81.0,10.9,3.1,1.0,3.0,2.0,9.9,18.3,55.3,6.0
437,Thabo Sefolosha,OKC,30,6-7,222,None,Switzerland,2006,1,13,61.0,6.3,3.6,1.5,3.9,3.4,10.2,11.7,51.7,8.2
438,Thaddeus Young,PHI,26,6-8,230,Georgia Tech,USA,2007,1,12,79.0,17.9,6.0,2.3,-10.9,5.6,11.5,23.9,51.2,11.4
439,Thomas Robinson,POR,23,6-10,237,Kansas,USA,2012,1,5,70.0,4.8,4.4,0.5,-4.9,11.3,22.9,19.1,50.2,6.1
440,Tiago Splitter,SAS,29,6-11,245,None,Brazil,2007,1,28,59.0,8.2,6.2,1.5,10.0,9.7,17.6,17.1,57.2,10.3
441,Tim Duncan,SAS,38,6-11,250,Wake Forest,US Virgin Islands,1997,1,1,74.0,15.1,9.7,3.0,6.7,7.9,25.5,25.1,53.5,15.9
442,Tim Hardaway Jr.,NYK,22,6-6,205,Michigan,USA,2013,1,24,81.0,10.2,1.5,0.8,-6.0,1.0,5.8,18.7,55.4,5.9
443,Timofey Mozgov,DEN,27,7-1,250,None,Russia,Undrafted,Undrafted,Undrafted,82.0,9.4,6.4,0.8,1.0,9.4,18.7,18.6,58.4,5.5
444,Tobias Harris,ORL,21,6-9,235,Tennessee,USA,2011,1,19,61.0,14.6,7.0,1.3,-6.3,4.7,18.7,21.8,54.2,7.7
445,Toney Douglas,MIA,28,6-2,195,Florida State,USA,2009,1,29,51.0,4.0,1.7,1.3,-0.3,2.8,10.9,16.1,49.3,15.7
446,Tony Allen,MEM,32,6-4,213,Oklahoma State,USA,2004,1,25,55.0,9.0,3.8,1.7,4.7,6.4,10.8,19.4,53.1,11.5
447,Tony Mitchell,DET,22,6-8,235,North Texas,USA,2013,2,37,21.0,1.0,1.2,0.1,6.2,15.6,16.7,12.9,54.0,4.0
448,Tony Mitchell,MIL,24,6-6,216,Alabama,USA,Undrafted,Undrafted,Undrafted,3.0,2.0,0.3,0.3,11.1,16.7,0.0,23.8,60.0,20.0
449,Tony Parker,SAS,32,6-2,185,None,France,2001,1,28,68.0,16.7,2.3,5.7,6.8,0.9,6.8,26.3,55.5,31.0
450,Tony Snell,CHI,22,6-7,200,New Mexico,USA,2013,1,20,77.0,4.5,1.6,0.9,-4.7,1.5,8.5,14.6,48.9,9.5
451,Tony Wroten,PHI,21,6-6,205,Washington,USA,2012,1,25,72.0,13.0,3.2,3.0,-11.6,3.6,8.7,27.1,49.3,21.0
452,Tornike Shengelia,CHI,22,6-9,220,None,Georgia,2012,2,54,26.0,1.1,0.6,0.5,-12.4,2.6,8.8,11.7,46.0,14.1
453,Toure' Murry,NYK,24,6-5,195,Wichita State,USA,Undrafted,Undrafted,Undrafted,51.0,2.7,0.9,1.0,-3.5,3.6,8.0,20.9,47.9,21.5
454,Travis Outlaw,SAC,29,6-9,207,None,USA,2003,1,23,63.0,5.4,2.7,0.8,-4.3,3.2,12.0,15.3,49.2,7.6
455,Trevor Ariza,WAS,28,6-8,220,UCLA,USA,2004,2,43,77.0,14.4,6.2,2.5,3.5,3.7,14.2,17.3,59.0,10.5
456,Trevor Booker,WAS,26,6-8,235,Clemson,USA,2010,1,23,72.0,6.8,5.3,0.9,-1.0,9.7,15.9,14.2,56.3,6.1
457,Trey Burke,UTA,21,6-1,190,Michigan,USA,2013,1,9,70.0,12.8,3.0,5.7,-5.9,1.7,8.1,21.6,47.3,28.0
458,Tristan Thompson,CLE,23,6-9,238,University of Texas at Austin,Canada,2011,1,4,82.0,11.7,9.2,0.9,-5.0,9.9,19.3,17.3,52.8,4.4
459,Troy Daniels,HOU,22,6-4,204,Va Commonwealth,USA,Undrafted,Undrafted,Undrafted,5.0,8.4,0.8,1.0,20.6,0.0,5.7,20.0,67.7,11.4
460,Ty Lawson,DEN,26,5-11,195,North Carolina,USA,2009,1,18,62.0,17.6,3.5,8.8,-1.2,1.7,7.6,22.4,55.4,36.9
461,Tyler Hansbrough,TOR,28,6-9,250,North Carolina,USA,2009,1,13,64.0,4.9,4.5,0.3,0.2,11.8,17.8,14.4,56.2,2.9
462,Tyler Zeller,CLE,24,7-0,253,North Carolina,USA,2012,1,17,70.0,5.7,4.0,0.5,-0.7,9.8,16.7,16.8,58.1,5.5
463,Tyreke Evans,NOP,24,6-6,220,Memphis,USA,2009,1,4,72.0,14.5,4.7,5.0,-5.6,3.9,13.6,26.6,50.4,31.3
464,Tyshawn Taylor,BKN,24,6-3,185,Kansas,USA,2012,2,41,23.0,3.9,0.7,1.6,-25.2,1.1,4.8,22.2,42.7,24.2
465,Tyson Chandler,NYK,31,7-1,240,None,USA,2001,1,2,55.0,8.7,9.6,1.1,0.8,9.9,23.8,12.8,61.5,5.4
466,Udonis Haslem,MIA,34,6-8,235,Florida,USA,Undrafted,Undrafted,Undrafted,46.0,3.8,3.8,0.3,-5.1,7.1,23.1,13.7,52.3,3.2
467,Vander Blue,BOS,21,6-4,200,Marquette,USA,Undrafted,Undrafted,Undrafted,3.0,1.7,1.0,0.3,30.6,0.0,17.6,25.0,40.3,9.1
468,Viacheslav Kravtsov,PHX,26,6-11,254,None,Ukraine,Undrafted,Undrafted,Undrafted,20.0,1.0,0.9,0.1,-36.1,13.2,15.4,16.8,54.0,3.4
469,Victor Claver,POR,25,6-9,224,None,Spain,2009,1,22,21.0,2.2,1.9,0.6,6.0,5.2,14.0,14.1,50.2,9.4
470,Victor Oladipo,ORL,22,6-4,215,Indiana,USA,2013,1,2,80.0,13.8,4.1,4.1,-5.6,1.7,11.4,24.0,51.4,22.5
471,Vince Carter,DAL,37,6-6,220,North Carolina,USA,1998,1,5,81.0,11.9,3.5,2.6,3.6,3.4,11.3,22.3,53.9,17.0
472,Vitor Faverani,BOS,26,6-11,260,None,Brazil,Undrafted,Undrafted,Undrafted,37.0,4.4,3.5,0.4,-8.9,8.7,17.5,18.9,50.2,5.9
473,Wayne Ellington,DAL,26,6-4,200,North Carolina,USA,2009,1,28,45.0,3.2,1.0,0.4,-4.3,2.0,9.4,15.0,55.4,6.8
474,Wesley Johnson,LAL,26,6-7,215,Syracuse,USA,2010,1,4,79.0,9.1,4.4,1.6,-7.1,3.0,11.7,14.9,52.2,8.2
475,Wesley Matthews,POR,27,6-5,220,Marquette,USA,Undrafted,Undrafted,Undrafted,82.0,16.4,3.5,2.4,5.4,1.8,8.2,19.3,58.8,10.9
476,Will Barton,POR,23,6-6,175,Memphis,USA,2012,2,40,41.0,4.0,1.8,0.8,-1.8,3.9,13.6,21.0,48.8,14.9
477,Will Bynum,DET,31,6-0,185,Georgia Tech,USA,Undrafted,Undrafted,Undrafted,56.0,8.7,1.8,3.9,-5.6,2.1,7.1,23.3,50.2,32.7
478,Willie Green,LAC,32,6-3,201,Detroit,USA,2003,2,41,55.0,5.0,1.4,0.9,4.9,1.4,7.2,16.2,47.7,9.0
479,Wilson Chandler,DEN,27,6-8,225,DePaul,USA,2007,1,23,62.0,13.6,4.7,1.8,-4.5,2.8,11.9,19.3,52.6,9.3
480,Xavier Henry,LAL,23,6-6,220,Kansas,USA,2010,1,12,43.0,10.0,2.7,1.2,-2.3,2.6,9.1,22.3,51.1,9.0
481,Zach Randolph,MEM,32,6-9,260,Michigan State,USA,2001,1,19,79.0,17.4,10.1,2.5,3.0,10.2,21.1,25.8,51.0,12.4
482,Zaza Pachulia,MIL,30,6-11,275,None,Georgia,2003,2,42,53.0,7.7,6.3,2.6,-6.4,10.7,16.2,16.7,50.2,16.0
