,Player,Team,Age,Height,Weight,COLLEGE,COUNTRY,DRAFT YEAR,DRAFT ROUND,DRAFT NUMBER,GP,PTS,REB,AST,NETRTG,OREB%,DREB%,USG%,TS%,AST%
0,,,,,,,,,,,,,,,,,,,,
1,Aaron Brooks,HOU,23,6-0,161,Oregon,USA,2007,1,26,51.0,5.2,1.1,1.7,-1.3,2.2,7.5,21.6,53.5,24.9
2,Aaron Gray,CHI,23,7-0,270,Pittsburgh,USA,2007,2,49,61.0,4.3,2.8,0.7,-0.6,11.2,16.3,21.3,52.9,11.3
3,Aaron Williams,LAC,36,6-9,235,Xavier,USA,Undrafted,Undrafted,Undrafted,30.0,2.3,2.0,0.3,-14.0,5.2,15.9,11.5,54.0,5.2
4,Acie Law,ATL,23,6-3,195,Texas A&M,USA,2007,1,11,56.0,4.2,1.0,2.0,-7.6,1.4,5.4,15.9,45.5,21.8
5,Adonal Foyle,ORL,33,6-10,270,Colgate,St. Vincent & Grenadines,1997,1,8,82.0,1.9,2.5,0.2,-0.5,9.3,17.4,12.0,46.4,3.8
6,Adrian Griffin,SEA,33,6-5,230,Seton Hall,USA,Undrafted,Undrafted,Undrafted,35.0,1.9,1.7,0.8,3.2,8.7,10.5,14.1,40.6,13.4
7,Al Harrington,GSW,28,6-9,250,None,USA,1998,1,25,81.0,13.6,5.4,1.6,3.2,4.5,15.6,20.9,54.7,8.9
8,Al Horford,ATL,22,6-10,245,Florida,Dominican Republic,2007,1,3,81.0,10.1,9.7,1.5,-2.2,10.2,22.3,16.0,53.9,7.8
9,Al Jefferson,MIN,23,6-10,265,None,USA,2004,1,15,82.0,21.0,11.1,1.4,-9.8,10.5,22.7,27.3,53.5,7.5
10,Al Thornton,LAC,24,6-8,220,Florida State,USA,2007,1,14,79.0,12.7,4.5,1.2,-8.9,4.7,12.5,23.8,50.4,8.4
11,Alando Tucker,PHX,24,6-6,205,Wisconsin,USA,2007,1,29,6.0,3.7,1.3,0.0,-10.3,8.3,6.3,23.4,44.6,0.0
12,Alexander Johnson,MIA,25,6-9,230,Florida State,USA,2006,2,45,43.0,4.2,2.2,0.3,-13.2,6.4,13.1,17.7,55.4,4.5
13,Allen Iverson,DEN,33,6-0,180,Georgetown,USA,1996,1,1,82.0,26.4,3.0,7.1,5.1,1.3,5.4,26.3,56.7,27.1
14,Alonzo Mourning,MIA,38,6-10,261,Georgetown,USA,1992,1,2,25.0,6.0,3.7,0.3,-3.7,9.0,14.2,17.7,58.0,3.2
15,Amar'e Stoudemire,PHX,25,6-10,249,None,USA,2002,1,9,79.0,25.2,9.1,1.5,8.1,7.6,19.1,27.8,65.6,7.2
16,Amir Johnson,DET,21,6-9,210,No College,USA,2005,2,56,62.0,3.6,3.8,0.5,12.7,11.9,18.1,13.2,58.4,5.8
17,Anderson Varejao,CLE,25,6-10,240,None,Brazil,2004,2,30,48.0,6.7,8.3,1.1,3.3,9.9,21.3,13.3,48.5,6.5
18,Andray Blatche,WAS,21,6-11,248,None,USA,2005,2,49,82.0,7.5,5.2,1.1,-6.2,10.0,16.7,19.4,51.2,9.6
19,Andre Barrett,LAC,26,5-10,173,Seton Hall,USA,Undrafted,Undrafted,Undrafted,4.0,1.5,0.3,1.8,-25.3,0.0,4.2,12.1,51.0,58.3
20,Andre Brown,MEM,27,6-9,245,DePaul,USA,Undrafted,Undrafted,Undrafted,33.0,3.0,2.8,0.2,-9.6,11.3,19.6,16.7,50.2,4.5
21,Andre Iguodala,PHI,24,6-6,207,Arizona,USA,2004,1,9,82.0,19.9,5.4,4.8,0.2,2.7,11.9,23.6,54.3,20.7
22,Andre Miller,PHI,32,6-2,200,Utah,USA,1999,1,8,82.0,17.0,4.0,6.9,-1.1,3.2,8.1,22.6,53.7,31.8
23,Andre Owens,IND,27,6-4,200,Houston,USA,Undrafted,Undrafted,Undrafted,31.0,4.0,1.5,1.5,-1.2,3.3,8.1,15.9,50.4,18.0
24,Andrea Bargnani,TOR,22,7-0,250,None,Italy,2006,1,1,78.0,10.2,3.7,1.1,3.7,2.8,13.6,22.3,49.5,7.3
25,Andrei Kirilenko,UTA,27,6-9,223,None,Russia,1999,1,24,72.0,11.0,4.7,4.0,8.9,6.2,10.5,15.9,60.3,17.6
26,Andres Nocioni,CHI,28,6-7,225,None,Argentina,Undrafted,Undrafted,Undrafted,82.0,13.2,4.2,1.2,-2.3,2.3,14.7,24.1,54.9,8.3
27,Andrew Bogut,MIL,23,7-0,260,Utah,Australia,2005,1,1,78.0,14.3,9.8,2.6,-6.1,9.5,20.5,20.4,53.2,12.1
28,Andrew Bynum,LAL,20,7-0,285,None,USA,2005,1,10,35.0,13.1,10.2,1.7,11.4,10.8,23.2,16.8,65.9,9.1
29,Andris Biedrins,GSW,22,6-11,230,None,Latvia,2004,1,11,76.0,10.5,9.8,1.0,4.8,11.6,22.9,14.3,63.7,5.1
30,Anfernee Hardaway,MIA,36,6-7,215,Memphis,USA,1993,1,3,16.0,3.8,2.2,2.2,-5.8,1.0,10.0,11.0,46.9,17.3
31,Antawn Jamison,WAS,32,6-9,235,North Carolina,USA,1998,1,4,79.0,21.4,10.2,1.5,2.9,7.0,20.7,25.3,52.5,7.0
32,Anthony Carter,DEN,33,6-2,195,Hawaii,USA,Undrafted,Undrafted,Undrafted,70.0,7.8,2.9,5.5,0.5,1.4,8.2,13.7,53.1,26.6
33,Anthony Johnson,SAC,33,6-3,195,College of Charleston,USA,1997,2,39,69.0,5.6,2.0,3.8,-3.8,1.5,7.8,13.4,51.7,26.8
34,Anthony Parker,TOR,33,6-6,215,Bradley,USA,1997,1,21,82.0,12.5,4.1,2.2,3.5,2.0,11.2,17.2,58.0,10.7
35,Antoine Walker,MIN,31,6-9,245,Kentucky,USA,1996,1,6,46.0,8.0,3.7,1.0,-5.2,5.9,12.8,22.0,45.5,8.5
36,Antoine Wright,DAL,24,6-7,215,Texas A&M,USA,2005,1,15,56.0,6.3,2.6,1.4,-6.6,3.4,8.9,15.0,48.8,11.3
37,Antonio Daniels,WAS,33,6-4,205,Bowling Green,USA,1997,1,4,71.0,8.4,2.9,4.8,0.0,1.1,9.1,13.2,54.9,23.9
38,Antonio McDyess,DET,33,6-9,245,Alabama,USA,1995,1,2,78.0,8.8,8.5,1.1,7.6,9.3,22.5,15.5,51.1,6.1
39,Arron Afflalo,DET,22,6-5,215,UCLA,USA,2007,1,27,75.0,3.7,1.8,0.7,7.1,3.8,10.4,14.4,49.4,8.6
40,Austin Croshere,GSW,33,6-10,235,Providence,USA,1997,1,12,44.0,3.9,2.4,0.7,0.4,6.5,15.1,15.7,57.3,10.0
41,Awvee Storey,MIL,31,6-6,225,Arizona State,USA,Undrafted,Undrafted,Undrafted,26.0,3.5,2.1,0.6,-9.0,10.8,9.4,17.9,45.2,10.2
42,Baron Davis,GSW,29,6-3,215,UCLA,USA,1999,1,3,82.0,21.8,4.7,7.6,3.5,2.8,9.0,25.3,52.3,29.1
43,Ben Gordon,CHI,25,6-3,200,Connecticut,USA,2004,1,3,72.0,18.6,3.1,3.0,-5.5,1.6,8.1,25.2,55.8,16.8
44,Ben Wallace,CLE,33,6-9,240,Virginia Union,USA,Undrafted,Undrafted,Undrafted,72.0,4.8,8.4,1.5,-3.2,10.1,17.6,10.0,40.8,7.0
45,Beno Udrih,SAC,25,6-3,205,None,Slovenia,2004,1,28,65.0,12.8,3.3,4.3,-0.6,1.7,9.0,19.5,54.0,22.2
46,Billy Thomas,CLE,32,6-5,220,Kansas,USA,Undrafted,Undrafted,Undrafted,11.0,1.3,0.2,0.0,-10.0,0.0,5.3,21.8,39.1,0.0
47,Blake Ahearn,MIA,24,6-2,190,Missouri State,USA,Undrafted,Undrafted,Undrafted,12.0,5.8,1.6,1.6,-23.4,0.6,9.7,24.3,49.5,28.8
48,Bo Outlaw,ORL,37,6-8,220,Houston,USA,Undrafted,Undrafted,Undrafted,2.0,2.0,0.0,0.0,-36.8,0.0,0.0,26.7,66.7,0.0
49,Bobby Jackson,HOU,35,6-1,185,Minnesota,USA,1997,1,23,72.0,7.7,2.5,1.9,5.6,2.4,10.8,20.0,51.0,17.0
50,Bobby Jones,DEN,24,6-7,215,Washington,USA,2006,2,37,47.0,3.8,2.0,0.6,-6.4,5.6,11.9,15.9,54.8,9.2
51,Bobby Simmons,MIL,28,6-6,230,DePaul,USA,2001,2,41,70.0,7.6,3.2,1.1,-7.7,4.3,11.7,17.6,50.4,8.7
52,Bonzi Wells,NOH,31,6-5,210,Ball State,USA,1998,1,11,73.0,9.1,4.5,1.3,1.1,5.4,16.3,22.4,49.5,11.0
53,Boris Diaw,PHX,26,6-8,235,None,France,2003,1,21,82.0,8.8,4.6,3.9,3.8,4.6,11.4,16.4,51.6,19.6
54,Bostjan Nachbar,NJN,27,6-9,221,None,Slovenia,2002,1,15,75.0,9.8,3.5,1.2,-8.4,3.3,12.6,20.9,53.1,10.0
55,Brad Miller,SAC,32,7-0,261,Purdue,USA,Undrafted,Undrafted,Undrafted,72.0,13.4,9.5,3.7,1.7,7.2,21.1,18.1,55.8,16.1
56,Brandan Wright,GSW,20,6-9,205,North Carolina,USA,2007,1,8,38.0,4.0,2.6,0.2,-2.1,9.2,15.0,15.8,58.3,3.5
57,Brandon Bass,DAL,23,6-8,240,Louisiana State,USA,2005,2,33,79.0,8.3,4.4,0.7,-1.0,8.1,14.8,19.3,56.4,6.7
58,Brandon Roy,POR,23,6-6,229,Washington,USA,2006,1,6,74.0,19.1,4.7,5.8,0.8,3.0,10.0,24.7,53.1,27.2
59,Brendan Haywood,WAS,28,7-0,263,North Carolina,USA,2001,1,20,80.0,10.6,7.2,0.9,1.9,12.5,14.5,17.1,58.2,5.1
60,Brent Barry,SAS,36,6-7,210,Oregon State,USA,1995,1,15,31.0,7.1,1.8,1.7,4.2,2.2,8.3,15.0,65.5,15.0
61,Brevin Knight,LAC,32,5-10,170,Stanford,USA,1997,1,16,74.0,4.6,1.9,4.4,-10.0,0.9,7.9,12.1,45.3,32.3
62,Brian Cardinal,MEM,31,6-8,245,Purdue,USA,2000,2,44,37.0,3.4,2.6,0.6,1.5,5.5,15.7,15.1,46.1,7.4
63,Brian Cook,ORL,27,6-9,250,Illinois,USA,2003,1,24,51.0,4.7,2.1,0.5,0.8,4.6,13.2,20.1,48.9,7.3
64,Brian Scalabrine,BOS,30,6-9,235,Southern California,USA,2001,2,34,48.0,1.8,1.6,0.8,5.7,4.7,10.6,11.4,42.8,11.9
65,Brian Skinner,PHX,32,6-9,255,Baylor,USA,1998,1,22,66.0,3.3,3.6,0.2,-3.0,7.5,18.7,13.5,48.5,2.5
66,Bruce Bowen,SAS,37,6-7,200,California State-Fullerton,USA,Undrafted,Undrafted,Undrafted,81.0,6.0,2.9,1.1,4.5,1.5,8.6,9.8,52.7,5.5
67,C.J. Watson,GSW,24,6-2,180,Tennessee,USA,Undrafted,Undrafted,Undrafted,32.0,3.7,1.0,1.1,-0.1,3.2,4.9,14.8,51.9,13.9
68,CJ Miles,UTA,21,6-6,220,No College,USA,2005,2,34,60.0,5.0,1.3,0.9,8.7,2.4,9.8,17.6,57.4,11.3
69,Calvin Booth,PHI,32,6-11,250,Penn State,USA,1999,2,35,31.0,0.8,1.2,0.3,-0.9,2.8,15.8,7.5,38.2,6.0
70,Carl Landry,HOU,24,6-9,248,Purdue,USA,2007,2,31,42.0,8.1,4.9,0.5,5.8,13.4,16.1,18.0,64.1,5.0
71,Carlos Arroyo,ORL,28,6-2,202,Florida International,Puerto Rico,Undrafted,Undrafted,Undrafted,62.0,6.9,1.8,3.5,4.5,0.8,8.1,16.9,54.7,27.2
72,Carlos Boozer,UTA,26,6-9,266,Duke,USA,2002,2,34,81.0,21.1,10.4,2.9,7.4,7.9,24.5,26.3,58.1,13.5
73,Carlos Delfino,TOR,25,6-6,230,None,Argentina,2003,1,25,82.0,9.0,4.4,1.8,0.3,3.5,16.2,18.4,52.7,11.7
74,Carmelo Anthony,DEN,24,6-8,230,Syracuse,USA,2003,1,3,77.0,25.7,7.4,3.4,2.7,6.3,13.3,29.6,56.8,15.6
75,Caron Butler,WAS,28,6-7,228,Connecticut,USA,2002,1,10,58.0,20.3,6.7,4.9,3.9,4.1,13.8,23.6,55.8,21.0
76,Casey Jacobsen,MEM,27,6-6,215,Stanford,USA,2002,1,22,53.0,2.0,1.2,0.4,3.2,2.1,9.8,10.9,43.7,5.2
77,Cedric Simmons,CHI,22,6-9,235,North Carolina State,USA,2006,1,15,14.0,0.6,1.3,0.0,-20.2,5.7,12.1,11.9,21.7,0.0
78,Channing Frye,POR,25,6-11,248,Arizona,USA,2005,1,8,78.0,6.8,4.5,0.7,1.8,8.3,19.3,19.3,52.9,7.3
79,Charlie Bell,MIL,29,6-3,200,Michigan State,USA,Undrafted,Undrafted,Undrafted,68.0,7.6,2.5,3.1,-7.2,1.9,8.9,16.4,49.0,20.8
80,Charlie Villanueva,MIL,23,6-11,232,Connecticut,USA,2005,1,7,76.0,11.7,6.1,1.0,-9.0,7.7,18.7,23.5,50.2,7.2
81,Chauncey Billups,DET,31,6-3,202,Colorado,USA,1997,1,3,78.0,17.0,2.7,6.8,10.8,1.7,7.3,22.7,61.9,34.1
82,Cheikh Samb,DET,23,7-1,245,None,Senegal,2006,2,51,4.0,1.8,1.8,0.0,8.7,13.0,11.4,9.1,71.7,0.0
83,Chris Andersen,NOH,29,6-10,228,Blinn J.C.,USA,Undrafted,Undrafted,Undrafted,5.0,1.2,1.8,0.0,4.3,5.3,21.2,11.1,34.2,0.0
84,Chris Bosh,TOR,24,6-10,230,Georgia Tech,USA,2003,1,4,67.0,22.3,8.7,2.6,8.4,8.0,17.7,28.2,58.8,12.3
85,Chris Duhon,CHI,25,6-1,185,Duke,USA,2004,2,38,66.0,5.8,1.8,4.0,-1.9,1.2,6.6,13.1,50.8,27.3
86,Chris Kaman,LAC,26,7-0,265,Central Michigan,USA,2003,1,6,56.0,15.7,12.7,1.9,-5.0,8.7,26.6,21.7,53.8,9.4
87,Chris Mihm,LAL,28,7-0,265,Texas-Austin,USA,2000,1,7,23.0,3.6,3.3,0.6,-2.9,9.9,15.8,19.0,38.4,7.1
88,Chris Paul,NOH,23,6-0,175,Wake Forest,USA,2005,1,4,80.0,21.1,4.0,11.6,8.0,2.1,9.2,25.1,57.6,50.0
89,Chris Quinn,MIA,24,6-2,175,Notre Dame,USA,Undrafted,Undrafted,Undrafted,60.0,7.8,2.0,3.0,-7.7,0.9,8.6,16.8,55.9,23.4
90,Chris Richard,MIN,23,6-9,270,Florida,USA,2007,2,41,52.0,1.9,2.6,0.3,-1.9,9.1,15.2,9.6,49.6,4.6
91,Chris Webber,GSW,35,6-10,245,Michigan,USA,1993,1,1,9.0,3.9,3.6,2.0,-6.0,1.7,23.4,16.2,48.2,18.8
92,Chris Wilcox,SEA,25,6-10,235,Maryland,USA,2002,1,8,62.0,13.4,7.0,1.2,-5.2,7.1,16.7,20.8,55.4,7.0
93,Chuck Hayes,HOU,25,6-6,238,Kentucky,USA,Undrafted,Undrafted,Undrafted,79.0,3.0,5.4,1.2,7.8,8.6,18.4,8.4,51.2,8.3
94,Chucky Atkins,DEN,33,5-11,185,South Florida,USA,Undrafted,Undrafted,Undrafted,24.0,4.7,1.3,2.0,-3.4,0.8,7.5,16.1,44.9,21.2
95,Coby Karl,LAL,25,6-5,215,Boise State,USA,Undrafted,Undrafted,Undrafted,17.0,1.8,0.8,0.5,-2.2,4.3,12.1,19.4,49.3,18.4
96,Corey Brewer,MIN,22,6-9,185,Florida,USA,2007,1,7,79.0,5.8,3.7,1.4,-8.5,4.4,12.3,15.3,42.9,9.2
97,Corey Maggette,LAC,28,6-6,225,Duke,USA,1999,1,13,70.0,22.1,5.6,2.7,-4.9,3.2,13.0,26.9,59.5,14.3
98,Courtney Sims,IND,24,6-11,245,Michigan,USA,Undrafted,Undrafted,Undrafted,3.0,0.0,0.7,0.3,2.7,6.7,8.3,3.1,0.0,14.3
99,Craig Smith,MIN,24,6-8,250,Boston College,USA,2006,2,36,77.0,9.4,4.6,0.8,-7.5,8.2,16.0,20.2,59.0,6.6
100,Cuttino Mobley,LAC,32,6-4,215,Rhode Island,USA,1998,2,41,77.0,12.8,3.6,2.6,-8.2,1.9,8.7,18.3,51.4,13.1
101,DJ Mbenga,LAL,27,7-0,255,None,Belgium,Undrafted,Undrafted,Undrafted,42.0,2.0,1.7,0.2,-0.6,7.9,13.2,13.2,46.5,4.4
102,DJ Strawberry,PHX,23,6-5,201,Maryland,USA,2007,2,59,33.0,2.2,0.8,0.9,-8.3,3.2,6.5,17.8,36.4,16.5
103,Daequan Cook,MIA,21,6-5,205,Ohio State,USA,2007,1,21,59.0,8.8,3.0,1.3,-11.4,1.4,11.6,19.3,48.0,9.5
104,Dahntay Jones,SAC,27,6-6,210,Duke,USA,2003,1,20,25.0,3.2,1.4,0.5,-1.0,3.4,12.8,18.1,53.7,10.3
105,Damien Wilkins,SEA,28,6-6,225,Georgia,USA,Undrafted,Undrafted,Undrafted,76.0,9.2,3.2,2.0,-11.5,3.7,9.4,18.9,47.4,12.9
106,Damon Jones,CLE,31,6-3,195,Houston,USA,Undrafted,Undrafted,Undrafted,67.0,6.5,1.1,1.9,0.7,0.4,5.3,13.7,58.2,15.4
107,Damon Stoudamire,SAS,34,5-10,171,Arizona,USA,1995,1,7,60.0,5.3,2.0,2.8,-5.4,2.0,9.7,18.7,45.0,24.4
108,Dan Dickau,LAC,29,6-0,180,Gonzaga,USA,2002,1,28,67.0,5.3,1.4,2.6,-3.2,1.3,8.8,16.8,53.0,27.3
109,Dan Gadzuric,MIL,30,6-11,245,UCLA,Netherlands,2002,2,33,51.0,3.2,2.8,0.2,-6.2,10.9,15.7,17.2,44.3,3.4
110,Daniel Gibson,CLE,22,6-2,194,Texas,USA,2006,2,42,58.0,10.4,2.3,2.5,2.6,1.7,6.3,14.8,59.2,13.0
111,Danny Granger,IND,25,6-8,228,New Mexico,USA,2005,1,17,80.0,19.6,6.1,2.1,-2.4,3.2,13.5,22.9,57.1,9.7
112,Darius Songaila,WAS,30,6-9,248,Wake Forest,Lithuania,2002,2,49,80.0,6.2,3.4,1.7,0.4,5.4,12.8,17.0,49.6,14.2
113,Darius Washington,SAS,22,6-2,195,Memphis,USA,Undrafted,Undrafted,Undrafted,18.0,2.9,1.1,0.8,0.7,3.1,11.4,20.5,49.3,16.1
114,Darko Milicic,MEM,23,7-0,275,None,Serbia,2003,1,2,70.0,7.2,6.1,0.8,-8.2,7.7,17.9,17.3,45.6,5.5
115,Darrell Armstrong,NJN,40,6-1,180,Fayetteville State,USA,Undrafted,Undrafted,Undrafted,50.0,2.5,1.3,1.5,-10.1,3.3,9.2,13.4,49.9,22.5
116,Darrick Martin,TOR,37,5-11,170,UCLA,USA,Undrafted,Undrafted,Undrafted,17.0,1.6,0.4,1.2,16.9,2.1,2.7,14.6,29.6,21.0
117,Darryl Watkins,SAC,23,6-11,258,Syracuse,USA,Undrafted,Undrafted,Undrafted,9.0,1.3,1.3,0.0,-11.5,7.1,11.7,14.3,34.9,0.0
118,David Harrison,IND,25,7-0,280,Colorado,USA,2004,1,29,55.0,4.2,2.1,0.3,1.9,5.8,9.8,16.1,53.9,3.0
119,David Lee,NYK,25,6-9,240,Florida,USA,2005,1,30,81.0,10.8,8.9,1.2,-5.1,9.9,21.6,15.4,60.6,6.7
120,David West,NOH,27,6-9,240,Xavier,USA,2003,1,18,76.0,20.6,8.9,2.3,7.4,6.5,18.3,25.9,53.5,10.4
121,DeSagana Diop,NJN,26,7-0,280,None,Senegal,2001,1,8,79.0,2.9,5.0,0.5,3.2,12.8,18.3,9.4,53.6,4.7
122,DeShawn Stevenson,WAS,27,6-5,218,None,USA,2000,1,23,82.0,11.2,2.9,3.1,2.3,1.4,8.3,17.2,52.9,15.2
123,Delonte West,CLE,24,6-3,180,St. Joseph's (PA),USA,2004,1,24,61.0,8.3,3.2,3.8,-2.6,1.9,10.2,17.9,49.2,24.2
124,Demetris Nichols,CHI,23,6-8,216,Syracuse,USA,2007,2,53,14.0,1.1,0.4,0.1,-23.6,0.0,10.0,24.8,32.6,4.5
125,DerMarr Johnson,SAS,28,6-9,210,Cincinnati,USA,2000,1,6,5.0,3.4,0.2,0.2,-7.6,0.0,4.0,26.3,57.1,7.7
126,Derek Anderson,CHA,33,6-5,195,Kentucky,USA,1997,1,13,28.0,5.0,1.9,1.6,-13.0,2.1,11.3,18.5,49.7,21.5
127,Derek Fisher,LAL,33,6-1,210,Arkansas-Little Rock,USA,1996,1,24,82.0,11.7,2.1,2.9,6.5,1.1,6.3,18.2,55.6,15.7
128,Deron Williams,UTA,24,6-3,205,Illinois,USA,2005,1,3,82.0,18.8,3.0,10.5,7.2,1.3,7.3,22.9,59.5,42.7
129,Desmond Mason,MIL,30,6-5,222,Oklahoma State,USA,2000,1,17,59.0,9.7,4.3,2.1,-5.0,4.5,11.3,16.6,51.9,10.7
130,Devean George,DAL,30,6-8,235,Augsburg,USA,1999,1,23,53.0,3.7,2.6,0.7,-0.4,3.5,13.4,13.9,43.7,6.8
131,Devin Brown,CLE,29,6-5,210,Texas-San Antonio,USA,Undrafted,Undrafted,Undrafted,78.0,7.5,3.4,2.2,-1.4,3.6,11.8,17.4,49.4,16.6
132,Devin Harris,NJN,25,6-3,185,Wisconsin,USA,2004,1,5,64.0,14.8,2.7,5.8,4.2,1.5,7.3,22.1,57.3,28.8
133,Dikembe Mutombo,HOU,42,7-2,260,Georgetown,Congo,1991,1,4,39.0,3.0,5.1,0.1,4.8,10.5,20.2,8.6,59.1,1.2
134,Dirk Nowitzki,DAL,30,7-0,245,None,Germany,1998,1,9,77.0,23.6,8.6,3.5,8.7,3.7,20.5,28.3,58.5,17.1
135,Dominic McGuire,WAS,22,6-9,220,Fresno State,USA,2007,2,47,70.0,1.3,2.0,0.6,-13.1,7.6,12.8,10.4,39.7,9.6
136,Donyell Marshall,SEA,35,6-9,245,Connecticut,USA,1994,1,4,26.0,3.8,2.9,0.4,-13.6,6.8,15.9,16.1,45.5,4.4
137,Dorell Wright,MIA,22,6-9,210,None,USA,2004,1,19,44.0,7.9,5.0,1.4,-7.3,4.6,16.4,14.6,53.7,8.7
138,Drew Gooden,CHI,26,6-10,250,Kansas,USA,2002,1,4,69.0,12.0,8.6,1.2,-2.2,8.2,20.7,20.1,49.5,6.2
139,Dwayne Jones,CLE,25,6-11,251,St. Joseph's (PA),USA,Undrafted,Undrafted,Undrafted,56.0,1.4,2.5,0.2,-4.2,13.9,15.2,8.5,53.8,3.3
140,Dwight Howard,ORL,22,6-11,265,None,USA,2004,1,1,82.0,20.7,14.2,1.3,7.5,9.8,27.8,23.9,61.9,5.9
141,Dwyane Wade,MIA,26,6-4,216,Marquette,USA,2003,1,5,51.0,24.6,4.2,6.9,-6.7,2.5,9.4,31.7,54.9,33.6
142,Earl Barron,MIA,26,7-0,245,Memphis,USA,Undrafted,Undrafted,Undrafted,46.0,7.1,4.3,0.6,-11.6,7.7,16.5,21.8,44.6,6.3
143,Earl Boykins,CHA,32,5-5,133,Eastern Michigan,USA,Undrafted,Undrafted,Undrafted,36.0,5.1,0.9,2.7,-8.1,1.6,4.5,18.3,46.7,27.0
144,Earl Watson,SEA,29,6-1,185,UCLA,USA,2001,2,39,78.0,10.7,2.9,6.8,-9.2,1.8,7.8,18.5,51.7,35.9
145,Eddie Gill,SEA,29,6-0,183,Weber State,USA,Undrafted,Undrafted,Undrafted,14.0,2.7,1.6,1.6,-12.6,0.6,13.8,13.1,54.3,29.7
146,Eddie House,BOS,30,6-1,175,Arizona State,USA,2000,2,37,78.0,7.5,2.1,1.9,8.3,1.4,10.0,18.6,53.4,18.2
147,Eddie Jones,DAL,36,6-6,200,Temple,USA,1994,1,10,47.0,3.7,2.8,1.5,6.4,2.1,13.0,10.7,47.3,10.5
148,Eddy Curry,NYK,25,6-11,285,None,USA,2001,1,4,59.0,13.2,4.7,0.5,-14.7,7.6,11.3,23.7,57.8,4.0
149,Eduardo Najera,DEN,31,6-8,235,Oklahoma,Mexico,2000,2,38,78.0,5.9,4.3,1.2,9.4,6.5,12.5,11.7,57.0,7.9
150,Elton Brand,LAC,29,6-8,254,Duke,USA,1999,1,1,8.0,17.6,8.0,2.0,-17.8,7.8,15.5,24.8,52.3,10.3
151,Emeka Okafor,CHA,25,6-10,255,Connecticut,USA,2004,1,2,82.0,13.8,10.7,0.9,-4.4,9.7,23.6,19.9,55.3,4.4
152,Eric Piatkowski,PHX,37,6-7,215,Nebraska,USA,1994,1,15,16.0,2.4,0.8,0.6,-14.7,1.0,7.5,16.4,56.1,14.1
153,Eric Snow,CLE,35,6-3,205,Michigan State,USA,1995,2,43,22.0,1.0,0.9,1.9,-11.8,1.3,5.3,8.7,23.1,21.3
154,Erick Dampier,DAL,32,6-11,265,Mississippi State,USA,1996,1,10,72.0,6.1,7.5,0.9,5.7,12.8,19.0,11.1,64.5,5.2
155,Fabricio Oberto,SAS,33,6-10,245,None,Argentina,Undrafted,Undrafted,Undrafted,82.0,4.8,5.2,1.2,1.2,9.8,18.1,10.6,61.5,9.0
156,Flip Murray,IND,28,6-3,197,Shaw,USA,2002,2,41,42.0,9.4,2.0,3.4,-2.2,2.6,6.4,24.6,48.3,26.6
157,Francisco Elson,SEA,32,7-0,235,California,Netherlands,1999,2,41,63.0,3.3,3.2,0.4,-5.6,6.1,18.6,16.7,41.6,5.1
158,Francisco Garcia,SAC,26,6-7,195,Louisville,Dominican Republic,2005,1,23,79.0,12.3,3.3,1.6,-3.1,2.6,10.4,20.4,57.6,10.4
159,Fred Jones,NYK,29,6-2,225,Oregon,USA,2002,1,14,70.0,7.6,2.4,2.4,-7.3,1.7,8.5,14.2,54.6,15.0
160,Gabe Pruitt,BOS,22,6-4,170,Southern California,USA,2007,2,32,15.0,2.1,0.5,0.9,-9.0,1.0,7.5,19.9,40.1,24.5
161,Gerald Green,HOU,22,6-8,200,No College,USA,2005,1,18,30.0,5.1,2.1,1.0,-5.0,3.2,13.4,24.1,45.3,13.8
162,Gerald Wallace,CHA,25,6-7,220,Alabama,USA,2001,1,25,62.0,19.4,6.0,3.5,-2.2,2.5,13.7,24.4,54.7,15.9
163,Gilbert Arenas,WAS,26,6-4,215,Arizona,USA,2001,2,30,13.0,19.4,3.9,5.1,1.3,1.3,10.7,28.6,52.9,28.2
164,Glen Davis,BOS,22,6-9,289,Louisiana State,USA,2007,2,35,69.0,4.5,3.0,0.4,6.5,11.0,12.1,17.1,54.5,5.3
165,Gordan Giricek,PHX,31,6-6,220,None,Croatia,1999,2,40,56.0,5.8,1.7,1.1,3.3,2.0,9.2,18.8,51.8,11.5
166,Grant Hill,PHX,35,6-8,225,Duke,USA,1994,1,3,70.0,13.1,5.0,2.9,7.2,3.7,11.5,17.6,57.6,13.0
167,Greg Buckner,MIN,31,6-4,210,Clemson,USA,1998,2,53,31.0,4.0,2.1,1.3,-13.9,1.9,12.5,13.0,48.9,10.9
168,Guillermo Diaz,LAC,23,6-2,185,Miami,USA,2006,2,52,6.0,0.8,0.3,0.2,10.8,10.5,0.0,14.3,40.3,7.1
169,Hakim Warrick,MEM,25,6-9,215,Syracuse,USA,2005,1,19,75.0,11.4,4.7,0.7,-13.0,6.6,13.8,21.1,55.5,5.5
170,Hedo Turkoglu,ORL,29,6-10,220,None,Turkey,2000,1,16,82.0,19.5,5.7,5.0,7.1,3.0,12.5,24.6,57.6,22.4
171,Hilton Armstrong,NOH,23,6-11,235,Connecticut,USA,2006,1,12,65.0,2.7,2.5,0.4,-1.3,9.2,15.1,14.8,49.8,4.8
172,Ian Mahinmi,SAS,21,6-11,230,None,France,2005,1,28,6.0,3.5,0.8,0.2,-30.4,0.0,20.0,36.0,65.8,12.5
173,Ike Diogu,IND,24,6-8,255,Arizona State,USA,2005,1,9,30.0,5.6,2.8,0.3,-8.2,10.9,14.0,23.2,54.3,5.7
174,Ime Udoka,SAS,30,6-5,220,Portland State,USA,Undrafted,Undrafted,Undrafted,73.0,5.8,3.1,0.9,6.3,2.9,15.1,16.0,52.8,7.8
175,Ira Newble,LAL,33,6-7,220,Miami (Ohio),USA,Undrafted,Undrafted,Undrafted,49.0,3.8,2.6,0.4,-12.9,6.2,12.0,13.7,50.7,4.4
176,J.J. Barea,DAL,24,6-0,175,Northeastern,Puerto Rico,Undrafted,Undrafted,Undrafted,44.0,4.3,1.1,1.3,5.8,0.9,9.7,21.4,51.5,21.6
177,JJ Redick,ORL,24,6-4,190,Duke,USA,2006,1,11,34.0,4.1,0.7,0.5,-3.1,0.3,7.9,21.0,56.9,9.4
178,JR Smith,DEN,22,6-6,220,No College,USA,2004,1,18,74.0,12.3,2.1,1.7,5.8,2.9,7.2,24.9,60.3,14.9
179,Jacque Vaughn,SAS,33,6-1,190,Kansas,USA,1997,1,27,74.0,4.1,1.0,2.1,1.4,1.2,5.6,15.2,48.1,23.2
180,Jake Voskuhl,MIL,30,6-11,255,Connecticut,USA,2000,2,33,44.0,2.2,2.2,0.3,-8.5,7.4,17.9,13.6,52.8,5.3
181,Jamaal Magloire,DAL,30,6-11,265,Kentucky,Canada,2000,1,19,31.0,1.8,2.9,0.2,-2.5,7.7,23.8,17.0,37.7,4.3
182,Jamaal Tinsley,IND,30,6-3,185,Iowa State,USA,2001,1,27,39.0,11.9,3.6,8.4,0.1,1.8,9.0,20.8,45.8,36.8
183,Jamal Crawford,NYK,28,6-5,200,Michigan,USA,2000,1,8,80.0,20.6,2.6,5.0,-5.4,1.1,5.6,24.1,52.8,21.7
184,Jamario Moon,TOR,28,6-8,205,Meridian CC,USA,Undrafted,Undrafted,Undrafted,78.0,8.5,6.2,1.2,6.9,4.7,18.7,14.3,54.0,6.0
185,Jameer Nelson,ORL,26,6-0,190,St. Joseph's (PA),USA,2004,1,20,69.0,10.9,3.5,5.6,5.9,1.5,10.6,18.3,56.4,29.9
186,James Augustine,ORL,24,6-10,235,Illinois,USA,2006,2,41,25.0,1.6,1.2,0.1,1.0,10.1,10.1,12.0,53.3,2.3
187,James Jones,POR,27,6-8,220,Miami,USA,2003,2,49,58.0,8.0,2.8,0.6,1.7,3.5,9.4,14.1,62.5,4.3
188,James Posey,BOS,31,6-8,217,Xavier,USA,1999,1,18,74.0,7.4,4.4,1.5,5.2,1.8,16.3,13.2,58.7,10.5
189,Jannero Pargo,NOH,28,6-1,175,Arkansas,USA,Undrafted,Undrafted,Undrafted,80.0,8.1,1.6,2.4,2.2,1.8,7.4,23.7,46.8,21.1
190,Jared Dudley,CHA,22,6-7,225,Boston College,USA,2007,1,22,73.0,5.8,3.9,1.1,-1.4,8.7,12.1,14.4,52.8,9.4
191,Jared Jeffries,NYK,26,6-11,240,Indiana,USA,2002,1,11,73.0,3.7,3.3,0.9,-2.5,8.5,10.0,12.4,43.3,7.2
192,Jarrett Jack,POR,24,6-3,197,Georgia Tech,USA,2005,1,22,82.0,9.9,2.9,3.8,-3.7,1.4,9.1,18.7,55.8,24.0
193,Jarron Collins,UTA,29,6-11,239,Stanford,USA,2001,2,52,70.0,1.7,1.7,0.5,8.0,5.8,11.8,8.5,51.5,7.1
194,Jarvis Hayes,DET,26,6-8,228,Georgia,USA,2003,1,10,82.0,6.7,2.2,0.8,4.2,2.8,11.5,20.2,52.0,8.1
195,Jason Collins,MEM,29,7-0,255,Stanford,USA,2001,1,18,74.0,1.9,2.4,0.3,-5.5,5.6,10.7,7.6,48.1,3.3
196,Jason Hart,UTA,30,6-3,180,Syracuse,USA,2000,2,49,57.0,2.9,1.0,1.5,3.6,0.8,8.7,15.7,41.3,20.8
197,Jason Kapono,TOR,27,6-8,215,UCLA,USA,2003,2,31,81.0,7.2,1.5,0.8,-0.2,2.1,6.1,16.9,56.1,6.8
198,Jason Kidd,DAL,35,6-4,210,California,USA,1994,1,2,80.0,10.8,7.5,10.1,0.2,3.3,17.8,17.2,49.9,42.4
199,Jason Maxiell,DET,25,6-7,260,Cincinnati,USA,2005,1,26,82.0,7.9,5.3,0.6,6.8,10.2,15.2,16.4,57.6,4.2
200,Jason Richardson,CHA,27,6-6,225,Michigan State,USA,2001,1,5,82.0,21.8,5.4,3.1,-3.9,2.6,11.8,25.6,55.4,14.9
201,Jason Smith,PHI,22,7-0,240,Colorado State,USA,2007,1,20,76.0,4.5,3.0,0.3,2.2,6.8,14.6,15.6,49.1,2.8
202,Jason Terry,DAL,30,6-2,180,Arizona,USA,1999,1,10,82.0,15.5,2.5,3.2,5.9,1.2,6.9,21.2,57.4,17.5
203,Jason Williams,MIA,32,6-1,180,Florida,USA,1998,1,7,67.0,8.8,1.9,4.6,-11.4,0.7,6.9,16.3,50.2,25.5
204,Javaris Crittenton,MEM,20,6-5,200,Georgia Tech,USA,2007,1,19,50.0,5.6,2.2,1.0,-2.5,3.9,11.6,21.0,49.9,12.1
205,Jeff Foster,IND,31,6-11,250,Southwest Texas State,USA,1999,1,21,77.0,6.4,8.7,1.7,-0.4,13.0,21.7,11.3,56.8,10.3
206,Jeff Green,SEA,21,6-9,235,Georgetown,USA,2007,1,5,80.0,10.5,4.7,1.5,-10.5,4.4,12.0,19.2,49.1,8.2
207,Jeff McInnis,CHA,33,6-4,190,North Carolina,USA,1996,2,37,54.0,4.5,1.8,4.1,-7.8,1.2,6.2,11.1,46.1,23.9
208,Jelani McCoy,DEN,30,6-10,245,UCLA,USA,1998,2,33,6.0,0.5,1.2,0.0,-15.8,3.6,17.6,8.2,79.8,0.0
209,Jeremy Richardson,ATL,24,6-7,195,Delta State,USA,Undrafted,Undrafted,Undrafted,27.0,1.5,0.3,0.1,-20.9,0.7,6.8,16.7,45.7,2.8
210,Jermaine O'Neal,IND,29,6-11,260,None,USA,1996,1,17,42.0,13.6,6.7,2.2,-1.6,6.5,16.8,24.6,48.9,13.0
211,Jermareo Davidson,CHA,23,6-10,230,Alabama,USA,2007,2,36,38.0,3.2,1.6,0.3,-10.6,6.2,12.8,21.4,43.7,7.7
212,Jerome James,NYK,32,7-1,285,Florida A&M,USA,1998,2,36,2.0,2.0,1.5,0.0,54.5,0.0,50.0,18.2,106.4,0.0
213,Jerry Stackhouse,DAL,33,6-6,218,North Carolina,USA,1995,1,3,58.0,10.7,2.3,2.5,2.0,2.4,6.9,21.2,52.3,17.1
214,Joakim Noah,CHI,23,6-11,232,Florida,USA,2007,1,9,74.0,6.6,5.6,1.1,-0.4,10.9,15.8,15.3,53.9,8.7
215,Joe Johnson,ATL,27,6-7,235,Arkansas,USA,2001,1,10,82.0,21.7,4.5,5.8,-0.5,2.6,8.8,25.3,53.5,25.1
216,Joe Smith,CLE,32,6-10,225,Maryland,USA,1995,1,1,77.0,10.1,5.2,0.9,-1.0,9.0,14.4,20.9,52.4,6.8
217,Joel Anthony,MIA,25,6-9,245,UNLV,Canada,Undrafted,Undrafted,Undrafted,24.0,3.5,3.9,0.1,-14.5,7.9,11.5,9.6,52.1,1.1
218,Joel Przybilla,POR,28,7-1,255,Minnesota,USA,2000,1,9,77.0,4.8,8.4,0.4,-2.1,11.3,26.0,10.2,61.1,2.3
219,Joey Graham,TOR,26,6-7,225,Oklahoma State,USA,2005,1,16,38.0,3.6,1.8,0.4,-1.2,5.8,16.3,21.6,52.0,7.1
220,Johan Petro,SEA,22,7-0,247,None,France,2005,1,25,72.0,6.0,5.1,0.4,-10.1,7.0,20.1,17.6,45.3,3.9
221,John Salmons,SAC,28,6-6,207,Miami,USA,2002,1,26,81.0,12.5,4.3,2.6,-5.1,3.2,11.1,19.0,55.6,13.8
222,Jordan Farmar,LAL,21,6-2,180,UCLA,USA,2006,1,26,82.0,9.1,2.2,2.7,8.2,2.4,8.1,19.7,56.3,20.9
223,Jorge Garbajosa,TOR,30,6-9,245,None,Spain,Undrafted,Undrafted,Undrafted,7.0,3.1,2.1,0.4,-8.4,2.5,22.0,16.1,44.0,6.7
224,Jose Calderon,TOR,26,6-3,210,None,Spain,Undrafted,Undrafted,Undrafted,82.0,11.2,2.9,8.3,3.9,1.5,8.9,16.4,60.7,42.0
225,Josh Boone,NJN,23,6-10,237,Connecticut,USA,2006,1,23,70.0,8.2,7.3,0.8,-4.2,10.9,18.2,14.9,54.3,5.0
226,Josh Childress,ATL,25,6-8,210,Stanford,USA,2004,1,6,76.0,11.8,4.9,1.5,-2.6,7.8,8.9,15.3,64.7,8.8
227,Josh Howard,DAL,28,6-5,210,Wake Forest,USA,2003,1,29,76.0,19.9,7.0,2.2,8.1,4.7,15.0,25.4,53.4,10.3
228,Josh McRoberts,POR,21,6-10,240,Duke,USA,2007,2,37,8.0,1.5,1.3,0.3,24.2,6.5,25.0,17.1,60.0,11.1
229,Josh Powell,LAC,25,6-9,240,North Carolina State,USA,Undrafted,Undrafted,Undrafted,64.0,5.5,5.2,0.7,-12.6,9.7,19.3,15.6,50.0,6.6
230,Josh Smith,ATL,22,6-9,235,None,USA,2004,1,17,81.0,17.2,8.2,3.4,-0.3,5.8,18.1,24.5,52.0,16.3
231,Juan Carlos Navarro,MEM,28,6-3,170,None,Spain,2002,2,39,82.0,10.9,2.6,2.2,-7.1,1.6,8.6,19.8,54.0,13.2
232,Juan Dixon,DET,29,6-3,165,Maryland,USA,2002,1,17,53.0,5.0,1.4,1.8,7.1,2.2,9.4,21.6,48.8,23.0
233,Julian Wright,NOH,21,6-8,225,Kansas,USA,2007,1,13,57.0,3.9,2.1,0.7,1.2,5.5,13.5,16.2,58.1,10.0
234,Justin Williams,HOU,24,6-10,260,Wyoming,USA,Undrafted,Undrafted,Undrafted,23.0,1.5,2.1,0.0,-2.5,15.2,24.6,15.5,42.0,0.0
235,Juwan Howard,DAL,35,6-9,253,Michigan,USA,1994,1,5,50.0,1.1,1.6,0.3,-7.3,6.4,17.1,11.3,40.6,7.4
236,Kaniel Dickens,CLE,29,6-8,215,Idaho,USA,2000,2,50,5.0,0.4,0.2,0.2,-12.5,0.0,10.0,10.3,33.3,16.7
237,Kareem Rush,IND,27,6-6,215,Missouri,USA,2002,1,20,71.0,8.3,2.4,1.3,-2.7,1.2,9.9,18.4,50.0,9.7
238,Kasib Powell,MIA,27,6-7,215,Texas Tech,USA,Undrafted,Undrafted,Undrafted,11.0,7.6,4.0,1.6,-13.6,2.7,11.9,16.7,42.4,12.9
239,Keith Bogans,ORL,28,6-5,215,Kentucky,USA,2003,2,43,82.0,8.7,3.2,1.3,6.5,2.0,9.8,14.1,55.9,7.1
240,Keith Langford,SAS,24,6-4,215,Kansas,USA,Undrafted,Undrafted,Undrafted,2.0,1.0,1.0,0.0,28.3,0.0,15.4,16.7,25.0,0.0
241,Kelenna Azubuike,GSW,24,6-5,220,Kentucky,United Kingdom,Undrafted,Undrafted,Undrafted,81.0,8.5,4.0,0.9,0.1,5.6,12.2,16.9,53.4,6.3
242,Kendrick Perkins,BOS,23,6-10,264,None,USA,2003,1,27,78.0,6.9,6.1,1.1,13.8,8.7,17.1,13.4,63.2,6.3
243,Kenny Thomas,SAC,30,6-7,245,New Mexico,USA,1999,1,22,23.0,1.4,2.7,0.6,-16.2,6.2,16.9,9.4,39.8,7.4
244,Kenyon Martin,DEN,30,6-9,240,Cincinnati,USA,2000,1,1,71.0,12.4,6.5,1.3,2.3,5.0,15.6,17.5,55.3,6.2
245,Kevin Durant,SEA,19,6-9,215,Texas,USA,2007,1,2,80.0,20.3,4.4,2.4,-11.3,2.4,9.8,27.3,51.9,12.0
246,Kevin Garnett,BOS,32,6-11,220,None,USA,1995,1,5,71.0,18.8,9.2,3.4,16.0,6.7,22.0,25.6,58.8,18.6
247,Kevin Martin,SAC,25,6-7,185,Western Carolina,USA,2004,1,26,61.0,23.7,4.5,2.1,-0.8,2.3,10.6,25.5,61.8,9.7
248,Kevin Ollie,PHI,35,6-2,195,Connecticut,USA,Undrafted,Undrafted,Undrafted,40.0,1.8,0.5,1.0,7.5,1.3,5.5,11.3,46.3,17.7
249,Keyon Dooling,ORL,28,6-3,195,Missouri,USA,2000,1,10,72.0,8.1,1.4,1.8,3.9,0.6,6.8,19.1,57.2,17.7
250,Kirk Hinrich,CHI,27,6-3,190,Kansas,USA,2003,1,7,75.0,11.5,3.3,6.0,-2.5,1.1,9.4,18.7,50.1,30.3
251,Kirk Snyder,MIN,25,6-6,225,Nevada-Reno,USA,2004,1,16,36.0,7.3,3.5,1.8,-2.9,4.1,13.4,16.4,57.3,12.2
252,Kobe Bryant,LAL,29,6-6,205,None,USA,1996,1,13,82.0,28.3,6.3,5.4,8.9,3.0,12.6,30.9,57.6,23.6
253,Kosta Perovic,GSW,23,7-2,240,None,Serbia,2006,2,38,7.0,1.4,1.9,0.1,4.9,12.2,16.3,14.6,39.6,4.5
254,Kris Humphries,TOR,23,6-9,235,Minnesota,USA,2004,1,14,70.0,5.7,3.7,0.4,-1.3,9.7,19.1,21.2,51.2,5.3
255,Kurt Thomas,SAS,35,6-9,235,TCU,USA,1995,1,10,70.0,6.3,7.2,1.0,-2.5,8.3,23.4,13.6,51.4,6.5
256,Kwame Brown,MEM,26,6-11,270,None,USA,2001,1,1,38.0,4.8,4.9,1.2,-4.4,7.2,18.3,14.8,49.7,9.9
257,Kyle Korver,UTA,27,6-6,211,Creighton,USA,2003,2,51,75.0,9.9,2.3,1.3,6.1,1.3,9.0,18.0,58.5,9.5
258,Kyle Lowry,MEM,22,6-0,175,Villanova,USA,2006,1,24,82.0,9.6,3.0,3.6,-4.3,1.9,10.0,18.2,53.1,22.4
259,Kyrylo Fesenko,UTA,21,7-1,288,None,Ukraine,2007,2,38,9.0,1.6,2.8,0.2,2.5,17.9,16.4,14.6,39.4,4.8
260,LaMarcus Aldridge,POR,22,6-11,245,Texas-Austin,USA,2006,1,2,76.0,17.8,7.6,1.6,0.1,8.7,14.2,25.2,52.3,8.6
261,Lamar Odom,LAL,28,6-10,230,Rhode Island,USA,1999,1,4,77.0,14.2,10.6,3.5,8.0,6.9,20.2,16.4,58.2,13.8
262,Lance Allred,CLE,27,6-11,250,Weber State,USA,Undrafted,Undrafted,Undrafted,3.0,1.0,0.3,0.0,-72.2,0.0,16.7,21.7,30.7,0.0
263,Larry Hughes,CHI,29,6-5,185,St. Louis,USA,1998,1,8,68.0,12.2,3.4,2.7,-5.0,1.9,9.9,21.7,46.8,14.6
264,LeBron James,CLE,23,6-8,250,None,USA,2003,1,1,75.0,30.0,7.9,7.2,1.7,4.3,15.8,32.8,56.8,35.2
265,Leandro Barbosa,PHX,25,6-3,202,None,Brazil,2003,1,28,82.0,15.6,2.8,2.6,2.5,1.8,7.4,22.3,57.5,13.7
266,Leon Powe,BOS,24,6-8,240,California,USA,2006,2,49,56.0,7.9,4.1,0.3,7.3,12.4,16.6,21.8,62.9,3.6
267,Linas Kleiza,DEN,23,6-8,245,Missouri,Lithuania,2005,1,27,79.0,11.1,4.2,1.2,5.5,4.7,12.0,18.6,58.5,7.6
268,Lindsey Hunter,DET,37,6-2,195,Jackson State,USA,1993,1,10,24.0,2.4,0.5,1.4,5.4,2.0,4.5,17.6,42.7,23.7
269,Linton Johnson,TOR,28,6-8,205,Tulane,USA,Undrafted,Undrafted,Undrafted,8.0,2.6,1.8,0.5,-11.0,8.3,15.8,17.6,52.8,11.1
270,Loren Woods,HOU,30,7-2,260,Arizona,USA,2001,2,45,7.0,0.9,0.1,0.3,24.6,0.0,5.9,13.5,60.0,16.7
271,Lorenzen Wright,SAC,32,6-11,255,Memphis,USA,1996,1,7,18.0,0.8,2.1,0.2,-2.4,5.1,16.4,8.2,31.7,4.4
272,Lou Amundson,PHI,25,6-9,225,UNLV,USA,Undrafted,Undrafted,Undrafted,16.0,1.1,0.8,0.0,3.2,10.4,7.5,14.0,47.2,0.0
273,Lou Williams,PHI,21,6-2,175,None,USA,2005,2,45,80.0,11.5,2.1,3.2,0.3,2.2,7.1,23.6,52.3,23.6
274,Luis Scola,HOU,28,6-9,245,None,Argentina,2002,2,55,82.0,10.3,6.4,1.3,4.6,8.5,17.3,19.5,54.8,8.8
275,Luke Jackson,MIA,26,6-7,215,Oregon,USA,2004,1,10,14.0,5.6,2.4,1.2,-4.1,3.2,12.6,20.6,43.8,13.4
276,Luke Ridnour,SEA,27,6-2,175,Oregon,USA,2003,1,14,61.0,6.4,1.5,4.0,-6.0,1.0,6.3,17.0,48.2,29.6
277,Luke Walton,LAL,28,6-8,235,Arizona,USA,2003,2,32,74.0,7.2,3.9,2.9,6.0,4.9,11.3,15.6,50.9,18.2
278,Luol Deng,CHI,23,6-9,220,Duke,United Kingdom,2004,1,7,63.0,17.0,6.3,2.5,-3.6,6.2,12.5,23.2,52.8,12.7
279,Luther Head,HOU,25,6-3,185,Illinois,USA,2005,1,24,73.0,7.6,1.8,1.9,4.9,1.4,8.4,19.0,54.3,16.3
280,Maceo Baston,TOR,32,6-10,230,Michigan,USA,1998,2,58,15.0,2.7,1.7,0.2,-2.8,9.4,17.7,14.5,69.7,4.8
281,Malik Allen,DAL,30,6-10,255,Villanova,USA,Undrafted,Undrafted,Undrafted,73.0,4.6,2.7,0.6,-1.2,6.4,12.5,16.0,50.0,6.9
282,Malik Rose,NYK,33,6-7,255,Drexel,USA,1996,2,44,49.0,3.5,2.1,0.6,-4.4,6.2,15.4,22.1,42.2,9.3
283,Manu Ginobili,SAS,30,6-6,205,None,Argentina,1999,2,57,74.0,19.5,4.8,4.5,8.6,2.9,13.0,27.4,61.2,25.7
284,Marcin Gortat,ORL,24,7-0,240,None,Poland,2005,2,57,6.0,3.0,2.7,0.3,-4.0,17.8,23.5,20.8,49.1,8.0
285,Marco Belinelli,GSW,22,6-5,192,None,Italy,2007,1,18,33.0,2.9,0.4,0.5,-8.1,1.0,4.4,17.9,49.0,9.9
286,Marcus Banks,MIA,26,6-2,212,UNLV,USA,2003,1,13,36.0,6.6,1.3,1.7,-7.8,0.7,7.0,19.4,57.9,17.9
287,Marcus Camby,DEN,34,6-11,235,Massachusetts,USA,1996,1,2,79.0,9.1,13.1,3.3,3.9,8.2,27.1,12.8,49.8,12.6
288,Marcus Vinicius,NOH,24,6-8,225,None,Brazil,2006,2,43,13.0,2.2,0.6,0.2,2.7,1.6,9.5,17.0,56.4,4.7
289,Marcus Williams,LAC,21,6-7,207,Arizona,USA,2007,2,33,11.0,0.9,1.1,0.3,2.3,7.5,21.6,21.7,25.0,14.3
290,Marcus Williams,NJN,22,6-3,205,Connecticut,USA,2006,1,22,53.0,5.9,1.9,2.6,-10.8,1.7,10.9,20.7,49.9,28.5
291,Mardy Collins,NYK,23,6-6,220,Temple,USA,2006,1,29,46.0,3.2,1.6,1.9,-9.7,2.8,8.9,17.1,37.8,22.1
292,Mario West,ATL,24,6-5,210,Georgia Tech,USA,Undrafted,Undrafted,Undrafted,64.0,0.9,0.8,0.2,-0.1,9.7,7.8,10.5,48.8,7.2
293,Mark Blount,MIA,32,7-0,250,Pittsburgh,USA,1997,2,54,69.0,8.4,3.8,0.6,-11.0,4.7,13.4,19.6,50.5,4.8
294,Mark Madsen,MIN,32,6-9,250,Stanford,USA,2000,1,29,20.0,0.5,1.9,0.2,-0.6,10.8,14.0,9.6,18.5,4.1
295,Marko Jaric,MIN,29,6-7,224,None,Serbia,2000,2,30,75.0,8.3,3.0,4.1,-8.4,1.7,9.1,14.8,51.8,21.3
296,Marquis Daniels,IND,27,6-6,200,Auburn,USA,Undrafted,Undrafted,Undrafted,74.0,8.2,2.9,1.9,1.2,4.0,9.1,20.1,48.7,14.4
297,Martell Webster,POR,21,6-7,229,None,USA,2005,1,6,75.0,10.7,3.9,1.2,-1.9,2.6,12.0,17.6,54.8,6.8
298,Marvin Williams,ATL,22,6-9,230,North Carolina,USA,2005,1,2,80.0,14.8,5.7,1.7,-3.0,4.5,12.6,20.0,54.0,8.3
299,Matt Barnes,GSW,28,6-7,226,UCLA,USA,2002,2,45,73.0,6.7,4.4,1.9,0.5,6.0,15.8,16.3,51.0,13.6
300,Matt Bonner,SAS,28,6-10,240,Florida,USA,2003,2,45,68.0,4.8,2.8,0.5,5.4,6.6,16.6,19.1,52.5,6.6
301,Matt Carroll,CHA,27,6-6,212,Notre Dame,USA,Undrafted,Undrafted,Undrafted,80.0,9.0,2.8,0.9,-2.3,1.7,9.8,15.5,55.4,5.8
302,Matt Harpring,UTA,32,6-7,230,Georgia Tech,USA,1998,1,15,76.0,8.2,3.2,1.1,1.9,7.3,11.2,21.1,55.1,9.9
303,Maurice Ager,NJN,24,6-5,202,Michigan State,USA,2006,1,28,26.0,2.0,0.5,0.3,-9.7,2.4,5.5,20.7,36.3,8.5
304,Maurice Evans,ORL,29,6-5,220,Texas,USA,Undrafted,Undrafted,Undrafted,75.0,8.9,2.9,1.1,4.2,5.8,7.4,16.2,57.1,7.2
305,Mehmet Okur,UTA,29,6-11,263,None,Turkey,2001,2,37,72.0,14.5,7.7,2.0,7.8,6.3,19.0,19.7,55.6,8.9
306,Melvin Ely,NOH,30,6-10,261,Fresno State,USA,2002,1,12,52.0,3.9,2.8,0.4,8.5,4.9,18.1,18.8,49.1,5.5
307,Metta World Peace,SAC,28,6-7,248,St. John's,USA,1999,1,16,57.0,20.5,5.8,3.5,1.8,4.9,10.7,25.2,53.5,15.7
308,Michael Doleac,MIN,31,6-11,262,Utah,USA,1998,1,12,24.0,2.4,2.0,0.3,-4.1,5.8,13.3,12.8,44.6,4.1
309,Michael Finley,SAS,35,6-7,225,Wisconsin,USA,1995,1,21,82.0,10.1,3.1,1.4,4.8,1.3,10.8,18.2,51.9,8.4
310,Michael Redd,MIL,28,6-6,215,Ohio State,USA,2000,2,43,72.0,22.7,4.3,3.4,-6.9,3.2,8.9,26.5,55.9,16.0
311,Michael Ruffin,MIL,31,6-8,248,Tulsa,USA,1999,2,32,46.0,2.0,4.0,0.5,-1.7,13.5,17.1,7.7,50.7,5.5
312,Mickael Gelabale,SEA,25,6-7,215,None,France,2005,2,48,39.0,4.3,1.5,0.8,-3.0,3.3,8.5,17.4,50.9,11.3
313,Mickael Pietrus,GSW,26,6-6,215,None,France,2003,1,11,66.0,7.2,3.7,0.7,1.8,4.7,13.6,15.2,54.9,5.1
314,Mike Bibby,ATL,30,6-1,190,Arizona,USA,1998,1,2,48.0,13.9,3.3,6.0,-0.9,1.1,9.3,21.4,51.5,28.1
315,Mike Conley,MEM,20,6-1,180,Ohio State,USA,2007,1,4,53.0,9.4,2.6,4.2,-10.6,1.5,8.9,18.6,50.2,24.7
316,Mike Dunleavy,IND,27,6-9,230,Duke,USA,2002,1,3,82.0,19.1,5.2,3.5,0.9,1.9,12.1,21.4,60.5,15.8
317,Mike Harris,HOU,25,6-6,240,Rice,USA,Undrafted,Undrafted,Undrafted,17.0,3.6,3.2,0.2,4.2,14.7,17.6,18.9,51.9,3.3
318,Mike James,NOH,33,6-2,188,Duquesne,USA,Undrafted,Undrafted,Undrafted,54.0,5.0,1.3,1.1,-2.4,1.9,7.9,21.7,43.7,14.2
319,Mike Miller,MEM,28,6-8,218,Florida,USA,2000,1,5,70.0,16.4,6.7,3.4,-5.2,2.2,16.9,19.4,62.5,15.5
320,Mike Wilks,SEA,29,5-10,180,Rice,USA,Undrafted,Undrafted,Undrafted,15.0,2.7,1.3,0.9,-1.6,2.8,7.9,11.3,54.3,12.1
321,Mikki Moore,SAC,32,7-0,225,Nebraska,USA,Undrafted,Undrafted,Undrafted,82.0,8.5,6.0,1.0,-1.7,7.3,14.6,12.6,61.3,5.3
322,Mo Williams,MIL,25,6-1,185,Alabama,USA,2003,2,47,66.0,17.2,3.5,6.3,-7.2,1.6,8.6,22.2,56.6,29.9
323,Monta Ellis,GSW,22,6-3,177,None,USA,2005,2,40,81.0,20.2,5.0,3.9,3.0,4.1,8.7,21.6,58.0,15.4
324,Morris Almond,UTA,23,6-6,225,Rice,USA,2007,1,25,9.0,1.4,0.2,0.3,-16.9,0.0,6.3,20.8,36.8,13.0
325,Morris Peterson,NOH,30,6-7,220,Michigan State,USA,2000,1,21,76.0,8.0,2.7,0.9,6.1,2.1,10.4,15.0,54.9,5.2
326,Mouhamed Sene,SEA,22,6-11,230,None,Senegal,2006,1,10,13.0,2.3,1.2,0.1,-6.8,10.4,15.0,21.3,47.6,2.8
327,Nate Robinson,NYK,24,5-9,180,Washington,USA,2005,1,21,72.0,12.7,3.1,2.9,-4.4,2.7,9.8,22.6,52.6,18.9
328,Nazr Mohammed,CHA,30,6-10,250,Kentucky,USA,1998,1,29,82.0,7.8,6.0,0.9,-6.4,11.8,18.2,19.0,53.3,7.4
329,Nenad Krstic,NJN,24,7-0,240,None,Serbia,2002,1,24,45.0,6.6,4.4,0.6,-4.4,4.4,20.2,21.2,45.1,5.6
330,Nene,DEN,25,6-11,250,None,Brazil,2002,1,7,16.0,5.3,5.4,0.9,0.5,10.1,18.9,17.6,45.9,9.3
331,Nick Collison,SEA,27,6-10,255,Kansas,USA,2003,1,12,78.0,9.8,9.4,1.4,-7.1,11.0,20.8,15.9,53.7,7.7
332,Nick Fazekas,LAC,23,6-11,235,Nevada-Reno,USA,2007,2,34,26.0,4.1,3.4,0.4,5.1,12.6,19.4,17.5,58.4,7.4
333,Nick Young,WAS,23,6-6,200,Southern California,USA,2007,1,16,75.0,7.5,1.5,0.8,-7.9,2.0,8.2,24.2,52.7,10.1
334,Oleksiy Pecherov,WAS,22,7-0,234,None,Ukraine,2006,1,18,35.0,3.6,1.9,0.2,-11.8,6.5,15.0,22.3,45.1,3.8
335,Orien Greene,SAC,26,6-4,208,Louisiana-Lafayette,USA,2005,2,53,7.0,0.9,0.9,0.4,-13.2,0.0,9.8,13.2,27.3,8.3
336,Othella Harrington,CHA,34,6-9,235,Georgetown,USA,1996,2,30,22.0,2.1,1.9,0.2,7.7,6.9,18.5,16.2,46.9,3.7
337,P.J. Brown,BOS,38,6-11,239,Louisiana Tech,USA,1992,2,29,18.0,2.2,3.8,0.6,-1.0,13.2,18.2,12.2,40.6,7.8
338,Pat Garrity,ORL,31,6-9,238,Notre Dame,USA,1998,1,19,31.0,2.1,1.4,0.4,-0.3,3.1,10.8,15.7,40.1,8.0
339,Patrick O'Bryant,GSW,22,7-0,250,Bradley,USA,2006,1,9,24.0,1.5,1.2,0.2,-12.9,9.6,18.3,15.2,56.1,5.6
340,Pau Gasol,LAL,27,7-0,250,None,Spain,2001,1,3,66.0,18.9,8.4,3.2,4.6,7.1,16.5,22.3,59.4,14.8
341,Paul Davis,LAC,23,6-11,270,Michigan State,USA,2006,2,34,22.0,2.5,2.1,0.5,-19.6,11.2,11.7,17.5,38.9,10.3
342,Paul Millsap,UTA,23,6-8,258,Louisiana Tech,USA,2006,2,47,82.0,8.1,5.6,1.0,7.0,10.3,18.1,17.7,54.8,7.4
343,Paul Pierce,BOS,30,6-7,235,Kansas,USA,1998,1,10,80.0,19.6,5.1,4.5,14.1,2.1,12.6,24.5,59.9,21.0
344,Peja Stojakovic,NOH,31,6-10,229,None,Serbia,1996,1,14,77.0,16.4,4.3,1.2,8.5,2.4,10.5,19.1,58.1,5.3
345,Primoz Brezec,TOR,28,7-1,255,None,Slovenia,2000,1,27,50.0,2.2,1.6,0.2,-6.2,6.4,11.6,12.6,50.2,3.6
346,Quentin Richardson,NYK,28,6-6,235,DePaul,USA,2000,1,18,65.0,8.1,4.8,1.8,-8.0,3.0,14.6,16.1,44.4,9.9
347,Quincy Douby,SAC,24,6-3,175,Rutgers,USA,2006,1,19,74.0,4.8,1.1,0.7,-8.7,1.9,7.7,20.2,49.5,10.5
348,Quinton Ross,LAC,27,6-6,193,Southern Methodist,USA,Undrafted,Undrafted,Undrafted,76.0,4.1,2.3,1.2,-9.3,3.7,8.1,11.8,43.0,9.4
349,Raef LaFrentz,POR,32,6-11,245,Kansas,USA,1998,1,3,39.0,1.7,1.7,0.2,-4.2,9.6,12.8,11.9,46.9,3.3
350,Rafer Alston,HOU,31,6-2,175,Fresno State,USA,1998,2,39,74.0,13.1,3.5,5.3,6.4,1.1,8.9,20.2,49.2,24.6
351,Raja Bell,PHX,31,6-5,215,Florida International,U.S. Virgin Islands,Undrafted,Undrafted,Undrafted,75.0,11.9,3.7,2.2,7.0,2.0,7.9,14.3,56.1,8.5
352,Rajon Rondo,BOS,22,6-1,171,Kentucky,USA,2006,1,21,77.0,10.6,4.2,5.1,13.7,3.9,10.5,18.6,51.5,26.3
353,Ramon Sessions,MIL,22,6-3,190,Nevada-Reno,USA,2007,2,56,17.0,8.1,3.4,7.5,-5.0,1.8,11.8,16.3,50.7,40.7
354,Randolph Morris,NYK,22,6-11,260,Kentucky,USA,Undrafted,Undrafted,Undrafted,18.0,3.1,2.1,0.1,-30.8,6.0,15.2,19.3,39.6,1.9
355,Randy Foye,MIN,24,6-4,213,Villanova,USA,2006,1,7,39.0,13.1,3.3,4.2,-5.8,1.1,9.9,20.3,52.0,20.2
356,Rashad McCants,MIN,23,6-4,210,North Carolina,USA,2005,1,14,75.0,14.9,2.7,2.2,-3.0,2.5,8.2,26.0,55.0,13.8
357,Rashard Lewis,ORL,28,6-10,230,None,USA,1998,2,32,81.0,18.2,5.4,2.4,6.6,3.4,10.9,20.3,59.1,10.4
358,Rasheed Wallace,DET,33,6-11,230,North Carolina,USA,1995,1,4,77.0,12.7,6.6,1.8,10.8,3.9,19.6,20.8,52.3,9.5
359,Rasho Nesterovic,TOR,32,7-0,255,None,Slovenia,1998,1,17,71.0,7.8,4.8,1.2,2.8,9.1,15.0,17.1,56.5,8.6
360,Rasual Butler,NOH,29,6-7,205,La Salle,USA,2002,2,52,51.0,4.9,2.0,0.7,2.5,1.8,9.6,14.7,46.0,6.4
361,Ray Allen,BOS,32,6-5,205,Connecticut,USA,1996,1,5,73.0,17.4,3.7,3.1,12.4,3.2,7.4,21.2,58.4,13.9
362,Raymond Felton,CHA,24,6-1,198,North Carolina,USA,2005,1,5,79.0,14.4,3.0,7.4,-3.7,1.3,6.9,20.4,50.0,31.8
363,Reggie Evans,PHI,28,6-8,245,Iowa,USA,Undrafted,Undrafted,Undrafted,81.0,5.2,7.5,0.8,-1.5,11.9,22.8,13.6,46.3,5.1
364,Renaldo Balkman,NYK,23,6-8,208,South Carolina,USA,2006,1,20,65.0,3.4,3.3,0.6,-3.8,8.4,14.4,12.3,49.2,6.6
365,Richard Hamilton,DET,30,6-7,193,Connecticut,USA,1999,1,7,72.0,17.3,3.3,4.2,8.2,3.3,7.0,24.2,55.2,21.5
366,Richard Jefferson,NJN,28,6-7,225,Arizona,USA,2001,1,13,82.0,22.6,4.2,3.1,-5.1,3.0,8.2,25.7,57.1,14.6
367,Richie Frahm,LAC,30,6-5,202,Gonzaga,USA,Undrafted,Undrafted,Undrafted,10.0,4.7,1.4,0.8,1.3,2.4,6.1,16.9,42.8,8.4
368,Ricky Davis,MIA,28,6-7,205,Iowa,USA,1998,1,21,82.0,13.8,4.3,3.4,-10.5,1.9,10.8,19.6,53.4,16.7
369,Robert Horry,SAS,37,6-10,240,Alabama,USA,1992,1,11,45.0,2.5,2.4,1.0,0.3,5.9,13.8,12.2,42.6,13.2
370,Robert Swift,SEA,22,7-1,245,None,USA,2004,1,12,8.0,1.8,2.3,0.1,-19.3,6.9,13.0,12.1,39.1,1.4
371,Rodney Carney,PHI,24,6-7,204,Memphis,USA,2006,1,16,70.0,5.8,2.1,0.5,1.9,4.6,10.3,19.1,47.8,5.0
372,Rodney Stuckey,DET,22,6-5,205,Eastern Washington,USA,2007,1,15,57.0,7.6,2.3,2.8,3.7,3.1,9.4,22.5,48.4,25.8
373,Roger Mason Jr.,WAS,27,6-5,212,Virginia,USA,2002,2,30,80.0,9.1,1.6,1.7,-1.4,1.0,7.0,18.6,57.3,13.3
374,Ronald Dupree,SEA,27,6-7,209,Louisiana State,USA,Undrafted,Undrafted,Undrafted,5.0,0.8,1.6,0.2,15.4,6.3,29.2,9.3,51.5,10.0
375,Ronnie Brewer,UTA,23,6-7,223,Arkansas,USA,2006,1,14,76.0,12.0,2.9,1.8,6.7,5.2,6.3,17.1,61.2,9.2
376,Ronnie Price,UTA,25,6-2,190,Utah Valley,USA,Undrafted,Undrafted,Undrafted,61.0,3.7,0.8,1.3,14.9,1.4,6.8,18.8,51.6,20.2
377,Ronny Turiaf,LAL,25,6-10,250,Gonzaga,France,2005,2,37,78.0,6.6,3.9,1.6,5.1,6.7,13.8,16.4,53.9,13.0
378,Royal Ivey,MIL,26,6-4,215,Texas-Austin,USA,2004,2,37,75.0,5.6,1.6,2.1,-8.6,2.7,6.3,15.7,48.7,17.6
379,Ruben Patterson,LAC,32,6-5,223,Cincinnati,USA,1998,2,31,20.0,5.1,3.2,0.9,-3.6,7.4,11.4,17.5,48.6,8.7
380,Rudy Gay,MEM,21,6-8,222,Connecticut,USA,2006,1,8,81.0,20.1,6.2,2.0,-8.0,4.7,12.5,24.8,54.6,9.3
381,Ryan Bowen,NOH,32,6-9,218,Iowa,USA,1998,2,55,53.0,2.2,1.9,0.5,3.0,8.6,7.4,9.0,50.5,5.6
382,Ryan Gomes,MIN,25,6-7,250,Providence,USA,2005,2,50,82.0,12.6,5.8,1.8,-5.5,5.5,15.2,19.1,53.9,9.4
383,Ryan Hollins,CHA,23,7-0,230,UCLA,USA,2006,2,50,60.0,2.5,1.8,0.2,-3.5,10.0,10.3,12.6,56.5,4.0
384,Salim Stoudamire,ATL,25,6-1,175,Arizona,USA,2005,2,31,35.0,5.7,0.7,0.8,-4.5,1.0,5.0,23.3,49.5,12.3
385,Sam Cassell,BOS,38,6-3,185,Florida State,USA,1993,1,24,55.0,11.2,2.5,3.9,-3.4,1.4,9.4,24.6,51.7,29.8
386,Samuel Dalembert,PHI,28,6-11,250,Seton Hall,Haiti,2001,1,26,82.0,10.5,10.4,0.5,0.5,11.6,21.5,15.5,55.6,2.6
387,Sasha Pavlovic,CLE,24,6-7,239,None,Montenegro,2003,1,19,51.0,7.4,2.5,1.6,-3.0,2.9,7.9,18.4,43.4,11.1
388,Sasha Vujacic,LAL,24,6-7,205,None,Slovenia,2004,1,27,72.0,8.8,2.1,1.0,4.8,1.5,10.4,19.4,60.5,8.7
389,Scot Pollard,BOS,33,6-11,278,Kansas,USA,1997,1,19,22.0,1.8,1.7,0.1,4.1,9.1,13.1,10.0,59.7,2.7
390,Sean Marks,PHX,32,6-10,250,California,New Zealand,1998,2,44,19.0,3.1,1.9,0.2,-26.6,6.6,16.4,20.7,57.4,6.3
391,Sean Williams,NJN,21,6-10,235,Boston College,USA,2007,1,17,73.0,5.6,4.4,0.4,-7.2,9.1,17.1,14.9,56.3,3.7
392,Sebastian Telfair,MIN,23,6-0,175,None,USA,2004,1,13,60.0,9.3,2.3,5.9,-10.3,0.8,6.6,16.5,46.2,28.2
393,Sergio Rodriguez,POR,22,6-3,168,None,Spain,2006,1,27,72.0,2.5,0.8,1.7,-8.2,2.1,7.2,19.5,42.3,35.0
394,Shane Battier,HOU,29,6-8,220,Duke,USA,2001,1,6,80.0,9.3,5.1,1.9,6.2,4.5,9.2,11.4,56.1,7.9
395,Shannon Brown,CHI,22,6-4,211,Michigan State,USA,2006,1,25,21.0,5.4,1.0,0.8,-16.8,2.3,6.5,30.2,41.1,16.0
396,Shaquille O'Neal,PHX,36,7-1,325,Louisiana State,USA,1992,1,1,61.0,13.6,9.1,1.5,1.1,10.7,22.6,23.2,58.9,8.8
397,Shareef Abdur-Rahim,SAC,31,6-9,245,California,USA,1996,1,3,6.0,1.7,1.7,0.7,-2.0,12.2,10.8,15.3,31.7,12.9
398,Shavlik Randolph,PHI,24,6-10,240,Duke,USA,Undrafted,Undrafted,Undrafted,9.0,0.9,1.2,0.3,25.0,29.0,7.4,22.9,28.6,13.0
399,Shawn Marion,MIA,30,6-7,230,UNLV,USA,1999,1,9,63.0,15.4,10.2,2.2,4.5,6.2,21.2,18.0,57.0,8.7
400,Shawne Williams,IND,22,6-9,225,Memphis,USA,2006,1,17,65.0,6.7,2.7,0.9,-0.7,5.2,12.2,20.6,52.2,9.9
401,Shelden Williams,SAC,24,6-9,250,Duke,USA,2006,1,5,64.0,4.0,3.2,0.3,-1.9,8.9,17.4,16.4,49.4,4.1
402,Smush Parker,LAC,27,6-4,190,Fordham,USA,Undrafted,Undrafted,Undrafted,28.0,5.9,1.8,3.0,-7.3,0.7,7.8,18.5,42.0,24.9
403,Solomon Jones,ATL,23,6-10,230,South Florida,USA,2006,2,33,35.0,1.0,1.2,0.0,-15.2,10.7,15.4,13.5,45.1,0.0
404,Spencer Hawes,SAC,20,7-0,245,Washington,USA,2007,1,10,71.0,4.7,3.2,0.6,-5.0,7.6,17.7,18.7,48.6,7.6
405,Stephane Lasme,MIA,25,6-8,215,Massachusetts,Gabon,2007,2,46,16.0,5.2,3.3,0.2,-5.9,9.0,8.7,16.2,48.8,2.0
406,Stephen Graham,IND,26,6-6,215,Oklahoma State,USA,Undrafted,Undrafted,Undrafted,22.0,4.0,1.0,0.4,3.6,2.7,13.7,23.4,66.9,12.7
407,Stephen Jackson,GSW,30,6-8,218,Butler C.C. (KS),USA,1997,2,42,73.0,20.1,4.4,4.1,3.0,2.2,8.6,22.7,53.6,15.1
408,Stephon Marbury,NYK,31,6-2,205,Georgia Tech,USA,1996,1,4,24.0,13.9,2.5,4.7,-10.1,2.0,5.4,19.8,52.7,24.4
409,Steve Blake,POR,28,6-3,172,Maryland,USA,2003,2,38,81.0,8.5,2.4,5.1,1.7,1.4,7.1,15.0,51.8,26.1
410,Steve Francis,HOU,31,6-3,210,Maryland,USA,1999,1,2,10.0,5.5,2.3,3.0,-1.8,3.9,7.8,18.1,41.0,23.3
411,Steve Nash,PHX,34,6-3,178,Santa Clara,Canada,1996,1,15,81.0,16.9,3.5,11.1,9.4,1.2,8.6,21.3,64.1,44.7
412,Steve Novak,HOU,25,6-10,220,Marquette,USA,2006,2,32,35.0,3.9,1.0,0.2,-5.8,1.5,12.1,18.2,65.1,4.3
413,Steven Hunter,DEN,26,7-0,240,DePaul,USA,2001,1,15,19.0,2.1,1.5,0.0,-9.4,7.6,11.6,14.9,53.0,0.0
414,Stromile Swift,NJN,28,6-10,220,Louisiana State,USA,2000,1,2,56.0,6.1,3.6,0.5,-4.6,7.8,15.7,19.3,54.8,5.3
415,T.J. Ford,TOR,25,6-0,165,Texas-Austin,USA,2003,1,8,51.0,12.1,2.0,6.1,0.6,2.0,6.6,25.6,53.3,43.4
416,Tarence Kinsey,MEM,24,6-6,179,South Carolina,USA,Undrafted,Undrafted,Undrafted,11.0,3.6,1.1,0.2,4.6,3.2,8.3,19.3,49.2,3.8
417,Taurean Green,DEN,21,6-0,177,Florida,USA,2007,2,52,17.0,1.6,0.6,0.6,5.9,0.0,13.3,22.5,44.6,20.8
418,Tayshaun Prince,DET,28,6-9,215,Kentucky,USA,2002,1,23,82.0,13.2,4.9,3.3,10.0,4.3,11.5,19.9,51.6,16.5
419,Thabo Sefolosha,CHI,24,6-7,215,None,Switzerland,2006,1,13,69.0,6.7,3.7,1.9,-2.8,3.4,14.8,17.1,49.7,14.6
420,Thaddeus Young,PHI,20,6-8,220,Georgia Tech,USA,2007,1,12,74.0,8.2,4.2,0.8,6.5,8.0,12.6,17.0,57.0,5.6
421,Theo Ratliff,DET,35,6-10,235,Wyoming,USA,1995,1,18,26.0,4.3,3.4,0.5,0.0,7.6,13.9,13.2,53.4,5.0
422,Thomas Gardner,CHI,23,6-5,225,Missouri,USA,Undrafted,Undrafted,Undrafted,4.0,5.3,1.0,0.3,-8.4,5.8,2.2,25.0,44.0,3.8
423,Tim Duncan,SAS,32,6-11,260,Wake Forest,US Virgin Islands,1997,1,1,78.0,19.3,11.3,2.8,8.3,9.8,25.6,28.0,54.6,15.2
424,Tim Thomas,LAC,31,6-10,240,Villanova,USA,1997,1,7,63.0,12.4,5.1,2.7,-5.8,3.3,14.0,20.4,50.5,15.4
425,Tony Allen,BOS,26,6-4,213,Oklahoma State,USA,2004,1,25,75.0,6.6,2.2,1.5,8.8,2.7,9.5,19.1,52.7,14.3
426,Tony Parker,SAS,26,6-2,180,None,France,2001,1,28,69.0,18.8,3.2,6.0,7.7,1.4,8.6,28.1,54.2,32.7
427,Tracy McGrady,HOU,29,6-8,223,None,USA,1997,1,9,66.0,21.6,5.1,5.9,5.5,1.7,11.9,30.0,48.7,29.4
428,Travis Diener,IND,26,6-1,175,Marquette,USA,2005,2,38,66.0,6.9,1.7,3.8,-1.6,1.8,6.6,16.3,49.4,28.2
429,Travis Outlaw,POR,23,6-9,215,None,USA,2003,1,23,82.0,13.3,4.6,1.3,-2.0,4.6,13.0,25.6,49.9,9.2
430,Trenton Hassell,NJN,29,6-5,233,Austin Peay,USA,2001,2,29,63.0,2.0,1.3,0.7,-8.1,2.6,8.5,9.7,44.1,8.7
431,Trevor Ariza,LAL,23,6-8,210,UCLA,USA,2004,2,43,35.0,5.5,3.1,1.3,1.6,5.6,13.3,15.0,56.8,12.5
432,Troy Hudson,GSW,32,6-1,178,Southern Illinois,USA,Undrafted,Undrafted,Undrafted,9.0,3.1,0.8,1.0,-7.1,0.0,7.7,17.5,41.6,14.8
433,Troy Murphy,IND,28,6-11,245,Notre Dame,USA,2001,1,14,75.0,12.2,7.2,2.2,-1.0,5.0,20.7,18.4,57.3,12.2
434,Tyronn Lue,DAL,31,6-0,175,Nebraska,USA,1998,1,23,50.0,5.8,1.1,1.5,-1.0,1.3,6.6,18.3,54.3,17.7
435,Tyrus Thomas,CHI,21,6-8,215,Louisiana State,USA,2006,1,4,74.0,6.8,4.6,1.2,-0.7,7.6,18.8,19.5,48.6,11.0
436,Tyson Chandler,NOH,25,7-1,235,None,USA,2001,1,2,79.0,11.8,11.7,1.0,7.9,11.9,23.2,14.2,63.2,4.3
437,Udonis Haslem,MIA,28,6-8,235,Florida,USA,Undrafted,Undrafted,Undrafted,49.0,12.0,9.0,1.4,-9.3,6.3,20.0,16.1,51.7,6.2
438,Viktor Khryapa,CHI,25,6-9,218,None,Russia,2004,1,22,9.0,3.6,2.2,0.9,5.0,5.4,13.9,17.7,43.1,13.8
439,Vince Carter,NJN,31,6-6,220,North Carolina,USA,1998,1,5,76.0,21.3,6.0,5.1,-2.1,3.9,11.8,25.0,55.0,24.2
440,Vladimir Radmanovic,LAL,27,6-10,235,None,Serbia,2001,1,12,65.0,8.4,3.3,1.9,11.3,4.1,10.6,15.7,58.3,11.4
441,Von Wafer,POR,22,6-5,210,Florida State,USA,2005,2,39,29.0,1.6,0.7,0.2,-1.0,0.7,10.5,22.1,34.7,7.9
442,Wally Szczerbiak,CLE,31,6-7,245,Miami (Ohio),USA,1999,1,6,75.0,11.5,2.9,1.4,-0.2,1.9,9.9,21.7,53.9,10.1
443,Walter Herrmann,DET,29,6-9,225,None,Argentina,Undrafted,Undrafted,Undrafted,45.0,3.4,1.6,0.4,-2.6,5.7,13.3,19.4,49.4,8.5
444,Willie Green,PHI,26,6-3,201,Detroit,USA,2003,2,41,74.0,12.4,2.5,2.0,-0.2,1.7,8.2,23.5,49.2,12.4
445,Wilson Chandler,NYK,21,6-8,220,DePaul,USA,2007,1,23,35.0,7.3,3.6,0.9,-5.4,5.0,13.3,18.3,48.0,7.4
446,Yakhouba Diawara,DEN,25,6-7,225,Pepperdine,USA,Undrafted,Undrafted,Undrafted,54.0,2.8,1.1,0.7,0.9,4.0,6.4,12.7,51.8,9.8
447,Yao Ming,HOU,27,7-6,310,None,China,2002,1,1,55.0,22.0,10.8,2.3,4.8,8.6,20.4,26.6,58.7,11.6
448,Yi Jianlian,MIL,20,7-0,238,None,China,2007,1,6,66.0,8.6,5.2,0.8,-7.7,6.5,15.8,18.6,48.5,5.6
449,Zach Randolph,NYK,26,6-9,260,Michigan State,USA,2001,1,19,69.0,17.6,10.3,2.0,-6.3,8.0,24.8,27.0,51.3,11.8
450,Zaza Pachulia,ATL,24,6-11,280,None,Georgia,2003,2,42,62.0,5.2,4.0,0.6,-1.6,10.3,17.8,18.4,51.5,6.1
451,Zydrunas Ilgauskas,CLE,33,7-3,260,None,Lithuania,1996,1,20,73.0,14.1,9.3,1.4,0.9,11.8,19.4,22.5,52.2,8.2
