,Player,Team,Age,Height,Weight,COLLEGE,COUNTRY,DRAFT YEAR,DRAFT ROUND,DRAFT NUMBER,GP,PTS,REB,AST,NETRTG,OREB%,DREB%,USG%,TS%,AST%
0,,,,,,,,,,,,,,,,,,,,
1,Aaron Brooks,MIN,33,6-0,161,Oregon,USA,2007,1,26,32.0,2.3,0.5,0.6,-17.2,3.6,5.7,19.2,50.8,16.1
2,Aaron Gordon,ORL,22,6-9,220,Arizona,USA,2014,1,4,58.0,17.6,7.9,2.3,-2.0,4.4,19.1,23.8,53.0,11.1
3,Aaron Harrison,DAL,23,6-6,210,Kentucky,USA,Undrafted,Undrafted,Undrafted,9.0,6.7,2.7,1.2,-14.1,1.5,9.1,14.7,39.2,7.2
4,Aaron Jackson,HOU,32,6-3,183,Duquesne,USA,Undrafted,Undrafted,Undrafted,1.0,8.0,3.0,1.0,-19.8,5.6,3.1,14.9,40.5,5.3
5,Abdel Nader,BOS,24,6-6,230,Iowa State,Egypt,2016,2,58,48.0,3.0,1.5,0.5,-10.3,2.4,11.1,16.2,43.9,7.8
6,Adreian Payne,ORL,27,6-10,237,Michigan State,USA,2014,1,15,5.0,4.2,1.8,0.0,-12.4,4.4,22.6,15.5,83.1,0.0
7,Al Horford,BOS,32,6-10,245,Florida,Dominican Republic,2007,1,3,72.0,12.9,7.4,4.7,7.3,4.7,17.8,18.3,57.5,22.5
8,Al Jefferson,IND,33,6-10,280,None,USA,2004,1,15,36.0,7.0,4.0,0.8,-1.8,6.1,22.7,21.8,56.3,9.8
9,Al-Farouq Aminu,POR,27,6-9,220,Wake Forest,USA,2010,1,8,69.0,9.3,7.6,1.2,5.2,4.5,19.8,14.5,52.2,5.6
10,Alan Williams,PHX,25,6-8,265,California-Santa Barbara,USA,Undrafted,Undrafted,Undrafted,5.0,4.0,4.4,1.6,0.1,3.9,26.0,18.4,45.5,19.5
11,Alec Burks,UTA,26,6-6,214,Colorado,USA,2011,1,12,64.0,7.7,3.0,1.0,-1.0,1.9,16.8,22.1,52.7,10.4
12,Alec Peters,PHX,23,6-9,235,Valparaiso,USA,2017,2,54,20.0,4.1,1.9,0.6,7.3,3.2,12.0,15.1,52.3,7.3
13,Alex Abrines,OKC,24,6-6,190,None,Spain,2013,2,32,75.0,4.7,1.5,0.4,1.2,2.1,7.9,12.6,56.7,3.6
14,Alex Caruso,LAL,24,6-5,186,Texas A&M,USA,Undrafted,Undrafted,Undrafted,37.0,3.6,1.8,2.0,-0.3,2.6,8.6,12.8,51.9,18.5
15,Alex Len,PHX,25,7-1,250,Maryland,Ukraine,2013,1,5,69.0,8.5,7.5,1.2,-8.6,11.6,22.8,16.4,61.2,9.3
16,Alex Poythress,IND,24,6-9,235,Kentucky,USA,Undrafted,Undrafted,Undrafted,25.0,1.0,0.7,0.1,-13.0,6.1,10.2,11.2,50.0,2.6
17,Alfonzo McKinnie,TOR,25,6-8,215,Wisconsin-Green Bay,USA,Undrafted,Undrafted,Undrafted,14.0,1.5,0.5,0.1,-12.3,2.2,9.8,15.8,64.3,2.7
18,Allen Crabbe,BKN,26,6-6,215,California,USA,2013,2,31,75.0,13.2,4.3,1.6,-1.9,1.2,13.0,18.3,55.8,8.2
19,Amir Johnson,PHI,31,6-9,240,No College,USA,2005,2,56,74.0,4.6,4.5,1.6,1.5,10.2,16.9,12.5,57.5,13.7
20,Andre Drummond,DET,24,6-11,279,Connecticut,USA,2012,1,9,78.0,15.0,16.0,3.0,-1.0,14.5,32.9,20.7,55.5,14.0
21,Andre Iguodala,GSW,34,6-6,215,Arizona,USA,2004,1,9,64.0,6.0,3.8,3.3,7.9,3.3,10.9,11.2,53.6,16.9
22,Andre Ingram,LAL,32,6-3,190,American,USA,Undrafted,Undrafted,Undrafted,2.0,12.0,3.0,3.5,14.1,1.6,7.2,13.6,65.5,14.9
23,Andre Roberson,OKC,26,6-7,210,Colorado,USA,2013,1,26,39.0,5.0,4.7,1.2,9.4,6.8,10.9,8.5,54.3,5.9
24,Andrew Bogut,LAL,33,7-0,260,Utah,Australia,2005,1,1,24.0,1.5,3.3,0.6,-5.1,10.4,22.3,8.5,69.6,9.9
25,Andrew Harrison,MEM,23,6-6,213,Kentucky,USA,2015,2,44,56.0,9.5,2.3,3.2,-7.3,1.7,8.5,19.5,53.4,22.2
26,Andrew White III,ATL,25,6-7,210,Syracuse,USA,2017,,,15.0,4.6,2.3,0.4,-18.6,1.6,13.3,16.0,46.1,5.0
27,Andrew Wiggins,MIN,23,6-8,202,Kansas,Canada,2014,1,1,82.0,17.7,4.4,2.0,3.5,2.8,9.4,22.8,50.5,8.0
28,Ante Zizic,CLE,21,6-11,250,None,Croatia,2016,1,23,32.0,3.7,1.9,0.2,-9.1,11.2,17.9,17.1,74.6,3.9
29,Anthony Brown,MIN,25,6-7,224,Stanford,USA,2015,2,34,1.0,3.0,0.0,1.0,30.0,0.0,0.0,10.0,150.0,33.3
30,Anthony Davis,NOP,25,6-10,253,Kentucky,USA,2012,1,1,75.0,28.1,11.1,2.3,5.0,7.0,21.3,29.1,61.2,10.4
31,Anthony Tolliver,DET,33,6-8,240,Creighton,USA,Undrafted,Undrafted,Undrafted,79.0,8.9,3.1,1.1,0.9,2.7,10.9,14.4,66.3,7.6
32,Antonio Blakeney,CHI,21,6-4,197,Louisiana State,USA,Undrafted,Undrafted,Undrafted,19.0,7.9,1.7,1.1,-1.3,1.1,8.9,22.7,47.1,9.6
33,Antonius Cleveland,ATL,24,6-6,195,S.E. Missouri,USA,Undrafted,Undrafted,Undrafted,17.0,1.4,0.8,0.1,-13.9,2.2,8.5,10.7,48.6,2.5
34,Aron Baynes,BOS,31,6-10,260,Washington State,Australia,Undrafted,Undrafted,Undrafted,81.0,6.0,5.4,1.1,6.5,8.6,19.6,16.6,50.2,9.5
35,Arron Afflalo,ORL,32,6-5,210,UCLA,USA,2007,1,27,53.0,3.4,1.2,0.6,-6.8,0.6,8.2,12.7,51.6,6.6
36,Austin Rivers,LAC,25,6-4,200,Duke,USA,2012,1,10,61.0,15.1,2.4,4.0,-1.7,1.3,5.8,20.6,52.6,17.9
37,Avery Bradley,LAC,27,6-2,180,Texas-Austin,USA,2010,1,19,46.0,14.3,2.5,2.0,-4.2,1.4,6.8,22.9,49.6,10.5
38,Bam Adebayo,MIA,20,6-10,255,Kentucky,USA,2017,1,14,69.0,6.9,5.5,1.5,-0.6,8.6,19.4,15.7,57.0,11.5
39,Ben McLemore,MEM,25,6-5,195,Kansas,USA,2013,1,7,56.0,7.5,2.5,0.9,-13.5,3.0,10.1,18.2,52.6,7.8
40,Ben Moore,IND,23,6-8,220,Southern Methodist,USA,Undrafted,Undrafted,Undrafted,2.0,0.0,0.5,0.5,-79.8,0.0,16.7,0.0,0.0,11.1
41,Ben Simmons,PHI,21,6-10,230,Louisiana State,Australia,2016,1,1,81.0,15.8,8.1,8.2,6.6,5.3,17.1,21.9,55.7,36.2
42,Bismack Biyombo,ORL,25,6-9,255,None,DRC,2011,1,7,82.0,5.7,5.7,0.8,-13.6,9.1,20.9,14.6,55.6,7.0
43,Blake Griffin,DET,29,6-10,251,Oklahoma,USA,2009,1,1,58.0,21.4,7.4,5.8,1.9,3.6,17.5,28.5,54.4,28.6
44,Boban Marjanovic,LAC,29,7-3,290,None,Serbia,Undrafted,Undrafted,Undrafted,39.0,6.0,3.7,0.6,6.3,15.1,27.4,27.6,61.6,10.0
45,Bobby Brown,HOU,33,6-2,175,Cal State-Fullerton,USA,Undrafted,Undrafted,Undrafted,20.0,2.5,0.4,0.6,-24.5,0.0,6.1,25.2,42.5,19.0
46,Bobby Portis,CHI,23,6-11,248,Arkansas,USA,2015,1,22,73.0,13.2,6.8,1.7,-2.1,8.9,20.7,25.0,54.8,12.6
47,Bogdan Bogdanovic,SAC,25,6-6,205,None,Serbia,2014,1,27,78.0,11.8,2.9,3.3,-8.6,1.4,9.4,19.2,55.6,18.3
48,Bojan Bogdanovic,IND,29,6-8,230,None,Croatia,2011,2,31,80.0,14.3,3.4,1.5,1.5,1.2,9.7,18.5,60.5,7.1
49,Bradley Beal,WAS,25,6-5,207,Florida,USA,2012,1,3,82.0,22.6,4.4,4.5,2.4,2.1,10.1,26.8,56.4,20.6
50,Brandan Wright,HOU,30,6-10,235,North Carolina,USA,2007,1,8,28.0,5.0,3.4,0.5,5.3,8.6,16.1,14.0,59.6,5.6
51,Brandon Ingram,LAL,20,6-9,190,Duke,USA,2016,1,2,59.0,16.1,5.3,3.9,-2.7,2.7,12.1,21.8,53.6,17.7
52,Brandon Jennings,MIL,28,6-1,170,None,USA,2009,1,10,14.0,5.2,2.2,3.1,-13.1,2.2,13.1,19.1,47.8,33.1
53,Brandon Paul,SAS,27,6-4,200,Illinois,USA,Undrafted,Undrafted,Undrafted,64.0,2.3,1.1,0.6,0.3,1.1,10.9,13.1,50.4,9.6
54,Briante Weber,MEM,25,6-2,165,Va Commonwealth,USA,Undrafted,Undrafted,Undrafted,18.0,2.8,1.9,1.2,-21.6,3.0,13.0,11.1,52.7,13.9
55,Brice Johnson,MEM,24,6-10,230,North Carolina,USA,2016,1,25,18.0,2.4,1.7,0.1,-2.3,8.0,22.7,19.3,48.6,3.0
56,Brook Lopez,LAL,30,7-0,268,Stanford,USA,2008,1,10,74.0,13.0,4.0,1.7,-2.3,4.1,12.0,23.0,55.7,11.3
57,Bruno Caboclo,SAC,22,6-9,205,None,Brazil,2014,1,20,12.0,2.2,1.8,0.3,2.4,6.2,14.6,15.2,38.6,5.6
58,Bryn Forbes,SAS,24,6-3,190,Michigan State,USA,Undrafted,Undrafted,Undrafted,80.0,6.9,1.4,1.0,3.5,0.8,6.5,15.9,52.5,7.7
59,Buddy Hield,SAC,25,6-4,214,Oklahoma,Bahamas,2016,1,6,80.0,13.5,3.8,1.9,-4.1,2.7,12.9,23.6,55.7,12.7
60,C.J. Williams,LAC,28,6-5,230,North Carolina State,USA,2012,0,0,38.0,5.5,1.5,1.1,-1.2,1.7,5.8,13.4,51.2,8.6
61,CJ McCollum,POR,26,6-3,190,Lehigh,USA,2013,1,10,81.0,21.4,4.0,3.4,1.6,1.7,8.9,25.9,53.6,15.6
62,CJ Miles,TOR,31,6-6,225,No College,USA,2005,2,34,70.0,10.0,2.2,0.8,8.0,1.3,9.7,21.4,54.5,6.1
63,Caleb Swanigan,POR,21,6-8,250,Purdue,USA,2017,1,26,27.0,2.3,2.0,0.5,-3.1,7.5,20.7,18.9,44.9,12.4
64,Cameron Payne,CHI,23,6-3,185,Murray State,USA,2015,1,14,25.0,8.8,2.8,4.5,-7.5,2.7,8.9,18.3,49.8,29.4
65,Caris LeVert,BKN,23,6-7,203,Michigan,USA,2016,1,20,71.0,12.1,3.7,4.2,-6.4,2.6,10.4,21.6,52.5,26.5
66,Carmelo Anthony,OKC,34,6-8,240,Syracuse,USA,2003,1,3,78.0,16.2,5.8,1.3,5.2,2.5,15.8,22.3,50.3,6.1
67,Cedi Osman,CLE,23,6-8,215,None,Turkey,2015,2,31,61.0,3.9,2.0,0.7,3.9,2.8,14.9,15.1,57.7,8.4
68,Chandler Parsons,MEM,29,6-10,230,Florida,USA,2011,2,38,36.0,7.9,2.5,1.9,-6.0,2.1,11.7,18.0,57.8,15.8
69,Channing Frye,LAL,35,6-11,255,Arizona,USA,2005,1,8,53.0,5.0,2.5,0.7,8.2,1.9,16.4,15.1,59.9,7.7
70,Charles Cooke,NOP,23,6-5,196,University of Dayton,USA,Undrafted,Undrafted,Undrafted,13.0,0.5,0.2,0.1,-15.7,0.0,4.9,16.3,20.2,3.8
71,Cheick Diallo,NOP,21,6-9,220,Kansas,Mali,2016,2,33,52.0,4.9,4.1,0.4,-7.4,7.9,26.2,16.8,61.9,4.8
72,Chinanu Onuaku,HOU,21,6-10,245,Louisville,USA,2016,2,37,1.0,4.0,4.0,1.0,-17.6,4.5,13.6,18.2,40.0,10.0
73,Chris Boucher,GSW,25,6-10,200,Oregon,Saint Lucia,Undrafted,Undrafted,Undrafted,1.0,0.0,1.0,0.0,-100.0,0.0,100,33.3,0.0,0.0
74,Chris McCullough,WAS,23,6-9,215,Syracuse,USA,2015,1,29,19.0,2.4,1.3,0.2,-12.2,7.0,18.8,21.9,47.8,8.2
75,Chris Paul,HOU,33,6-0,175,Wake Forest,USA,2005,1,4,58.0,18.6,5.4,7.9,13.2,2.0,15.1,24.1,60.4,38.9
76,Clint Capela,HOU,24,6-10,240,None,Switzerland,2014,1,25,74.0,13.9,10.8,0.9,9.3,11.9,27.8,19.0,65.0,5.5
77,Cody Zeller,CHA,25,7-0,240,Indiana,USA,2013,1,4,33.0,7.1,5.4,0.9,2.1,9.7,18.4,15.2,60.2,7.5
78,Cole Aldrich,MIN,29,6-11,253,Kansas,USA,2010,1,11,21.0,0.6,0.7,0.1,-1.8,5.7,28.6,15.1,34.0,8.1
79,Corey Brewer,OKC,32,6-9,186,Florida,USA,2007,1,7,72.0,5.3,2.1,0.9,-2.3,3.3,8.9,13.6,53.4,7.3
80,Cory Joseph,IND,26,6-3,190,Texas,Canada,2011,1,29,82.0,7.9,3.2,3.2,-1.1,1.7,10.1,14.3,50.3,16.4
81,Courtney Lee,NYK,32,6-5,200,Western Kentucky,USA,2008,1,22,76.0,12.0,2.9,2.4,-5.5,1.3,8.2,16.5,56.4,11.3
82,Cristiano Felicio,CHI,25,6-9,280,None,Brazil,Undrafted,Undrafted,Undrafted,55.0,5.6,4.2,1.0,-16.4,7.6,15.8,13.3,61.4,9.3
83,D'Angelo Russell,BKN,22,6-5,195,Ohio State,USA,2015,1,2,48.0,15.5,3.9,5.2,-7.2,2.3,12.2,29.5,50.9,34.8
84,D.J. Augustin,ORL,30,6-0,183,University of Texas at Austin,USA,2008,1,9,75.0,10.2,2.1,3.8,-3.8,1.6,7.2,18.2,61.5,25.1
85,D.J. Wilson,MIL,22,6-10,236,Michigan,USA,2017,1,17,22.0,1.0,0.5,0.1,-30.7,2.9,15.7,12.7,62.2,7.5
86,Dakari Johnson,OKC,22,7-0,255,Kentucky,USA,2015,2,48,31.0,1.8,1.1,0.3,10.9,9.9,11.1,13.9,57.5,8.3
87,Damian Jones,GSW,23,7-0,245,Vanderbilt,USA,2016,1,30,15.0,1.7,0.9,0.1,0.5,6.0,9.3,14.3,51.7,3.7
88,Damian Lillard,POR,27,6-3,195,Weber State,USA,2012,1,6,73.0,26.9,4.5,6.6,6.1,2.2,9.4,29.5,59.4,30.1
89,Damien Wilkins,IND,38,6-6,217,Georgia,USA,Undrafted,Undrafted,Undrafted,19.0,1.7,0.8,0.5,7.0,3.1,7.2,12.5,40.5,7.5
90,Damion Lee,ATL,25,6-6,210,Drexel,USA,Undrafted,Undrafted,Undrafted,15.0,10.7,4.7,1.9,-3.6,2.4,13.8,18.2,48.9,10.9
91,Damyean Dotson,NYK,24,6-5,210,Houston,USA,2017,2,44,44.0,4.1,1.9,0.7,-2.8,1.8,14.2,16.9,53.2,9.8
92,Daniel Hamilton,OKC,22,6-7,195,UCONN,USA,2016,2,56,6.0,2.0,0.8,1.3,-22.8,0.0,16.7,20.0,54.5,61.5
93,Daniel Theis,BOS,26,6-9,243,None,Germany,Undrafted,Undrafted,Undrafted,63.0,5.3,4.3,0.9,1.2,9.2,18.9,15.0,61.6,9.9
94,Danilo Gallinari,LAC,29,6-10,225,None,Italy,2008,1,6,21.0,15.3,4.8,2.0,0.3,1.3,13.3,20.5,54.5,9.7
95,Danny Green,SAS,31,6-6,215,North Carolina,USA,2009,2,46,70.0,8.6,3.6,1.6,2.4,2.2,11.5,16.3,50.9,8.9
96,Dante Cunningham,BKN,31,6-8,230,Villanova,USA,2009,2,33,73.0,5.7,4.1,0.7,-1.1,4.9,13.3,11.4,53.9,4.2
97,Dante Exum,UTA,22,6-6,190,None,Australia,2014,1,5,14.0,8.1,1.9,3.1,8.1,1.8,8.3,22.3,56.6,27.0
98,Danuel House Jr.,PHX,25,6-7,220,Texas A&M,USA,Undrafted,Undrafted,Undrafted,23.0,6.6,3.3,1.1,3.2,3.2,14.0,16.0,53.3,9.2
99,Dario Saric,PHI,24,6-10,223,None,Croatia,2014,1,12,78.0,14.6,6.7,2.6,5.9,6.7,14.7,20.4,58.2,12.9
100,Darius Miller,NOP,28,6-8,225,Kentucky,USA,2012,2,46,82.0,7.8,2.0,1.4,-0.6,0.9,7.0,12.4,61.7,7.6
101,Darrell Arthur,DEN,30,6-9,235,Kansas,USA,2008,1,27,19.0,2.8,0.8,0.5,-10.5,2.1,8.7,18.8,55.9,10.1
102,Darren Collison,IND,30,6-2,185,UCLA,USA,2009,1,21,69.0,12.4,2.6,5.3,2.6,1.9,7.2,17.0,61.0,25.7
103,Darrun Hilliard,SAS,25,6-6,220,Villanova,USA,2015,2,38,14.0,1.1,0.5,0.8,5.6,0.0,8.0,11.9,36.2,14.7
104,David Nwaba,CHI,25,6-4,209,Cal Poly,USA,Undrafted,Undrafted,Undrafted,70.0,7.9,4.7,1.5,-5.8,5.0,14.2,15.3,54.2,9.4
105,David Stockton,UTA,27,5-11,165,Gonzaga,USA,2014,0,0,3.0,3.3,0.0,0.0,-46.3,0.0,0.0,25.0,105.0,0.0
106,David West,GSW,37,6-9,250,Xavier,USA,2003,1,18,73.0,6.8,3.3,1.9,1.9,7.2,16.3,22.3,60.0,22.0
107,Davis Bertans,SAS,25,6-10,210,None,Latvia,2011,2,42,77.0,5.9,2.0,1.0,3.5,1.7,12.2,16.8,58.8,10.2
108,Davon Reed,PHX,23,6-6,210,Miami,USA,2017,2,32,21.0,3.0,1.9,0.6,-14.2,0.7,14.9,15.8,38.8,8.7
109,De'Aaron Fox,SAC,20,6-3,175,Kentucky,USA,2017,1,5,73.0,11.6,2.8,4.4,-10.2,1.6,8.7,22.7,47.8,24.0
110,DeAndre Jordan,LAC,29,6-11,265,Texas A&M,USA,2008,2,35,77.0,12.0,15.2,1.5,-2.4,13.2,33.9,15.1,64.8,7.4
111,DeAndre Liggins,NOP,30,6-6,209,Kentucky,USA,2011,2,53,58.0,1.7,1.3,0.8,-13.2,1.0,10.0,7.9,46.7,9.1
112,DeAndre' Bembry,ATL,23,6-6,210,St. Joseph's (PA),USA,2016,1,21,26.0,5.2,2.8,1.9,-7.5,1.7,14.2,17.9,47.7,16.6
113,DeMar DeRozan,TOR,28,6-7,220,Southern California,USA,2009,1,9,80.0,23.0,3.9,5.2,7.7,2.1,9.1,28.6,55.5,24.5
114,DeMarcus Cousins,NOP,27,6-11,270,Kentucky,USA,2010,1,5,48.0,25.2,12.9,5.4,1.9,6.5,29.2,31.8,58.3,24.1
115,DeMarre Carroll,BKN,31,6-8,215,Missouri,USA,2009,1,27,73.0,13.5,6.6,2.0,-1.2,4.5,16.5,19.4,55.0,10.6
116,Dejounte Murray,SAS,21,6-5,170,Washington,USA,2016,1,29,81.0,8.1,5.7,2.9,4.3,6.1,19.6,20.1,48.5,20.2
117,Delon Wright,TOR,26,6-5,190,Utah,USA,2015,1,20,69.0,8.0,2.9,2.9,7.3,3.1,10.7,16.9,57.4,20.2
118,Demetrius Jackson,PHI,23,6-1,201,Notre Dame,USA,2016,2,45,15.0,1.1,0.8,0.6,-24.1,6.0,8.6,15.6,42.4,18.8
119,Dennis Schroder,ATL,24,6-1,172,None,Germany,2013,1,17,67.0,19.4,3.1,6.2,-6.7,2.1,8.1,29.9,51.5,35.2
120,Dennis Smith Jr.,DAL,20,6-3,195,North Carolina State,USA,2017,1,9,69.0,15.2,3.8,5.2,-7.6,2.3,10.6,28.0,47.3,30.1
121,Denzel Valentine,CHI,24,6-6,214,Michigan State,USA,2016,1,14,77.0,10.2,5.1,3.2,-6.8,2.1,16.8,17.0,52.7,17.8
122,Derrick Favors,UTA,26,6-10,265,Georgia Tech,USA,2010,1,3,77.0,12.3,7.2,1.3,3.6,9.7,16.7,18.1,59.3,7.5
123,Derrick Jones Jr.,MIA,21,6-7,200,UNLV,USA,Undrafted,Undrafted,Undrafted,20.0,3.1,1.9,0.5,-6.5,7.7,6.6,12.4,48.0,5.6
124,Derrick Rose,MIN,29,6-3,190,Memphis,USA,2008,1,1,25.0,8.4,1.4,1.5,-6.2,3.3,5.3,24.5,50.7,13.6
125,Derrick Walton Jr.,MIA,23,6-1,185,Michigan,USA,Undrafted,Undrafted,Undrafted,16.0,1.8,1.0,1.0,-10.5,1.4,9.5,9.2,52.5,17.0
126,Derrick White,SAS,23,6-4,190,Colorado,USA,2017,1,29,17.0,3.2,1.5,0.5,13.5,3.4,12.8,14.6,64.6,9.8
127,Derrick Williams,LAL,27,6-8,240,Arizona,USA,2011,1,2,2.0,1.0,0.5,0.0,-18.8,0.0,14.3,16.7,25.0,0.0
128,Devin Booker,PHX,21,6-6,210,Kentucky,USA,2015,1,13,54.0,24.9,4.5,4.7,-9.3,1.3,11.2,30.1,56.1,23.3
129,Devin Harris,DEN,35,6-3,185,Wisconsin,USA,2004,1,5,71.0,8.4,1.8,2.1,4.1,0.9,8.5,19.4,56.3,16.5
130,Devin Robinson,WAS,23,6-8,200,Florida,USA,2017,,,1.0,2.0,5.0,0.0,28.6,9.5,25.0,8.3,33.3,0.0
131,Dewayne Dedmon,ATL,28,7-0,245,Southern California,USA,Undrafted,Undrafted,Undrafted,62.0,10.0,7.9,1.5,-5.1,6.5,24.9,16.6,59.9,9.0
132,Deyonta Davis,MEM,21,6-11,237,Michigan State,USA,2016,2,31,62.0,5.8,4.0,0.6,-8.3,7.8,18.2,14.4,62.1,6.8
133,Dillon Brooks,MEM,22,6-6,220,Oregon,Canada,2017,2,45,82.0,11.0,3.1,1.6,-5.0,2.1,9.2,18.4,53.1,9.2
134,Dion Waiters,MIA,26,6-4,215,Syracuse,USA,2012,1,4,30.0,14.3,2.6,3.8,-5.3,0.9,7.8,25.0,48.7,21.0
135,Dirk Nowitzki,DAL,40,7-0,245,None,Germany,1998,1,9,77.0,12.0,5.7,1.6,-2.0,1.2,22.7,19.9,57.5,9.8
136,Domantas Sabonis,IND,22,6-10,252,Gonzaga,Lithuania,2016,1,11,74.0,11.6,7.7,2.0,1.4,9.3,22.7,21.4,56.7,12.7
137,Donovan Mitchell,UTA,21,6-3,215,Louisville,USA,2017,1,13,79.0,20.5,3.7,3.7,6.8,2.0,9.3,28.3,54.1,18.9
138,Dorian Finney-Smith,DAL,25,6-8,220,Florida,USA,Undrafted,Undrafted,Undrafted,21.0,5.9,3.6,1.2,-2.7,4.3,12.1,14.4,48.2,8.6
139,Doug McDermott,DAL,26,6-8,219,Creighton,USA,2014,1,11,81.0,7.8,2.5,1.0,-1.2,2.2,8.7,14.4,57.9,6.5
140,Dragan Bender,PHX,20,7-1,225,None,Croatia,2016,1,4,82.0,6.5,4.4,1.6,-10.3,1.8,14.9,12.5,52.4,8.9
141,Draymond Green,GSW,28,6-7,230,Michigan State,USA,2012,2,35,70.0,11.0,7.6,7.3,6.7,3.6,18.3,16.8,55.6,28.6
142,Dwayne Bacon,CHA,22,6-7,221,Florida State,USA,2017,2,40,53.0,3.3,2.3,0.7,-0.2,0.5,15.8,13.0,43.1,7.7
143,Dwight Buycks,DET,29,6-3,190,Marquette,USA,Undrafted,Undrafted,Undrafted,29.0,7.4,1.4,2.0,0.6,2.8,6.7,26.6,49.8,24.0
144,Dwight Howard,CHA,32,6-11,265,None,USA,2004,1,1,81.0,16.6,12.5,1.3,1.4,10.1,29.5,23.8,57.7,6.9
145,Dwight Powell,DAL,26,6-11,240,Stanford,Canada,2014,2,45,79.0,8.5,5.6,1.2,0.9,8.0,19.0,15.1,65.6,8.5
146,Dwyane Wade,MIA,36,6-4,220,Marquette,USA,2003,1,5,67.0,11.4,3.8,3.4,1.3,3.2,12.4,25.1,50.0,24.5
147,E'Twaun Moore,NOP,29,6-4,191,Purdue,USA,2011,2,55,82.0,12.5,2.9,2.3,2.6,2.3,6.5,15.8,59.3,9.9
148,Ed Davis,POR,29,6-10,245,North Carolina,USA,2010,1,13,78.0,5.3,7.4,0.5,4.1,12.1,25.4,12.0,60.7,3.9
149,Edmond Sumner,IND,22,6-5,188,Xavier,USA,2017,2,52,1.0,2.0,1.0,0.0,-120.0,0.0,50.0,20.0,100,0.0
150,Ekpe Udoh,UTA,31,6-10,245,Baylor,USA,2010,1,6,63.0,2.6,2.4,0.8,3.3,8.6,10.5,8.9,56.0,9.3
151,Elfrid Payton,PHX,24,6-4,185,Louisana-Lafayette,USA,2014,1,10,63.0,12.7,4.3,6.2,-11.7,3.3,11.7,21.1,53.8,32.8
152,Emeka Okafor,NOP,35,6-10,255,Connecticut,USA,2004,1,2,26.0,4.4,4.6,0.3,0.3,12.0,17.5,13.3,54.5,2.8
153,Emmanuel Mudiay,NYK,22,6-5,200,None,DRC,2015,1,7,64.0,8.6,2.4,3.2,-9.5,1.9,9.9,23.1,47.4,25.4
154,Enes Freedom,NYK,26,6-11,245,None,Turkey,2011,1,3,71.0,14.1,11.0,1.5,-4.9,14.6,27.9,21.2,63.0,9.1
155,Eric Bledsoe,MIL,28,6-1,205,Kentucky,USA,2010,1,18,74.0,17.7,3.8,5.0,2.7,2.3,10.0,25.4,58.2,24.6
156,Eric Gordon,HOU,29,6-4,215,Indiana,USA,2008,1,7,69.0,18.0,2.5,2.2,13.0,1.1,6.5,23.8,57.8,11.3
157,Eric Moreland,DET,26,6-10,238,Oregon State,USA,Undrafted,Undrafted,Undrafted,67.0,2.1,4.1,1.2,1.1,9.6,24.3,9.7,53.1,14.1
158,Erik McCree,UTA,24,6-8,225,Louisiana Tech,USA,Undrafted,Undrafted,Undrafted,4.0,0.0,0.3,0.0,-45.4,0.0,20.0,15.8,0.0,0.0
159,Ersan Ilyasova,PHI,31,6-10,235,None,Turkey,2005,2,36,69.0,10.9,5.9,1.3,0.9,6.7,16.1,18.3,55.8,7.8
160,Evan Fournier,ORL,25,6-7,205,None,France,2012,1,20,57.0,17.8,3.2,2.9,-3.2,1.2,8.4,22.6,57.7,13.8
161,Evan Turner,POR,29,6-7,220,Ohio State,USA,2010,1,2,79.0,8.2,3.1,2.2,-1.1,1.4,10.0,15.3,52.0,12.8
162,Frank Kaminsky,CHA,25,7-0,242,Wisconsin,USA,2015,1,9,79.0,11.1,3.6,1.6,-2.3,2.3,13.9,20.2,54.5,11.3
163,Frank Mason III,SAC,24,5-11,190,Kansas,USA,2017,2,34,52.0,7.9,2.5,2.8,-1.7,3.0,10.7,22.6,48.0,23.3
164,Frank Ntilikina,NYK,19,6-5,190,None,France,2017,1,8,78.0,5.9,2.3,3.2,-2.2,2.1,7.9,16.6,43.7,21.0
165,Fred VanVleet,TOR,24,6-0,195,Wichita State,USA,Undrafted,Undrafted,Undrafted,76.0,8.6,2.4,3.2,11.1,1.6,10.2,18.8,55.6,23.1
166,Furkan Korkmaz,PHI,20,6-7,190,None,Turkey,2016,1,26,14.0,1.6,0.8,0.3,-29.3,2.0,12.3,15.9,38.6,7.7
167,Garrett Temple,SAC,32,6-6,195,Louisiana State,USA,Undrafted,Undrafted,Undrafted,65.0,8.4,2.3,1.9,-7.4,1.3,8.4,16.0,53.6,11.5
168,Gary Harris,DEN,23,6-4,210,Michigan State,USA,2014,1,19,67.0,17.5,2.6,2.9,3.5,1.6,6.1,20.4,59.7,12.8
169,Gary Payton II,LAL,25,6-3,190,Oregon State,USA,Undrafted,Undrafted,Undrafted,23.0,3.0,1.9,0.9,4.9,5.6,14.4,16.2,44.3,13.0
170,George Hill,CLE,32,6-3,188,Indiana-Purdue Indianapolis,USA,2008,1,26,67.0,10.0,2.7,2.8,-3.3,2.3,8.1,16.1,58.0,14.5
171,Georges Niang,UTA,25,6-6,231,Iowa State,USA,2016,2,50,9.0,1.0,1.0,0.3,-18.1,10.3,18.2,19.0,37.9,16.7
172,Georgios Papagiannis,POR,20,7-1,240,None,Greece,2016,1,13,17.0,2.1,2.2,0.5,-3.7,10.0,21.6,17.0,42.9,9.7
173,Gerald Green,HOU,32,6-7,205,No College,USA,2005,1,18,41.0,12.1,3.2,0.6,4.6,1.6,12.4,21.9,56.6,4.5
174,Gian Clavell,DAL,24,6-4,185,Colorado State,Puerto Rico,Undrafted,Undrafted,Undrafted,7.0,2.9,1.0,0.4,14.8,1.6,10.2,14.7,53.0,7.1
175,Giannis Antetokounmpo,MIL,23,6-11,222,None,Greece,2013,1,15,75.0,26.9,10.0,4.8,2.8,6.0,21.8,30.7,59.8,23.7
176,Glenn Robinson III,IND,24,6-7,215,Michigan,USA,2014,2,40,23.0,4.1,1.6,0.7,-0.6,3.0,7.8,11.9,52.9,6.8
177,Goran Dragic,MIA,32,6-3,190,None,Slovenia,2008,2,45,75.0,17.3,4.1,4.8,0.2,2.3,10.5,25.0,54.3,24.5
178,Gordon Hayward,BOS,28,6-8,226,Butler,USA,2010,1,9,1.0,2.0,1.0,0.0,27.3,0.0,20.0,15.4,50.0,0.0
179,Gorgui Dieng,MIN,28,6-11,251,Louisville,Senegal,2013,1,21,79.0,5.9,4.6,0.9,-6.6,7.8,20.1,15.9,54.3,8.0
180,Greg Monroe,BOS,28,6-11,265,Georgetown,USA,2010,1,7,51.0,10.3,6.9,2.2,-9.6,10.4,24.4,21.8,59.8,18.9
181,Guerschon Yabusele,BOS,22,6-8,260,None,France,2016,1,16,33.0,2.4,1.6,0.5,-0.8,6.5,15.2,14.6,55.9,10.7
182,Harrison Barnes,DAL,26,6-8,225,North Carolina,USA,2012,1,7,77.0,18.9,6.1,2.0,-6.1,2.8,15.4,24.7,53.9,10.1
183,Hassan Whiteside,MIA,29,7-0,265,Marshall,USA,2010,2,33,54.0,14.0,11.4,1.0,-2.8,12.1,31.7,23.5,57.3,6.8
184,Henry Ellenson,DET,21,6-11,245,Marquette,USA,2016,1,18,38.0,4.0,2.1,0.5,0.5,2.9,20.8,23.3,47.6,9.8
185,Ian Clark,NOP,27,6-3,175,Belmont,USA,Undrafted,Undrafted,Undrafted,74.0,7.4,1.7,1.5,1.0,0.7,7.4,16.8,52.9,10.7
186,Ian Mahinmi,WAS,31,6-11,262,None,France,2005,1,28,77.0,4.8,4.1,0.7,1.4,11.8,15.6,15.0,60.1,6.8
187,Ike Anigbogu,IND,19,6-10,262,UCLA,USA,2017,2,47,11.0,1.2,0.8,0.0,-25.5,15.2,13.8,17.9,55.8,0.0
188,Iman Shumpert,SAC,28,6-5,220,Georgia Tech,USA,2011,1,17,14.0,4.4,2.9,1.2,5.4,2.6,11.3,12.5,48.0,8.4
189,Isaiah Canaan,PHX,27,6-0,201,Murray State,USA,2013,2,34,20.0,8.6,2.3,3.8,1.2,1.4,9.4,19.3,53.9,27.6
190,Isaiah Hicks,NYK,23,6-9,242,North Carolina,USA,Undrafted,Undrafted,Undrafted,18.0,4.4,2.3,0.9,-7.7,4.1,11.8,17.5,50.1,9.8
191,Isaiah Taylor,ATL,23,6-3,170,Texas-Austin,USA,2016,,,67.0,6.6,1.4,3.1,-0.8,1.8,5.8,19.5,49.2,27.2
192,Isaiah Thomas,LAL,29,5-9,185,Washington,USA,2011,2,60,32.0,15.2,2.1,4.8,-6.9,1.9,5.6,27.6,50.8,26.8
193,Isaiah Whitehead,BKN,23,6-4,213,Seton Hall,USA,2016,2,42,16.0,6.3,1.6,1.3,-2.3,2.2,11.3,27.4,53.0,21.3
194,Ish Smith,DET,29,6-0,175,Wake Forest,USA,Undrafted,Undrafted,Undrafted,82.0,10.9,2.7,4.4,0.8,1.3,9.5,20.3,52.5,27.3
195,Ivan Rabb,MEM,21,6-10,220,"University of California, Berkeley",USA,2017,2,35,36.0,5.6,4.4,0.9,-8.4,10.2,21.6,16.7,59.9,9.5
196,Ivica Zubac,LAL,21,7-1,240,None,Croatia,2016,2,32,43.0,3.7,2.9,0.6,5.0,10.1,16.8,17.2,55.7,9.5
197,J.J. Barea,DAL,34,6-0,185,Northeastern,Puerto Rico,Undrafted,Undrafted,Undrafted,69.0,11.6,2.9,6.3,0.7,0.9,12.0,24.3,54.5,42.6
198,JJ Redick,PHI,34,6-4,200,Duke,USA,2006,1,11,70.0,17.1,2.5,3.0,7.0,0.4,7.1,20.6,61.4,14.9
199,JR Smith,CLE,32,6-6,225,No College,USA,2004,1,18,80.0,8.3,2.9,1.8,-2.3,1.3,9.2,13.6,53.4,8.7
200,JaKarr Sampson,SAC,25,6-9,207,"St. John's, N.Y.",USA,Undrafted,Undrafted,Undrafted,22.0,4.7,3.5,0.4,-0.1,5.8,16.1,12.4,58.5,4.1
201,JaMychal Green,MEM,28,6-9,227,Alabama,USA,Undrafted,Undrafted,Undrafted,55.0,10.3,8.4,1.4,-8.0,9.6,21.8,17.8,53.0,8.2
202,JaVale McGee,GSW,30,7-0,270,Nevada,USA,2008,1,18,65.0,4.8,2.6,0.5,2.6,10.1,16.6,18.3,64.1,8.0
203,Jabari Bird,BOS,23,6-6,198,"University of California, Berkeley",USA,2017,2,56,13.0,3.0,1.5,0.6,6.6,5.5,10.5,14.1,61.5,9.9
204,Jabari Parker,MIL,23,6-8,250,Duke,USA,2014,1,2,31.0,12.6,4.9,1.9,-3.9,5.5,14.5,22.8,55.0,12.9
205,Jack Cooley,SAC,27,6-10,274,Notre Dame,USA,Undrafted,Undrafted,Undrafted,7.0,5.7,4.3,0.9,-4.6,13.1,18.4,18.5,56.6,12.8
206,Jacob Pullen,PHI,28,6-1,200,Kansas State,USA,Undrafted,Undrafted,Undrafted,3.0,0.7,0.0,0.0,4.2,0.0,0.0,18.8,50.0,0.0
207,Jacob Wiley,BKN,23,6-8,223,Eastern Washington,USA,Undrafted,Undrafted,Undrafted,5.0,0.8,2.2,0.4,18.1,5.3,22.5,6.3,41.0,9.1
208,Jae Crowder,UTA,27,6-6,235,Marquette,USA,2012,2,34,80.0,9.7,3.4,1.2,0.6,2.9,10.3,16.9,52.5,7.1
209,Jahlil Okafor,BKN,22,6-11,260,Duke,USA,2015,1,3,28.0,6.3,3.0,0.4,-22.6,5.8,19.0,21.6,58.4,7.0
210,Jake Layman,POR,24,6-9,210,Maryland,USA,2016,2,47,35.0,1.0,0.5,0.3,-11.5,2.4,7.8,13.9,35.2,9.9
211,Jakob Poeltl,TOR,22,7-0,230,Utah,Austria,2016,1,9,82.0,6.9,4.8,0.7,8.3,10.7,15.0,14.3,66.2,5.4
212,Jalen Jones,DAL,25,6-7,220,Texas A&M,USA,2016,,,16.0,4.6,2.4,0.3,-6.6,6.3,15.4,19.3,48.5,3.2
213,Jamal Crawford,MIN,38,6-5,185,Michigan,USA,2000,1,8,80.0,10.3,1.2,2.3,-4.5,1.3,5.0,23.1,51.9,17.7
214,Jamal Murray,DEN,21,6-4,207,Kentucky,Canada,2016,1,7,81.0,16.7,3.7,3.4,3.7,3.3,8.7,22.3,57.6,15.9
215,Jameel Warney,DAL,24,6-8,260,"Stony Brook, N.Y.",USA,Undrafted,Undrafted,Undrafted,3.0,5.7,3.0,0.0,-7.4,13.8,20.0,23.4,59.9,0.0
216,Jameer Nelson,DET,36,6-0,190,St. Joseph's (PA),USA,2004,1,20,50.0,4.9,2.1,3.6,-5.7,1.3,8.8,13.7,48.9,25.5
217,Jamel Artis,ORL,25,6-7,213,Pittsburgh,USA,Undrafted,Undrafted,Undrafted,15.0,5.1,2.5,1.2,-0.9,1.3,11.9,14.2,45.7,9.8
218,James Ennis III,DET,27,6-7,210,Cal State-Long Beach,USA,2013,2,50,72.0,7.1,3.1,1.0,-5.6,4.5,9.6,13.4,58.8,6.9
219,James Harden,HOU,28,6-5,220,Arizona State,USA,2009,1,3,72.0,30.4,5.4,8.8,10.0,1.7,13.7,35.3,61.9,44.9
220,James Johnson,MIA,31,6-8,240,Wake Forest,USA,2009,1,16,73.0,10.8,4.9,3.8,0.1,3.2,14.8,18.5,57.5,22.0
221,James Michael McAdoo,PHI,25,6-9,230,North Carolina,USA,Undrafted,Undrafted,Undrafted,3.0,2.7,0.7,0.0,2.6,0.0,12.5,22.0,50.8,0.0
222,James Webb III,BKN,24,6-9,202,Boise State,USA,2016,,,10.0,1.6,2.4,0.4,-13.3,5.9,13.8,9.9,33.3,4.4
223,James Young,PHI,22,6-6,215,Kentucky,USA,2014,1,17,6.0,2.8,0.3,0.3,-20.4,0.0,2.9,13.1,51.1,5.3
224,Jamil Wilson,LAC,27,6-7,229,Marquette,USA,Undrafted,Undrafted,Undrafted,15.0,7.0,2.1,0.7,0.8,1.0,10.0,14.5,63.4,5.6
225,Jared Dudley,PHX,32,6-7,240,Boston College,USA,2007,1,22,48.0,3.2,2.0,1.6,0.1,1.1,12.6,10.2,55.3,15.3
226,Jarell Eddie,CHI,26,6-7,218,Virginia Tech,USA,Undrafted,Undrafted,Undrafted,3.0,0.0,0.3,0.0,-10.0,0.0,16.7,9.1,0.0,0.0
227,Jarell Martin,MEM,24,6-10,239,Louisiana State,USA,2015,1,25,73.0,7.7,4.4,1.0,-7.6,5.7,13.9,16.8,51.6,7.3
228,Jarrett Allen,BKN,20,6-11,234,Texas,USA,2017,1,22,72.0,8.2,5.4,0.7,-4.1,9.6,15.7,16.2,63.6,5.5
229,Jarrett Jack,NYK,34,6-3,200,Georgia Tech,USA,2005,1,22,62.0,7.5,3.1,5.6,-0.7,1.4,10.6,16.4,48.9,30.2
230,Jason Smith,WAS,32,7-0,240,Colorado State,USA,2007,1,20,33.0,3.4,1.6,0.4,-15.8,6.0,12.2,20.4,45.5,8.4
231,Jason Terry,MIL,40,6-2,185,Arizona,USA,1999,1,10,51.0,3.3,0.9,1.2,1.5,0.6,5.6,9.7,52.5,9.8
232,Jawun Evans,LAC,21,6-0,190,Oklahoma State,USA,2017,2,39,48.0,4.8,1.8,2.1,2.1,1.1,9.2,17.0,42.1,17.7
233,Jaylen Brown,BOS,21,6-7,225,California,USA,2016,1,3,70.0,14.5,4.9,1.6,7.7,3.0,12.4,20.8,56.2,8.1
234,Jaylen Morris,ATL,22,6-5,185,Molloy,USA,Undrafted,Undrafted,Undrafted,6.0,4.7,2.7,1.2,-17.9,1.8,12.5,15.4,43.8,13.0
235,Jayson Tatum,BOS,20,6-8,205,Duke,USA,2017,1,3,80.0,13.9,5.0,1.6,6.9,2.1,13.8,19.2,58.6,8.1
236,Jeff Green,CLE,31,6-9,235,Georgetown,USA,2007,1,5,78.0,10.8,3.2,1.3,3.7,3.4,9.5,19.0,58.7,8.1
237,Jeff Teague,MIN,30,6-2,189,Wake Forest,USA,2009,1,19,70.0,14.2,3.0,7.0,2.7,1.1,8.1,20.1,55.3,29.8
238,Jeff Withey,DAL,28,7-0,230,Kansas,USA,2013,2,39,10.0,1.5,1.0,0.0,25.0,2.3,22.0,20.0,44.4,0.0
239,Jerami Grant,OKC,24,6-9,220,Syracuse,USA,2014,2,39,81.0,8.4,3.9,0.7,1.7,5.0,14.0,16.1,60.7,5.5
240,Jeremy Evans,ATL,30,6-9,200,Western Kentucky,USA,2010,2,55,1.0,2.0,1.0,0.0,-23.1,14.3,0.0,14.3,100,0.0
241,Jeremy Lamb,CHA,26,6-5,185,Connecticut,USA,2012,1,12,80.0,12.9,4.1,2.3,1.3,2.4,14.0,22.0,55.9,15.4
242,Jeremy Lin,BKN,29,6-3,200,Harvard,USA,Undrafted,Undrafted,Undrafted,1.0,18.0,0.0,4.0,-9.5,0.0,0.0,25.4,59.7,23.5
243,Jerian Grant,CHI,25,6-4,198,Notre Dame,USA,2015,1,19,74.0,8.4,2.3,4.6,-7.1,1.7,8.4,17.2,52.8,31.4
244,Jerryd Bayless,PHI,29,6-3,200,Arizona,USA,2008,1,11,39.0,7.9,2.1,1.4,-3.4,1.6,6.6,14.6,54.6,8.5
245,Jimmy Butler,MIN,28,6-8,236,Marquette,USA,2011,1,30,59.0,22.2,5.3,4.9,8.3,3.8,11.2,24.5,59.0,20.4
246,Joakim Noah,NYK,33,6-11,230,Florida,USA,2007,1,9,7.0,1.7,2.0,0.6,-1.9,12.8,20.0,16.2,51.0,20.0
247,Jodie Meeks,WAS,30,6-4,210,Kentucky,USA,2009,2,41,77.0,6.3,1.6,0.9,-6.8,1.3,10.2,17.9,54.8,10.0
248,Joe Harris,BKN,26,6-6,219,Virginia,USA,2014,2,33,78.0,10.8,3.3,1.6,-3.3,2.4,10.1,16.1,63.4,10.1
249,Joe Ingles,UTA,30,6-8,226,None,Australia,Undrafted,Undrafted,Undrafted,82.0,11.5,4.2,4.8,5.3,1.0,12.5,15.6,62.3,22.2
250,Joe Johnson,HOU,37,6-7,240,Arkansas,USA,2001,1,10,55.0,6.8,3.1,1.5,-3.6,1.1,13.0,15.7,49.0,10.9
251,Joe Young,IND,26,6-2,185,Oregon,USA,2015,2,43,53.0,3.9,1.2,0.7,-6.8,2.0,9.1,16.9,52.1,10.3
252,Joel Bolomboy,MIL,24,6-9,235,Weber State,Ukraine,2016,2,52,6.0,1.5,1.7,0.0,-18.1,13.3,12.1,11.5,52.1,0.0
253,Joel Embiid,PHI,24,7-0,250,Kansas,Cameroon,2014,1,3,63.0,22.9,11.0,3.2,11.7,7.8,25.5,33.0,57.3,18.2
254,Joffrey Lauvergne,SAS,26,6-11,260,None,France,2013,2,55,55.0,4.1,3.1,0.7,-5.8,11.8,20.7,19.2,53.6,12.1
255,John Collins,ATL,20,6-10,235,Wake Forest,USA,2017,1,19,74.0,10.5,7.3,1.3,-6.2,9.4,20.1,17.4,62.0,9.0
256,John Henson,MIL,27,6-11,229,North Carolina,USA,2012,1,14,76.0,8.8,6.8,1.5,4.9,8.3,18.5,14.9,58.2,8.3
257,John Holland,CLE,29,6-5,205,Boston U.,USA,Undrafted,Undrafted,Undrafted,24.0,2.3,1.0,0.2,-8.8,3.6,10.4,17.8,41.7,4.0
258,John Wall,WAS,27,6-4,210,Kentucky,USA,2010,1,1,41.0,19.4,3.7,9.6,3.8,1.6,8.8,28.1,51.5,42.5
259,Johnathan Motley,DAL,23,6-10,230,Baylor,USA,Undrafted,Undrafted,Undrafted,11.0,8.7,4.5,0.6,-3.4,7.1,20.0,24.0,55.0,7.8
260,Johnny O'Bryant III,CHA,25,6-9,257,Louisiana State,USA,2014,2,36,36.0,4.8,2.6,0.4,-10.7,6.3,17.3,21.9,47.0,6.7
261,Jon Leuer,DET,29,6-10,228,Wisconsin,USA,2011,2,40,8.0,5.4,4.0,0.6,1.8,4.9,17.9,15.1,50.5,5.1
262,Jonas Jerebko,UTA,31,6-10,231,None,Sweden,2009,2,39,74.0,5.8,3.3,0.6,1.7,4.8,17.5,15.1,58.6,5.7
263,Jonas Valanciunas,TOR,26,7-0,255,None,Lithuania,2011,1,5,77.0,12.7,8.6,1.1,5.6,10.6,26.3,22.2,62.8,7.5
264,Jonathan Gibson,BOS,30,6-2,185,New Mexico State,USA,Undrafted,Undrafted,Undrafted,4.0,8.5,0.8,1.0,0.2,0.0,7.1,28.0,73.9,14.8
265,Jonathan Isaac,ORL,20,6-10,210,Florida State,USA,2017,1,6,27.0,5.4,3.7,0.7,-8.6,2.9,14.1,14.9,46.5,5.3
266,Jonathon Simmons,ORL,28,6-6,195,Houston,USA,2012,0,0,69.0,13.9,3.5,2.5,-6.9,3.0,8.7,21.5,55.5,13.1
267,Jordan Bell,GSW,23,6-9,224,Oregon,USA,2017,2,38,57.0,4.6,3.6,1.8,8.9,8.2,16.2,13.4,64.1,16.6
268,Jordan Clarkson,CLE,26,6-5,194,Missouri,USA,2014,2,46,81.0,13.9,2.7,2.7,-1.9,2.9,8.0,25.3,54.2,19.3
269,Jordan Crawford,NOP,29,6-5,195,Xavier,USA,2010,1,27,5.0,6.6,0.8,2.6,-14.5,3.6,3.6,23.0,60.1,35.1
270,Jordan Mickey,MIA,23,6-8,235,Louisiana State,USA,2015,2,33,23.0,4.0,3.5,0.4,-6.0,6.5,22.6,16.8,51.5,5.1
271,Jose Calderon,CLE,36,6-3,200,None,Spain,Undrafted,Undrafted,Undrafted,57.0,4.5,1.5,2.1,3.2,1.7,7.9,11.8,64.3,17.5
272,Josh Gray,PHX,24,6-1,180,Louisiana State,USA,Undrafted,Undrafted,Undrafted,5.0,6.4,2.0,2.4,-35.1,1.7,10.4,24.3,34.9,24.0
273,Josh Hart,LAL,23,6-5,215,Villanova,USA,2017,1,30,63.0,7.9,4.2,1.3,-1.9,2.8,14.3,13.3,59.6,7.6
274,Josh Huestis,OKC,26,6-7,230,Stanford,USA,2014,1,29,69.0,2.3,2.3,0.3,6.0,4.2,11.7,9.5,41.7,2.7
275,Josh Jackson,PHX,21,6-8,200,Kansas,USA,2017,1,4,77.0,13.1,4.6,1.5,-11.7,4.4,12.3,25.3,48.0,10.5
276,Josh Magette,ATL,28,6-1,160,Alabama Huntsville,USA,2012,0,0,18.0,2.6,1.1,3.2,-0.5,0.9,7.9,11.9,46.4,37.0
277,Josh McRoberts,DAL,31,6-10,240,Duke,USA,2007,2,37,2.0,0.0,0.0,0.0,-14.3,0.0,0.0,7.1,0.0,0.0
278,Josh Richardson,MIA,24,6-6,200,Tennessee,USA,2015,2,40,81.0,12.9,3.5,2.9,0.8,2.5,8.0,17.6,55.1,13.1
279,Josh Smith,NOP,32,6-9,225,None,USA,2004,1,17,3.0,0.7,1.3,0.0,-34.3,13.6,10.0,11.8,25.0,0.0
280,Jrue Holiday,NOP,28,6-4,205,UCLA,USA,2009,1,17,81.0,19.0,4.5,6.0,4.9,2.2,9.5,22.5,57.0,24.3
281,Juancho Hernangomez,DEN,22,6-9,230,None,Spain,2016,1,15,25.0,3.3,2.2,0.5,-4.2,6.2,13.9,13.4,51.1,6.0
282,Julius Randle,LAL,23,6-9,250,Kentucky,USA,2014,1,7,82.0,16.1,8.0,2.6,-1.4,8.2,20.2,25.1,60.6,15.8
283,Julyan Stone,CHA,29,6-6,200,Texas-El Paso,USA,Undrafted,Undrafted,Undrafted,23.0,0.8,1.3,1.1,9.3,0.5,15.3,5.1,68.4,18.7
284,Justin Anderson,PHI,24,6-6,230,Virginia,USA,2015,1,21,38.0,6.2,2.4,0.7,-7.2,4.6,12.0,18.8,54.0,7.8
285,Justin Holiday,CHI,29,6-6,185,Washington,USA,Undrafted,Undrafted,Undrafted,72.0,12.2,4.0,2.1,-4.0,1.3,11.4,17.7,51.3,9.7
286,Justin Jackson,SAC,23,6-8,210,North Carolina,USA,2017,1,15,68.0,6.7,2.8,1.1,-7.6,1.8,10.9,13.9,52.1,7.1
287,Justin Patton,MIN,21,7-0,236,Creighton,USA,2017,1,16,1.0,2.0,0.0,0.0,30.0,0.0,0.0,20.0,50.0,0.0
288,Justise Winslow,MIA,22,6-7,225,Duke,USA,2015,1,10,68.0,7.8,5.4,2.2,1.0,3.7,17.8,15.8,49.6,13.4
289,Jusuf Nurkic,POR,23,7-0,280,None,Bosnia and Herzegovina,2014,1,16,79.0,14.3,9.0,1.8,3.6,8.7,23.7,25.7,52.8,11.5
290,Kadeem Allen,BOS,25,6-3,200,Arizona,USA,2017,2,53,18.0,1.1,0.6,0.7,-8.4,3.4,6.7,13.2,36.6,16.7
291,Karl-Anthony Towns,MIN,22,7-0,248,Kentucky,USA,2015,1,1,82.0,21.3,12.3,2.4,6.1,8.5,27.2,22.5,64.6,10.5
292,Kawhi Leonard,SAS,27,6-7,230,San Diego State,USA,2011,1,15,9.0,16.2,4.7,2.3,3.9,2.9,15.9,30.4,57.2,19.1
293,Kay Felder,DET,23,5-9,176,None,USA,2016,2,54,16.0,3.6,1.1,1.3,-15.1,1.9,10.8,28.0,37.9,24.7
294,Kelly Olynyk,MIA,27,7-0,245,Gonzaga,Canada,2013,1,13,76.0,11.5,5.7,2.7,5.3,5.2,20.0,21.3,61.2,18.0
295,Kelly Oubre Jr.,WAS,22,6-7,205,Kansas,USA,2015,1,15,81.0,11.8,4.5,1.2,-2.4,2.6,13.6,18.8,53.4,6.7
296,Kemba Walker,CHA,28,6-1,184,Connecticut,USA,2011,1,9,80.0,22.1,3.1,5.6,3.3,1.1,7.7,26.7,57.2,26.4
297,Kendrick Perkins,CLE,33,6-10,270,None,USA,2003,1,27,1.0,3.0,1.0,2.0,18.4,0.0,9.1,11.8,52.1,18.2
298,Kenneth Faried,DEN,28,6-8,228,Morehead State,USA,2011,1,22,32.0,5.9,4.8,0.6,-5.0,13.5,19.3,17.3,55.2,6.4
299,Kent Bazemore,ATL,28,6-5,201,Old Dominion,USA,Undrafted,Undrafted,Undrafted,65.0,12.9,3.8,3.5,-4.5,1.4,12.4,22.1,54.7,19.9
300,Kentavious Caldwell-Pope,LAL,25,6-5,205,Georgia,USA,2013,1,8,74.0,13.4,5.2,2.2,-0.9,2.3,12.7,16.5,56.1,9.3
301,Kevin Durant,GSW,29,6-9,240,Texas,USA,2007,1,2,68.0,26.4,6.8,5.4,7.0,1.5,16.9,29.3,64.0,24.3
302,Kevin Love,CLE,29,6-10,251,UCLA,USA,2008,1,5,59.0,17.6,9.3,1.7,1.4,6.5,27.4,24.8,61.4,9.9
303,Kevon Looney,GSW,22,6-9,220,UCLA,USA,2015,1,30,66.0,4.0,3.3,0.6,6.1,9.4,13.5,12.1,58.8,6.2
304,Khem Birch,ORL,25,6-9,220,UNLV,Canada,Undrafted,Undrafted,Undrafted,42.0,4.2,4.3,0.8,0.8,11.4,19.1,13.1,58.2,8.8
305,Khris Middleton,MIL,26,6-8,234,Texas A&M,USA,2012,2,39,82.0,20.1,5.2,4.0,1.6,1.6,13.3,23.9,57.7,17.2
306,Klay Thompson,GSW,28,6-7,215,Washington State,USA,2011,1,11,73.0,20.0,3.8,2.5,7.1,1.4,8.9,23.2,59.9,10.8
307,Kobi Simmons,MEM,20,6-4,170,Arizona,USA,Undrafted,Undrafted,Undrafted,32.0,6.1,1.6,2.1,-17.0,2.1,6.2,16.3,49.0,15.7
308,Kosta Koufos,SAC,29,7-0,265,Ohio State,USA,2008,1,23,71.0,6.7,6.6,1.2,-8.0,10.0,23.6,15.0,56.6,10.0
309,Kris Dunn,CHI,24,6-4,210,Providence,USA,2016,1,5,52.0,13.4,4.3,6.0,-8.0,1.5,13.1,24.5,48.8,31.9
310,Kristaps Porzingis,NYK,22,7-3,240,None,Latvia,2015,1,4,48.0,22.7,6.6,1.2,0.4,3.9,15.4,30.5,53.9,6.3
311,Kyle Anderson,SAS,24,6-9,230,UCLA,USA,2014,1,30,74.0,7.9,5.4,2.7,3.3,4.3,15.8,13.3,58.2,14.6
312,Kyle Collinsworth,DAL,26,6-6,210,Brigham Young,USA,2016,,,32.0,3.2,3.3,1.8,-2.1,6.0,16.2,12.4,43.3,16.3
313,Kyle Korver,CLE,37,6-7,212,Creighton,USA,2003,2,51,73.0,9.2,2.3,1.2,7.8,0.6,9.3,15.4,65.2,7.9
314,Kyle Kuzma,LAL,22,6-9,220,Utah,USA,2017,1,27,77.0,16.1,6.3,1.8,-2.2,3.5,15.4,21.9,54.9,9.1
315,Kyle Lowry,TOR,32,6-0,205,Villanova,USA,2006,1,24,78.0,16.2,5.6,6.9,7.6,2.6,14.2,21.1,59.8,30.7
316,Kyle O'Quinn,NYK,28,6-10,250,Norfolk State,USA,2012,2,49,77.0,7.1,6.1,2.1,-1.1,9.0,24.2,16.8,62.5,16.6
317,Kyle Singler,OKC,30,6-8,228,Duke,USA,2011,2,33,12.0,1.9,0.8,0.2,0.7,1.6,14.3,21.9,43.0,5.7
318,Kyrie Irving,BOS,26,6-3,193,Duke,Australia,2011,1,1,60.0,24.4,3.8,5.1,5.6,1.7,9.6,29.8,61.0,28.2
319,LaMarcus Aldridge,SAS,32,6-11,260,Texas-Austin,USA,2006,1,2,75.0,23.1,8.5,2.0,5.4,9.8,15.6,28.8,57.0,11.1
320,Lance Stephenson,IND,27,6-6,230,Cincinnati,USA,2010,2,40,82.0,9.2,5.2,2.9,-3.2,3.3,20.3,20.8,49.5,18.6
321,Lance Thomas,NYK,30,6-8,235,Duke,USA,Undrafted,Undrafted,Undrafted,73.0,4.1,2.4,0.6,-5.9,3.3,9.8,10.6,51.3,4.4
322,Langston Galloway,DET,26,6-2,200,St. Joseph's (PA),USA,Undrafted,Undrafted,Undrafted,58.0,6.2,1.6,1.0,4.2,1.4,8.9,18.8,50.3,10.5
323,Larry Drew II,NOP,28,6-2,180,UCLA,USA,Undrafted,Undrafted,Undrafted,10.0,1.7,0.3,1.0,-9.1,4.5,0.0,17.0,35.4,19.6
324,Larry Nance Jr.,CLE,25,6-9,230,Wyoming,USA,2015,1,27,66.0,8.7,6.8,1.2,1.0,10.7,19.9,15.5,60.5,8.5
325,Lauri Markkanen,CHI,21,7-0,230,Arizona,Finland,2017,1,7,68.0,15.2,7.5,1.2,-9.0,3.7,21.7,21.5,55.2,6.4
326,LeBron James,CLE,33,6-8,250,None,USA,2003,1,1,82.0,27.5,8.6,9.1,1.6,3.3,20.1,31.0,62.1,43.2
327,London Perrantes,CLE,23,6-2,190,Virginia,USA,2017,,,14.0,0.5,0.3,0.4,-16.0,1.5,6.4,10.1,23.0,10.2
328,Lonzo Ball,LAL,20,6-6,190,UCLA,USA,2017,1,2,52.0,10.2,6.9,7.2,-0.6,3.6,15.3,16.9,44.4,28.8
329,Lorenzo Brown,TOR,27,6-5,189,North Carolina State,USA,2013,2,52,14.0,2.3,1.1,0.9,14.3,0.8,9.7,12.3,45.9,12.5
330,Lou Williams,LAC,31,6-1,175,None,USA,2005,2,45,79.0,22.6,2.5,5.3,1.6,1.5,5.9,28.5,57.4,25.4
331,Luc Mbah a Moute,HOU,31,6-8,230,UCLA,Cameroon,2008,2,37,61.0,7.5,3.0,0.9,9.7,1.5,10.2,12.8,59.5,5.2
332,Lucas Nogueira,TOR,25,7-0,220,None,Brazil,2013,1,16,49.0,2.5,1.8,0.4,9.3,4.4,16.0,11.4,66.1,7.4
333,Luis Montero,DET,25,6-7,200,Westchester C.C.,Dominican Republic,Undrafted,Undrafted,Undrafted,2.0,0.0,1.0,0.0,-29.4,0.0,22.2,16.7,0.0,0.0
334,Luke Babbitt,MIA,29,6-9,225,Nevada-Reno,USA,2010,1,16,50.0,5.2,1.9,0.6,-2.7,1.0,12.3,14.7,57.6,6.4
335,Luke Kennard,DET,22,6-5,200,Duke,USA,2017,1,12,73.0,7.6,2.4,1.7,3.9,1.4,10.4,16.9,56.0,12.7
336,Luke Kornet,NYK,22,7-1,250,Vanderbilt,USA,Undrafted,Undrafted,Undrafted,20.0,6.7,3.2,1.3,-9.3,3.2,15.8,18.9,51.6,11.4
337,Luol Deng,LAL,33,6-9,220,Duke,United Kingdom,2004,1,7,1.0,2.0,0.0,1.0,-20.3,0.0,0.0,9.1,50.0,11.1
338,Malachi Richardson,TOR,22,6-6,205,Syracuse,USA,2016,1,22,26.0,3.4,1.3,0.5,-7.8,1.5,9.7,14.9,44.6,5.8
339,Malcolm Brogdon,MIL,25,6-5,215,Virginia,USA,2016,2,36,48.0,13.0,3.3,3.2,-2.1,1.7,9.7,18.9,57.8,16.5
340,Malcolm Delaney,ATL,29,6-3,190,Virginia Tech,USA,Undrafted,Undrafted,Undrafted,54.0,6.3,1.9,3.0,-4.5,0.9,9.0,16.6,51.9,24.4
341,Malcolm Miller,TOR,25,6-7,210,Holy Cross,USA,Undrafted,Undrafted,Undrafted,15.0,2.5,1.0,0.2,2.7,3.1,9.0,11.4,63.8,3.4
342,Malik Beasley,DEN,21,6-5,196,Florida State,USA,2016,1,19,62.0,3.2,1.1,0.5,-1.0,2.3,9.5,15.1,50.9,7.7
343,Malik Monk,CHA,20,6-3,200,Kentucky,USA,2017,1,11,63.0,6.7,1.0,1.4,-11.8,0.8,6.9,24.1,47.7,17.8
344,Mangok Mathiang,CHA,25,6-10,230,Louisville,Australia,Undrafted,Undrafted,Undrafted,4.0,2.0,2.5,0.0,0.1,13.6,33.3,13.7,53.8,0.0
345,Manu Ginobili,SAS,40,6-6,205,None,Argentina,1999,2,57,65.0,8.9,2.2,2.5,2.1,1.5,9.3,20.5,55.3,19.3
346,MarShon Brooks,MEM,29,6-5,200,Providence,USA,2011,1,25,7.0,20.1,3.0,3.6,-0.4,3.9,7.7,27.1,62.9,20.5
347,Marc Gasol,MEM,33,7-1,255,None,Spain,2007,2,48,73.0,17.2,8.1,4.2,-6.9,3.3,22.5,25.5,53.2,22.5
348,Marcin Gortat,WAS,34,6-11,240,None,Poland,2005,2,57,82.0,8.4,7.6,1.8,2.1,8.9,21.3,15.3,54.6,10.3
349,Marco Belinelli,PHI,32,6-5,210,None,Italy,2007,1,18,80.0,12.1,1.9,1.9,-1.4,1.0,6.6,19.7,58.1,11.5
350,Marcus Georges-Hunt,MIN,24,6-5,226,Georgia Tech,USA,Undrafted,Undrafted,Undrafted,42.0,1.4,0.4,0.2,-4.4,3.0,4.3,11.1,51.5,4.5
351,Marcus Morris Sr.,BOS,28,6-9,235,Kansas,USA,2011,1,14,54.0,13.6,5.4,1.3,0.7,2.9,16.6,22.2,54.1,8.2
352,Marcus Paige,CHA,24,6-0,164,North Carolina,USA,2016,2,55,5.0,2.4,0.8,0.6,15.9,0.0,16.7,22.4,40.3,14.3
353,Marcus Smart,BOS,24,6-4,220,Oklahoma State,USA,2014,1,6,54.0,10.2,3.5,4.8,6.2,2.6,8.5,18.7,47.9,23.4
354,Mario Chalmers,MEM,32,6-2,190,Kansas,USA,2008,2,34,66.0,7.7,2.4,3.0,-2.5,0.9,10.4,18.6,50.3,21.4
355,Mario Hezonja,ORL,23,6-8,218,None,Croatia,2015,1,5,75.0,9.6,3.7,1.4,-6.0,2.4,14.4,19.7,54.4,10.1
356,Markel Brown,HOU,26,6-3,190,Oklahoma State,USA,2014,2,44,4.0,1.3,1.3,0.5,-25.1,2.9,10.8,13.2,35.7,10.5
357,Markelle Fultz,PHI,20,6-4,200,Washington,USA,2017,1,1,14.0,7.1,3.1,3.8,4.8,3.9,10.5,21.8,41.6,29.4
358,Markieff Morris,WAS,28,6-10,245,Kansas,USA,2011,1,13,73.0,11.5,5.6,1.9,0.7,4.0,17.3,19.4,56.6,10.7
359,Marquese Chriss,PHX,20,6-10,240,Washington,USA,2016,1,8,72.0,7.7,5.5,1.2,-8.4,4.6,20.0,17.6,50.9,8.1
360,Marquis Teague,MEM,25,6-2,189,Kentucky,USA,2012,1,29,3.0,3.7,2.0,4.3,-19.7,1.2,7.2,12.1,30.2,24.1
361,Marreese Speights,ORL,30,6-10,255,Florida,USA,2008,1,16,52.0,7.7,2.6,0.8,1.6,3.0,15.2,26.5,53.9,10.4
362,Marshall Plumlee,MIL,25,7-0,250,Duke,USA,Undrafted,Undrafted,Undrafted,8.0,1.8,2.1,0.3,1.5,7.4,24.5,11.1,69.7,6.3
363,Marvin Williams,CHA,32,6-9,237,North Carolina,USA,2005,1,2,78.0,9.5,4.7,1.2,1.6,3.6,14.0,14.5,60.3,6.9
364,Mason Plumlee,DEN,28,6-11,255,Duke,USA,2013,1,22,74.0,7.1,5.4,1.9,-0.7,9.2,18.2,16.1,58.6,14.5
365,Matt Costello,SAS,24,6-10,240,Michigan State,USA,Undrafted,Undrafted,Undrafted,4.0,1.0,2.3,0.5,26.6,4.0,27.6,7.1,50.0,7.1
366,Matt Williams Jr.,MIA,24,6-5,210,Central Florida,USA,Undrafted,Undrafted,Undrafted,3.0,1.7,0.3,0.0,66.7,0.0,8.3,28.0,41.7,0.0
367,Matthew Dellavedova,MIL,27,6-4,198,St. Mary's,Australia,Undrafted,Undrafted,Undrafted,38.0,4.3,1.7,3.8,-5.5,2.1,7.5,13.4,50.0,29.6
368,Maurice Harkless,POR,25,6-9,220,"St. John's, N.Y.",USA,2012,1,15,59.0,6.5,2.7,0.9,-0.2,3.6,9.0,12.3,59.6,6.1
369,Maxi Kleber,DAL,26,6-11,220,None,Germany,Undrafted,Undrafted,Undrafted,72.0,5.4,3.3,0.7,-3.6,5.5,13.7,13.5,57.6,6.6
370,Meyers Leonard,POR,26,7-1,255,Illinois,USA,2012,1,11,33.0,3.4,2.1,0.5,-8.8,4.7,25.1,15.5,67.6,11.0
371,Michael Beasley,NYK,29,6-9,235,Kansas State,USA,2008,1,2,74.0,13.2,5.6,1.7,-4.0,5.7,19.1,26.1,55.6,12.2
372,Michael Carter-Williams,CHA,26,6-6,190,Syracuse,USA,2013,1,11,52.0,4.6,2.7,2.2,-3.5,4.0,13.1,16.6,44.6,21.4
373,Michael Kidd-Gilchrist,CHA,24,6-7,232,Kentucky,USA,2012,1,2,74.0,9.2,4.1,1.0,1.8,4.4,11.5,15.9,53.6,5.7
374,Mike Conley,MEM,30,6-1,175,Ohio State,USA,2007,1,4,12.0,17.1,2.3,4.1,-2.6,0.0,7.0,26.0,52.0,23.4
375,Mike James,NOP,27,6-1,195,Lamar,USA,Undrafted,Undrafted,Undrafted,36.0,9.3,2.5,3.5,-2.6,1.7,10.4,23.7,46.9,27.9
376,Mike Muscala,ATL,26,6-11,240,Bucknell,USA,2013,2,44,53.0,7.6,4.3,1.0,-4.4,4.9,15.2,14.9,59.7,7.4
377,Mike Scott,WAS,29,6-8,237,Virginia,USA,2012,2,43,76.0,8.8,3.3,1.1,-2.0,3.6,14.1,19.4,59.9,9.3
378,Miles Plumlee,ATL,29,6-11,249,Duke,USA,2012,1,26,55.0,4.3,4.1,0.8,-7.3,8.2,16.0,12.7,57.4,7.4
379,Milos Teodosic,LAC,31,6-5,196,None,Serbia,Undrafted,Undrafted,Undrafted,45.0,9.5,2.8,4.6,2.4,1.4,9.0,17.8,56.4,25.2
380,Milton Doyle,BKN,24,6-4,180,Loyola (IL),USA,2017,,,10.0,3.4,1.8,1.0,-5.3,2.1,12.5,17.3,33.7,12.2
381,Mindaugas Kuzminskas,NYK,28,6-9,215,None,Lithuania,Undrafted,Undrafted,Undrafted,1.0,0.0,0.0,0.0,0.0,0.0,0.0,50.0,0.0,0.0
382,Mirza Teletovic,MIL,32,6-9,242,None,Bosnia and Herzegovina,Undrafted,Undrafted,Undrafted,10.0,7.1,2.3,1.0,-10.4,2.1,12.8,18.3,62.3,10.3
383,Monte Morris,DEN,23,6-3,175,Iowa State,USA,2017,2,51,3.0,3.3,0.7,2.3,-14.8,0.0,8.0,13.6,72.7,36.8
384,Montrezl Harrell,LAC,24,6-8,240,Louisville,USA,2015,2,32,76.0,11.0,4.0,1.0,2.1,8.1,14.6,22.7,64.7,9.3
385,Myke Henry,MEM,25,6-6,210,DePaul,USA,2016,,,20.0,5.4,1.9,1.1,-4.1,2.6,8.1,14.8,47.2,8.3
386,Myles Turner,IND,22,6-11,255,Texas,USA,2015,1,11,65.0,12.7,6.4,1.3,3.0,5.2,17.4,19.9,56.7,7.1
387,Nate Wolters,UTA,27,6-4,190,South Dakota State,USA,2013,2,38,5.0,0.4,0.4,0.2,-0.5,4.5,5.6,12.5,16.7,7.7
388,Naz Mitrou-Long,UTA,24,6-4,218,Iowa State,Canada,Undrafted,Undrafted,Undrafted,1.0,3.0,0.0,0.0,250.0,0.0,0.0,50.0,150.0,0.0
389,Nemanja Bjelica,MIN,30,6-10,230,None,Serbia,2010,2,35,67.0,6.8,4.1,1.3,0.0,3.9,16.4,13.9,58.1,8.8
390,Nene,HOU,35,6-11,250,None,Brazil,2002,1,7,52.0,6.5,3.4,0.9,17.1,7.4,15.6,18.3,59.4,9.3
391,Nerlens Noel,DAL,24,6-11,220,Kentucky,USA,2013,1,6,30.0,4.4,5.6,0.7,-12.3,9.2,27.3,13.1,55.8,7.0
392,Nick Collison,OKC,37,6-10,255,Kansas,USA,2003,1,12,15.0,2.1,1.3,0.3,-3.2,8.6,17.6,18.1,62.7,8.7
393,Nick Young,GSW,33,6-7,210,Southern California,USA,2007,1,16,80.0,7.3,1.6,0.5,0.8,1.5,7.1,16.9,56.2,3.8
394,Nicolas Batum,CHA,29,6-8,200,None,France,2008,1,25,64.0,11.6,4.8,5.5,-0.4,2.8,12.4,17.8,52.3,25.5
395,Nicolas Brussino,ATL,25,6-8,195,None,Argentina,Undrafted,Undrafted,Undrafted,4.0,0.0,0.8,0.0,88.6,0.0,20.0,8.3,0.0,0.0
396,Nigel Hayes,SAC,23,6-7,254,Wisconsin,USA,Undrafted,Undrafted,Undrafted,9.0,3.0,2.4,0.7,3.8,3.0,14.5,13.1,39.3,7.7
397,Nik Stauskas,BKN,24,6-6,205,Michigan,Canada,2014,1,8,41.0,4.4,1.6,1.0,-4.6,0.7,10.7,15.9,54.3,11.5
398,Nikola Jokic,DEN,23,6-10,250,None,Serbia,2014,2,41,75.0,18.5,10.7,6.1,6.2,8.1,25.4,23.8,60.3,28.6
399,Nikola Mirotic,NOP,27,6-10,238,None,Montenegro,2011,1,23,55.0,15.6,7.4,1.5,4.2,3.8,21.3,22.3,57.7,7.9
400,Nikola Vucevic,ORL,27,7-0,260,Southern California,Montenegro,2011,1,16,57.0,16.5,9.2,3.4,-1.3,5.9,24.9,25.2,53.3,18.4
401,Noah Vonleh,CHI,22,6-9,245,Indiana,USA,2014,1,9,54.0,4.9,5.8,0.6,-2.1,7.4,26.5,14.2,50.9,5.9
402,Norman Powell,TOR,25,6-4,215,UCLA,USA,2015,2,46,70.0,5.5,1.7,1.3,-1.9,1.3,10.0,18.5,49.2,12.2
403,O.G. Anunoby,TOR,20,6-8,235,Indiana,United Kingdom,2017,1,23,74.0,5.9,2.5,0.7,10.0,3.0,9.0,12.1,58.7,4.9
404,Okaro White,CLE,25,6-8,215,Florida State,USA,Undrafted,Undrafted,Undrafted,6.0,3.3,1.8,0.3,0.6,4.1,9.9,10.1,57.7,3.4
405,Omari Johnson,MEM,29,6-9,220,Oregon State,Jamaica,Undrafted,Undrafted,Undrafted,4.0,5.5,2.8,1.8,10.5,6.0,10.3,13.9,52.4,10.6
406,Omer Asik,CHI,31,7-0,255,None,Turkey,2008,2,36,18.0,1.2,2.6,0.2,-6.4,5.4,20.8,9.0,39.7,2.0
407,Omri Casspi,GSW,30,6-9,225,None,Israel,2009,1,23,53.0,5.7,3.8,1.0,3.2,4.4,20.5,15.7,63.2,9.9
408,Otto Porter Jr.,WAS,25,6-8,198,Georgetown,USA,2013,1,3,77.0,14.7,6.4,2.0,5.1,4.4,16.1,18.2,60.2,9.6
409,P.J. Tucker,HOU,33,6-6,245,Texas,USA,2006,2,35,82.0,6.1,5.6,0.9,11.4,4.1,16.0,10.3,53.7,4.7
410,PJ Dozier,OKC,21,6-6,205,South Carolina,USA,Undrafted,Undrafted,Undrafted,2.0,1.0,0.5,0.0,-33.3,0.0,20.0,42.9,50.0,0.0
411,Pascal Siakam,TOR,24,6-9,230,New Mexico State,Cameroon,2016,1,27,81.0,7.3,4.5,2.0,8.9,4.8,16.8,15.4,54.9,13.3
412,Pat Connaughton,POR,25,6-5,210,Notre Dame,USA,2015,2,41,82.0,5.4,2.0,1.1,4.3,2.3,8.0,12.8,53.9,8.5
413,Patrick Beverley,LAC,29,6-1,185,Arkansas,USA,2009,2,42,11.0,12.2,4.1,2.9,6.0,4.7,9.2,19.8,53.0,15.0
414,Patrick McCaw,GSW,22,6-7,185,UNLV,USA,2016,2,38,57.0,4.0,1.4,1.4,-3.5,1.7,6.5,12.5,47.7,11.3
415,Patrick Patterson,OKC,29,6-9,230,Kentucky,USA,2010,1,14,82.0,3.9,2.4,0.7,-3.1,2.4,12.8,11.2,55.5,6.8
416,Patty Mills,SAS,29,6-0,185,St. Mary's,Australia,2009,2,55,82.0,10.0,1.9,2.8,2.6,1.2,6.1,17.2,55.8,15.8
417,Pau Gasol,SAS,37,7-0,250,None,Spain,2001,1,3,77.0,10.1,8.0,3.1,1.0,6.9,25.6,20.1,53.9,20.8
418,Paul George,OKC,28,6-9,220,Fresno State,USA,2010,1,10,79.0,21.9,5.7,3.3,3.7,2.3,13.2,24.8,57.0,14.3
419,Paul Millsap,DEN,33,6-8,246,Louisiana Tech,USA,2006,2,47,38.0,14.6,6.4,2.8,3.9,5.8,15.3,21.7,54.9,13.9
420,Paul Zipser,CHI,24,6-8,226,None,Germany,2016,2,48,54.0,4.0,2.4,0.9,-12.2,1.5,14.7,15.6,44.5,8.6
421,Quincy Acy,BKN,27,6-7,240,Baylor,USA,2012,2,37,70.0,5.9,3.7,0.8,-1.9,2.8,15.3,14.3,52.5,6.1
422,Quincy Pondexter,CHI,30,6-7,225,Washington,USA,2010,1,26,23.0,2.0,1.2,0.4,-20.8,3.5,10.3,15.1,39.8,7.8
423,Quinn Cook,GSW,25,6-2,179,Duke,USA,Undrafted,Undrafted,Undrafted,33.0,9.5,2.5,2.7,-2.2,1.4,9.4,17.6,59.3,17.9
424,RJ Hunter,HOU,24,6-5,185,Georgia State,USA,2015,1,28,5.0,3.8,1.0,0.6,1.1,0.0,9.4,21.4,45.5,11.1
425,Rajon Rondo,NOP,32,6-1,186,Kentucky,USA,2006,1,21,65.0,8.3,4.0,8.2,0.8,1.8,12.4,16.4,52.2,40.6
426,Ramon Sessions,WAS,32,6-3,190,Nevada-Reno,USA,2007,2,56,28.0,4.9,1.4,2.8,-10.8,1.5,8.6,18.7,47.9,29.7
427,Rashad Vaughn,ORL,21,6-6,202,UNLV,USA,2015,1,17,28.0,2.3,0.8,0.5,-1.8,1.6,8.5,13.7,54.6,9.0
428,Raul Neto,UTA,26,6-1,179,None,Brazil,2013,2,47,41.0,4.5,1.2,1.8,9.5,1.4,7.9,17.3,55.0,23.0
429,Raymond Felton,OKC,34,6-1,205,North Carolina,USA,2005,1,5,82.0,6.9,1.9,2.5,-1.3,1.8,9.7,21.0,49.4,25.5
430,Reggie Bullock,DET,27,6-7,205,North Carolina,USA,2013,1,25,62.0,11.3,2.5,1.5,0.6,1.5,7.2,15.3,61.5,8.1
431,Reggie Hearn,DET,26,6-5,210,Northwestern,USA,2013,0,0,3.0,1.0,0.0,0.0,-35.7,0.0,0.0,10.5,75.0,0.0
432,Reggie Jackson,DET,28,6-3,208,Boston College,USA,2011,1,24,45.0,14.6,2.8,5.3,0.4,2.3,8.4,26.5,51.6,33.1
433,Richard Jefferson,DEN,38,6-7,233,Arizona,USA,2001,1,13,20.0,1.5,0.9,0.8,-13.2,1.1,9.9,8.9,49.9,13.5
434,Richaun Holmes,PHI,24,6-10,235,Bowling Green,USA,2015,2,37,48.0,6.5,4.4,1.3,-1.6,7.4,18.2,15.9,58.5,12.2
435,Ricky Rubio,UTA,27,6-4,190,None,Spain,2009,1,5,77.0,13.1,4.6,5.3,4.7,2.0,13.9,22.2,53.7,28.3
436,Robert Covington,PHI,27,6-9,225,Tennessee State,USA,Undrafted,Undrafted,Undrafted,80.0,12.6,5.4,2.0,9.9,2.2,13.7,16.8,56.3,8.4
437,Robin Lopez,CHI,30,7-0,277,Stanford,USA,2008,1,15,64.0,11.8,4.5,1.9,-6.1,7.4,9.3,20.3,55.2,11.9
438,Rodney Hood,CLE,25,6-8,206,Duke,USA,2014,1,23,60.0,14.7,2.8,1.6,-2.3,1.4,9.1,24.0,54.6,9.7
439,Rodney McGruder,MIA,26,6-4,200,Kansas State,USA,Undrafted,Undrafted,Undrafted,18.0,5.1,1.8,0.9,5.5,3.5,7.8,11.4,59.5,7.5
440,Rodney Purvis,ORL,24,6-4,205,Connecticut,USA,Undrafted,Undrafted,Undrafted,16.0,6.0,1.7,1.1,-9.1,0.3,8.5,18.7,42.3,9.2
441,Ron Baker,NYK,25,6-4,220,Wichita State,USA,Undrafted,Undrafted,Undrafted,29.0,2.4,1.0,1.6,3.2,1.4,6.4,10.2,50.4,16.1
442,Rondae Hollis-Jefferson,BKN,23,6-7,214,Arizona,USA,2015,1,23,68.0,13.9,6.8,2.5,-3.7,5.0,17.5,21.7,54.8,14.3
443,Royce O'Neale,UTA,25,6-6,226,Baylor,USA,Undrafted,Undrafted,Undrafted,69.0,5.0,3.4,1.4,8.7,2.2,17.5,14.0,54.0,12.2
444,Rudy Gay,SAS,31,6-8,230,Connecticut,USA,2006,1,8,57.0,11.5,5.1,1.3,2.5,6.0,17.5,23.7,54.5,9.7
445,Rudy Gobert,UTA,26,7-1,245,None,France,2013,1,27,56.0,13.5,10.7,1.4,9.4,9.3,23.4,16.3,65.7,6.8
446,Russell Westbrook,OKC,29,6-3,200,UCLA,USA,2008,1,4,80.0,25.4,10.1,10.3,6.6,4.8,22.6,32.6,52.4,46.4
447,Ryan Anderson,HOU,30,6-10,240,California,USA,2008,1,21,66.0,9.3,5.0,0.9,6.9,5.4,13.9,14.1,59.2,5.0
448,Ryan Arcidiacono,CHI,24,6-3,195,Villanova,USA,Undrafted,Undrafted,Undrafted,24.0,2.0,1.0,1.5,-2.3,0.3,7.7,8.1,55.0,16.1
449,Salah Mejri,DAL,32,7-2,235,None,Tunisia,Undrafted,Undrafted,Undrafted,61.0,3.5,4.0,0.6,2.0,11.3,21.6,12.6,64.4,7.1
450,Sam Dekker,LAC,24,6-9,230,Wisconsin,USA,2015,1,18,73.0,4.2,2.4,0.5,4.2,5.0,13.6,14.8,53.4,5.9
451,Scotty Hopson,DAL,28,6-7,204,Tennessee,USA,2011,0,0,1.0,1.0,0.0,1.0,-36.4,0.0,0.0,11.1,26.6,20.0
452,Sean Kilpatrick,CHI,28,6-4,212,Cincinnati,USA,Undrafted,Undrafted,Undrafted,52.0,6.3,1.7,0.9,-8.6,0.7,13.1,24.2,50.7,12.1
453,Semi Ojeleye,BOS,23,6-7,235,Southern Methodist,USA,2017,2,37,73.0,2.7,2.2,0.3,-6.5,3.1,10.6,8.8,47.3,2.6
454,Serge Ibaka,TOR,28,6-10,235,None,Republic of the Congo,2008,1,24,76.0,12.6,6.3,0.8,6.8,3.7,18.3,18.9,57.4,4.4
455,Shabazz Muhammad,MIL,25,6-6,221,UCLA,USA,2013,1,14,43.0,5.0,1.8,0.3,-12.7,5.7,13.6,22.5,51.0,5.5
456,Shabazz Napier,POR,26,6-1,175,Connecticut,USA,2014,1,24,74.0,8.7,2.3,2.0,2.4,1.7,9.0,19.2,54.4,14.9
457,Shane Larkin,BOS,25,5-11,175,Miami,USA,2013,1,18,54.0,4.3,1.7,1.8,0.5,1.9,10.1,15.3,49.1,21.0
458,Shaquille Harrison,PHX,24,6-4,190,Tulsa,USA,Undrafted,Undrafted,Undrafted,23.0,6.6,2.7,2.4,6.1,2.3,13.0,17.3,54.0,19.9
459,Shaun Livingston,GSW,32,6-7,192,None,USA,2004,1,4,71.0,5.5,1.8,2.0,5.8,3.3,8.0,16.5,53.3,16.9
460,Shelvin Mack,ORL,28,6-3,203,Butler,USA,2011,2,34,69.0,6.9,2.4,3.9,-2.7,1.6,10.2,17.5,51.8,30.8
461,Sindarius Thornwell,LAC,23,6-5,215,South Carolina,USA,2017,2,48,73.0,3.9,1.9,0.9,-2.4,2.8,8.6,11.8,51.9,8.1
462,Skal Labissiere,SAC,22,6-11,225,Kentucky,Haiti,2016,1,28,60.0,8.7,4.8,1.2,-4.3,7.8,15.7,20.4,51.3,8.8
463,Solomon Hill,NOP,27,6-7,225,Arizona,USA,2013,1,23,12.0,2.4,3.0,1.8,-5.2,4.6,12.4,11.3,33.2,14.0
464,Spencer Dinwiddie,BKN,25,6-6,200,Colorado,USA,2014,2,38,80.0,12.6,3.2,6.6,-1.3,1.6,9.4,20.1,52.7,34.9
465,Stanley Johnson,DET,22,6-7,245,Arizona,USA,2015,1,8,69.0,8.7,3.7,1.6,-0.6,1.7,11.5,16.1,48.0,8.6
466,Stephen Curry,GSW,30,6-3,190,Davidson,USA,2009,1,7,51.0,26.4,5.1,6.1,13.0,2.4,12.4,29.0,67.5,27.2
467,Sterling Brown,MIL,23,6-6,230,Southern Methodist,USA,2017,2,46,54.0,4.0,2.6,0.5,-2.5,3.5,14.7,13.5,50.3,4.9
468,Steven Adams,OKC,24,7-0,255,Pittsburgh,New Zealand,2013,1,12,76.0,13.9,9.0,1.2,6.4,14.2,12.3,16.0,63.0,5.1
469,T.J. Leaf,IND,21,6-10,230,UCLA,USA,2017,1,18,53.0,2.9,1.5,0.2,-11.7,5.8,11.9,13.6,54.5,2.8
470,T.J. McConnell,PHI,26,6-2,190,Arizona,USA,2015,0,,76.0,6.3,3.0,4.0,-1.4,2.1,10.0,13.4,54.5,25.8
471,T.J. Warren,PHX,24,6-8,215,North Carolina State,USA,2014,1,14,65.0,19.6,5.1,1.3,-9.0,5.5,9.3,24.3,54.1,6.9
472,Taj Gibson,MIN,33,6-9,235,Southern California,USA,2009,1,26,82.0,12.2,7.1,1.2,4.6,7.2,14.6,14.4,61.0,5.1
473,Tarik Black,HOU,26,6-9,250,Kansas,USA,Undrafted,Undrafted,Undrafted,51.0,3.5,3.2,0.3,-7.3,10.8,18.1,14.7,58.2,4.2
474,Taurean Prince,ATL,24,6-8,220,Baylor,USA,2016,1,12,82.0,14.1,4.7,2.6,-7.5,2.0,13.8,21.6,54.9,13.5
475,Terrance Ferguson,OKC,20,6-7,184,None,USA,2017,1,21,61.0,3.1,0.8,0.3,-4.5,2.3,3.8,10.4,54.5,3.5
476,Terrence Ross,ORL,27,6-7,206,Washington,USA,2012,1,8,24.0,8.7,3.0,1.6,-3.8,1.6,10.2,16.6,50.5,8.8
477,Terry Rozier,BOS,24,6-2,190,Louisville,USA,2015,1,16,80.0,11.3,4.7,2.9,2.6,2.9,14.4,19.9,52.0,18.4
478,Thabo Sefolosha,UTA,34,6-7,220,None,Switzerland,2006,1,13,38.0,8.2,4.2,0.9,3.8,3.8,17.0,16.2,59.1,6.6
479,Thaddeus Young,IND,30,6-8,230,Georgia Tech,USA,2007,1,12,81.0,11.8,6.3,1.9,3.7,7.4,12.8,17.1,52.8,8.5
480,Thomas Bryant,LAL,20,6-10,248,Indiana,USA,2017,2,42,15.0,1.5,1.1,0.4,-5.9,4.1,19.7,16.1,44.1,12.8
481,Thon Maker,MIL,21,7-1,223,None,South Sudan,2016,1,10,74.0,4.8,3.0,0.6,-5.0,6.4,13.0,14.7,49.9,5.5
482,Tim Frazier,WAS,27,6-1,170,Penn State,USA,Undrafted,Undrafted,Undrafted,59.0,3.0,1.9,3.3,-5.5,2.1,12.1,12.5,47.5,32.7
483,Tim Hardaway Jr.,NYK,26,6-6,205,Michigan,USA,2013,1,24,57.0,17.5,3.9,2.7,-1.9,1.6,9.9,22.9,53.3,12.3
484,Tim Quarterman,HOU,23,6-6,190,Louisiana State,USA,2016,,,3.0,1.3,1.0,0.3,-36.9,0.0,18.8,16.7,51.5,25.0
485,Timofey Mozgov,BKN,31,7-1,275,None,Russia,Undrafted,Undrafted,Undrafted,31.0,4.2,3.2,0.4,-12.8,8.3,17.8,16.1,61.7,5.0
486,Timothe Luwawu-Cabarrot,PHI,23,6-6,200,None,France,2016,1,24,52.0,5.8,1.4,1.0,-0.1,1.7,6.4,16.8,51.1,9.8
487,Tobias Harris,LAC,25,6-9,235,Tennessee,USA,2011,1,19,80.0,18.6,5.5,2.4,-2.3,2.1,14.5,22.7,56.5,11.5
488,Tomas Satoransky,WAS,26,6-7,210,None,Czech Republic,2012,2,32,73.0,7.2,3.2,3.9,1.5,4.5,9.9,13.4,61.5,24.6
489,Tony Allen,NOP,36,6-4,213,Oklahoma State,USA,2004,1,25,22.0,4.7,2.1,0.4,-2.0,7.4,9.1,18.1,51.4,5.1
490,Tony Bradley,UTA,20,6-10,248,North Carolina,USA,2017,1,28,9.0,0.9,1.2,0.1,-2.9,10.5,25.0,15.8,33.7,5.6
491,Tony Parker,SAS,36,6-2,185,None,France,2001,1,28,55.0,7.7,1.7,3.5,-1.2,0.7,8.3,20.1,49.8,28.2
492,Tony Snell,MIL,26,6-7,221,New Mexico,USA,2013,1,20,75.0,6.9,1.9,1.3,-0.9,0.5,6.6,10.5,57.8,6.4
493,Torrey Craig,DEN,27,6-6,215,South Carolina Upstate,USA,Undrafted,Undrafted,Undrafted,39.0,4.2,3.3,0.6,-2.9,6.4,13.4,11.6,53.5,5.4
494,Travis Wear,LAL,27,6-10,225,UCLA,USA,Undrafted,Undrafted,Undrafted,17.0,4.4,2.2,0.4,2.1,0.0,16.3,15.2,49.7,4.5
495,Treveon Graham,CHA,24,6-5,219,Virginia Commonwealth,USA,Undrafted,Undrafted,Undrafted,63.0,4.3,1.9,0.9,-4.6,3.6,7.9,11.2,55.3,8.2
496,Trevor Ariza,HOU,33,6-8,215,UCLA,USA,2004,2,43,67.0,11.7,4.4,1.6,8.3,1.4,11.6,14.1,56.7,6.6
497,Trevor Booker,IND,30,6-8,228,Clemson,USA,2010,1,23,68.0,6.3,4.7,1.2,-0.7,9.7,17.2,15.9,55.7,10.6
498,Trey Burke,NYK,25,6-1,191,Michigan,USA,2013,1,9,36.0,12.8,2.0,4.7,-4.2,1.7,7.4,24.9,56.3,32.9
499,Trey Lyles,DEN,22,6-10,234,Kentucky,Canada,2015,1,12,73.0,9.9,4.8,1.2,-0.2,3.9,21.5,20.5,59.1,10.5
500,Trey McKinney-Jones,IND,27,6-5,220,Miami,USA,Undrafted,Undrafted,Undrafted,1.0,0.0,0.0,0.0,-33.3,0.0,0.0,0.0,0.0,0.0
501,Tristan Thompson,CLE,27,6-9,238,University of Texas at Austin,Canada,2011,1,4,53.0,5.8,6.6,0.6,-5.5,11.3,21.0,12.1,56.9,4.3
502,Troy Daniels,PHX,26,6-4,205,Va Commonwealth,USA,Undrafted,Undrafted,Undrafted,79.0,8.9,1.6,0.6,-12.2,0.7,6.9,16.8,58.3,4.7
503,Troy Williams,NYK,23,6-7,218,Indiana,USA,Undrafted,Undrafted,Undrafted,21.0,6.3,3.0,0.8,-3.9,7.1,13.7,19.2,54.4,7.1
504,Tyler Cavanaugh,ATL,24,6-9,238,George Washington,USA,Undrafted,Undrafted,Undrafted,39.0,4.7,3.3,0.7,-2.1,8.1,17.1,13.9,56.7,7.6
505,Tyler Dorsey,ATL,22,6-5,183,Oregon,USA,2017,2,41,56.0,7.2,2.3,1.4,-7.1,1.6,11.2,19.3,49.4,12.8
506,Tyler Ennis,LAL,23,6-3,194,Syracuse,Canada,2014,1,18,54.0,4.1,1.8,1.9,-1.7,2.6,10.1,16.9,47.3,23.4
507,Tyler Johnson,MIA,26,6-4,190,Fresno State,USA,Undrafted,Undrafted,Undrafted,72.0,11.7,3.4,2.3,1.0,1.6,10.5,18.0,54.9,12.3
508,Tyler Lydon,DEN,22,6-9,220,Syracuse,USA,2017,1,24,1.0,0.0,0.0,0.0,-150.0,0.0,0.0,0.0,0.0,0.0
509,Tyler Ulis,PHX,22,5-10,160,Kentucky,USA,2016,2,34,71.0,7.8,1.8,4.4,-8.6,1.4,6.1,18.4,46.5,28.2
510,Tyler Zeller,MIL,28,7-0,250,North Carolina,USA,2012,1,17,66.0,6.7,4.6,0.7,0.8,9.4,16.8,15.7,59.8,6.3
511,Tyreke Evans,MEM,28,6-6,220,Memphis,USA,2009,1,4,52.0,19.4,5.1,5.2,0.1,2.7,13.7,27.7,56.1,30.4
512,Tyrone Wallace,LAC,24,6-5,198,California,USA,2016,2,60,30.0,9.7,3.5,2.4,-1.5,2.4,9.1,15.9,51.7,11.5
513,Tyson Chandler,PHX,35,7-1,240,None,USA,2001,1,2,46.0,6.5,9.1,1.2,-10.2,10.9,24.1,10.5,65.8,6.5
514,Tyus Jones,MIN,22,6-2,184,Duke,USA,2015,1,24,82.0,5.1,1.6,2.8,5.6,1.1,8.3,12.4,57.2,21.5
515,Udonis Haslem,MIA,38,6-8,235,Florida,USA,Undrafted,Undrafted,Undrafted,14.0,0.6,0.7,0.4,-0.9,3.9,9.2,11.3,25.2,11.9
516,Vander Blue,LAL,25,6-5,200,Marquette,USA,Undrafted,Undrafted,Undrafted,5.0,0.6,0.2,0.6,17.6,0.0,2.2,8.5,25.5,8.6
517,Victor Oladipo,IND,26,6-4,210,Indiana,USA,2013,1,2,75.0,23.1,5.2,4.3,5.9,1.9,13.2,29.5,57.7,20.9
518,Vince Carter,SAC,41,6-6,220,North Carolina,USA,1998,1,5,58.0,5.4,2.6,1.2,-3.3,1.7,13.0,14.4,52.3,9.9
519,Vincent Hunter,MEM,23,6-8,208,Texas-El Paso,USA,Undrafted,Undrafted,Undrafted,4.0,1.5,0.8,0.0,30.9,18.2,16.7,25.0,60.0,0.0
520,Wade Baldwin IV,POR,22,6-4,202,Vanderbilt,USA,2016,1,17,7.0,5.4,1.1,0.7,6.0,1.4,9.0,15.9,74.8,9.3
521,Walt Lemon Jr.,NOP,25,6-3,180,Bradley,USA,2014,,,5.0,3.4,0.4,1.0,-14.5,0.0,6.5,25.6,49.1,17.2
522,Wayne Ellington,MIA,30,6-5,200,North Carolina,USA,2009,1,28,77.0,11.2,2.8,1.0,2.2,1.1,9.4,16.7,58.8,6.0
523,Wayne Selden,MEM,23,6-5,230,Kansas,USA,2016,,,35.0,9.3,1.6,1.9,-8.4,2.3,6.0,21.2,55.1,15.4
524,Wes Iwundu,ORL,23,6-7,195,Kansas State,USA,2017,2,33,62.0,3.7,2.2,0.9,-4.6,3.3,10.0,11.4,48.0,8.4
525,Wesley Johnson,LAC,30,6-7,215,Syracuse,USA,2010,1,4,74.0,5.4,2.9,0.8,-1.4,1.9,12.2,12.6,51.2,5.6
526,Wesley Matthews,DAL,31,6-5,220,Marquette,USA,Undrafted,Undrafted,Undrafted,63.0,12.7,3.1,2.7,-7.2,1.3,8.5,17.3,54.1,12.5
527,Will Barton,DEN,27,6-6,190,Memphis,USA,2012,2,40,81.0,15.7,5.0,4.1,2.1,2.6,12.6,20.1,56.2,18.5
528,Willie Cauley-Stein,SAC,24,7-0,240,Kentucky,USA,2015,1,6,73.0,12.8,7.0,2.4,-7.8,6.4,19.7,21.5,52.9,13.5
529,Willie Reed,DET,28,6-11,245,St. Louis,USA,2011,0,0,42.0,4.6,2.9,0.2,2.8,8.0,20.5,15.9,67.1,3.5
530,Willy Hernangomez,CHA,24,6-11,240,None,Spain,2015,2,35,48.0,5.1,3.8,0.7,0.1,11.5,24.8,20.3,60.4,10.9
531,Wilson Chandler,DEN,31,6-9,225,DePaul,USA,2007,1,23,74.0,10.0,5.4,2.1,1.4,4.4,12.7,14.2,54.2,9.4
532,Xavier Munford,MIL,26,6-4,173,Rhode Island,USA,2014,,,6.0,0.5,0.2,0.7,-23.2,5.0,0.0,18.4,21.8,36.4
533,Xavier Rathan-Mayes,MEM,24,6-4,208,Florida State,Canada,2017,,,5.0,5.8,1.0,3.6,-24.2,0.0,5.3,20.7,31.5,24.7
534,Xavier Silas,BOS,30,6-5,205,Northern Illinois,USA,2011,,,2.0,0.0,1.0,0.0,5.9,9.1,12.5,13.6,0.0,0.0
535,Yogi Ferrell,DAL,25,6-0,180,Indiana,USA,Undrafted,Undrafted,Undrafted,82.0,10.2,3.0,2.5,0.2,1.1,9.7,16.6,54.0,13.7
536,Zach Collins,POR,20,7-0,230,Gonzaga,USA,2017,1,10,66.0,4.4,3.3,0.8,1.3,4.4,16.3,15.3,47.5,7.0
537,Zach LaVine,CHI,23,6-5,185,UCLA,USA,2014,1,13,24.0,16.7,3.9,3.0,-12.1,1.3,13.8,29.0,49.9,18.7
538,Zach Randolph,SAC,36,6-9,250,Michigan State,USA,2001,1,19,59.0,14.5,6.7,2.2,-12.2,6.3,21.5,27.0,52.9,14.6
539,Zaza Pachulia,GSW,34,6-11,270,None,Georgia,2003,2,42,69.0,5.4,4.7,1.6,9.4,10.0,22.3,16.5,61.2,14.1
540,Zhou Qi,HOU,22,7-1,210,None,China,2016,2,43,18.0,1.2,1.2,0.1,-26.1,4.2,11.6,16.3,29.5,2.8
