,Player,Team,Age,Height,Weight,COLLEGE,COUNTRY,DRAFT YEAR,DRAFT ROUND,DRAFT NUMBER,GP,PTS,REB,AST,NETRTG,OREB%,DREB%,USG%,TS%,AST%
0,,,,,,,,,,,,,,,,,,,,
1,Aaron Gordon,DEN,25,6-8,235,Arizona,USA,2014,1,4,50.0,12.4,5.7,3.2,2.1,5.5,15.0,20.4,54.7,16.5
2,Aaron Holiday,IND,24,6-0,185,UCLA,USA,2018,1,23,66.0,7.2,1.3,1.9,-0.2,1.2,6.0,18.9,50.3,13.9
3,Aaron Nesmith,BOS,21,6-5,215,Vanderbilt,USA,2020,1,14,46.0,4.7,2.8,0.5,-0.5,4.1,14.6,13.3,57.3,4.7
4,Abdel Nader,PHX,27,6-5,225,Iowa State,Egypt,2016,2,58,24.0,6.7,2.6,0.8,5.0,2.0,15.1,18.3,60.5,7.8
5,Adam Mokoka,CHI,22,6-4,190,None,France,Undrafted,Undrafted,Undrafted,14.0,1.1,0.4,0.4,-7.1,1.7,7.7,17.1,38.6,17.9
6,Al Horford,OKC,35,6-9,240,Florida,Dominican Republic,2007,1,3,28.0,14.2,6.7,3.4,-6.9,3.4,19.5,22.1,53.8,20.6
7,Al-Farouq Aminu,CHI,30,6-8,220,Wake Forest,USA,2010,1,8,23.0,4.4,4.8,1.3,-6.2,5.0,20.0,13.8,46.9,10.1
8,Alec Burks,NYK,29,6-6,214,Colorado,USA,2011,1,12,49.0,12.7,4.6,2.2,5.0,1.6,15.6,20.8,56.4,13.5
9,Aleksej Pokusevski,OKC,19,7-0,190,None,Serbia,2020,1,17,45.0,8.2,4.7,2.2,-16.7,2.5,15.5,19.7,43.0,13.3
10,Alen Smailagic,GSW,20,6-10,215,None,Serbia,2019,2,39,15.0,1.9,1.1,0.3,-17.6,6.5,11.1,16.5,47.2,7.8
11,Alex Caruso,LAL,27,6-4,186,Texas A&M,USA,Undrafted,Undrafted,Undrafted,58.0,6.4,2.9,2.8,5.5,2.5,11.4,14.4,54.7,19.0
12,Alex Len,WAS,28,7-0,250,Maryland,Ukraine,2013,1,5,64.0,6.6,4.1,0.8,-4.0,7.7,17.4,16.1,64.3,6.9
13,Alfonzo McKinnie,LAL,28,6-7,215,Wisconsin-Green Bay,USA,Undrafted,Undrafted,Undrafted,39.0,3.1,1.4,0.2,0.7,7.6,11.3,16.4,60.4,3.6
14,Alize Johnson,BKN,25,6-7,212,Missouri State,USA,2018,2,50,18.0,5.2,5.0,0.8,-4.5,12.7,32.0,17.5,63.8,11.0
15,Amida Brimah,IND,27,6-10,230,Connecticut,USA,Undrafted,Undrafted,Undrafted,5.0,2.6,1.6,0.2,32.8,7.7,15.0,17.6,69.7,4.2
16,Amir Coffey,LAC,24,6-7,210,Minnesota,USA,Undrafted,Undrafted,Undrafted,44.0,3.2,1.0,0.5,-1.2,2.3,8.1,14.5,58.5,9.0
17,Anderson Varejao,CLE,38,6-11,260,None,Brazil,2004,2,30,5.0,2.6,4.0,0.6,-37.6,14.6,34.2,22.8,32.6,15.0
18,Andre Drummond,LAL,27,6-10,279,Connecticut,USA,2012,1,9,46.0,14.9,12.0,2.0,-3.9,13.2,33.6,26.9,51.9,12.4
19,Andre Iguodala,MIA,37,6-6,215,Arizona,USA,2004,1,9,63.0,4.4,3.5,2.3,-2.5,3.0,13.4,10.9,51.9,15.3
20,Andre Roberson,BKN,29,6-7,210,Colorado,USA,2013,1,26,5.0,1.2,3.0,0.8,-18.4,10.3,13.6,11.7,20.2,9.8
21,Andrew Wiggins,GSW,26,6-7,197,Kansas,Canada,2014,1,1,71.0,18.6,4.9,2.4,-0.2,3.4,10.6,22.9,56.8,11.0
22,Anfernee Simons,POR,22,6-3,181,None,USA,2018,1,24,64.0,7.8,2.2,1.4,0.8,1.2,10.9,18.0,58.9,11.7
23,Anthony Davis,LAL,28,6-10,253,Kentucky,USA,2012,1,1,36.0,21.8,7.9,3.1,5.2,5.4,19.8,28.7,55.6,15.4
24,Anthony Edwards,MIN,19,6-4,225,Georgia,USA,2020,1,1,72.0,19.3,4.7,2.9,-5.0,2.3,12.1,26.4,52.3,14.2
25,Anthony Gill,WAS,28,6-7,230,Virginia,USA,Undrafted,Undrafted,Undrafted,26.0,3.1,2.0,0.4,-1.6,7.4,15.1,14.3,59.7,7.3
26,Anthony Lamb,HOU,23,6-6,227,Vermont,USA,Undrafted,Undrafted,Undrafted,24.0,5.5,2.9,1.0,-9.2,5.5,10.9,14.4,52.3,8.0
27,Anthony Tolliver,PHI,36,6-8,240,Creighton,USA,Undrafted,Undrafted,Undrafted,11.0,1.5,0.9,0.2,16.6,2.8,7.1,9.0,43.3,2.5
28,Anzejs Pasecniks,WAS,25,7-1,229,None,Latvia,2017,1,25,1.0,0.0,1.0,1.0,-104.4,14.3,0.0,37.5,0.0,33.3
29,Armoni Brooks,HOU,23,6-3,195,Houston,USA,2019,,,20.0,11.2,3.4,1.5,-11.7,1.7,11.2,17.5,56.5,9.0
30,Aron Baynes,TOR,34,6-10,260,Washington State,Australia,Undrafted,Undrafted,Undrafted,53.0,6.1,5.2,0.9,-4.4,8.2,19.2,15.7,50.3,7.0
31,Ashton Hagans,MIN,21,6-3,190,Kentucky,USA,Undrafted,Undrafted,Undrafted,2.0,0.0,0.0,0.0,-21.8,0.0,0.0,8.3,0.0,0.0
32,Austin Rivers,DEN,28,6-4,200,Duke,USA,2012,1,10,36.0,7.9,2.3,2.3,0.0,0.9,8.8,15.0,55.1,13.6
33,Avery Bradley,HOU,30,6-3,180,Texas-Austin,USA,2010,1,19,27.0,6.4,2.1,1.7,-10.2,1.3,7.8,14.6,48.7,10.8
34,Axel Toupane,MIL,28,6-7,210,None,France,Undrafted,Undrafted,Undrafted,8.0,1.8,0.8,0.5,-2.2,0.0,8.2,9.2,49.7,9.8
35,Bam Adebayo,MIA,23,6-9,255,Kentucky,USA,2017,1,14,64.0,18.7,9.0,5.4,0.6,7.0,20.4,23.3,62.6,26.7
36,Ben McLemore,LAL,28,6-3,195,Kansas,USA,2013,1,7,53.0,7.7,1.9,0.7,-4.2,1.5,9.1,19.2,52.3,6.4
37,Ben Simmons,PHI,24,6-11,240,Louisiana State,Australia,2016,1,1,58.0,14.3,7.2,6.9,8.0,5.1,16.6,20.0,58.4,30.8
38,Bismack Biyombo,CHA,28,6-8,255,None,DRC,2011,1,7,66.0,5.0,5.3,1.2,-8.9,9.4,15.0,11.3,57.4,8.7
39,Blake Griffin,BKN,32,6-9,250,Oklahoma,USA,2009,1,1,46.0,11.0,4.9,3.0,2.1,2.9,15.9,19.1,54.6,17.1
40,Boban Marjanovic,DAL,32,7-4,290,None,Serbia,Undrafted,Undrafted,Undrafted,33.0,4.7,3.9,0.3,5.9,15.9,29.1,23.1,56.2,6.0
41,Bobby Portis,MIL,26,6-10,250,Arkansas,USA,2015,1,22,66.0,11.4,7.1,1.1,5.1,8.5,22.9,20.2,59.8,7.5
42,Bogdan Bogdanovic,ATL,28,6-6,220,None,Serbia,2014,1,27,44.0,16.4,3.6,3.3,3.9,1.6,10.4,21.0,61.6,16.9
43,Bojan Bogdanovic,UTA,32,6-7,226,None,Croatia,2011,2,31,72.0,17.0,3.9,1.9,9.5,1.8,9.9,22.5,58.8,9.1
44,Bol Bol,DEN,21,7-2,220,Oregon,Sudan,2019,2,44,32.0,2.2,0.8,0.2,-24.9,0.0,15.4,19.1,53.4,6.7
45,Brad Wanamaker,CHA,31,6-3,210,Pittsburgh,USA,Undrafted,Undrafted,Undrafted,61.0,5.5,1.7,2.9,-5.7,1.6,8.0,16.6,48.9,25.1
46,Bradley Beal,WAS,28,6-3,207,Florida,USA,2012,1,3,60.0,31.3,4.7,4.4,-0.4,3.3,9.4,33.1,59.3,20.2
47,Brandon Clarke,MEM,24,6-8,215,Gonzaga,Canada,2019,1,21,59.0,10.3,5.6,1.6,0.2,6.4,16.0,16.7,56.0,9.4
48,Brandon Goodwin,ATL,25,6-0,180,Florida Gulf Coast,USA,Undrafted,Undrafted,Undrafted,47.0,4.9,1.5,2.0,-4.4,1.2,9.7,19.0,47.1,24.6
49,Brandon Ingram,NOP,23,6-8,190,Duke,USA,2016,1,2,61.0,23.8,4.9,4.9,1.0,1.6,12.6,27.9,58.4,21.8
50,Brian Bowen II,IND,22,6-6,190,None,USA,Undrafted,Undrafted,Undrafted,6.0,0.5,0.5,0.0,9.4,0.0,15.8,9.8,33.8,0.0
51,Brodric Thomas,CLE,24,6-5,185,None,USA,Undrafted,Undrafted,Undrafted,32.0,3.9,1.7,0.9,-4.5,1.9,10.7,15.8,48.7,11.5
52,Brook Lopez,MIL,33,7-0,282,Stanford,USA,2008,1,10,70.0,12.3,5.0,0.7,6.8,5.4,11.5,16.6,61.1,3.3
53,Bruce Brown,BKN,24,6-4,202,Miami,USA,2018,2,42,65.0,8.8,5.4,1.6,3.5,8.1,15.4,15.7,60.4,9.9
54,Bruno Caboclo,HOU,25,6-9,218,None,Brazil,2014,1,20,6.0,2.8,2.3,0.2,2.3,6.4,26.8,23.2,47.5,4.8
55,Bruno Fernando,ATL,22,6-9,240,Maryland,Angola,2019,2,34,33.0,1.5,2.4,0.3,-6.0,6.6,25.6,13.3,47.5,6.9
56,Bryn Forbes,MIL,27,6-2,205,Michigan State,USA,Undrafted,Undrafted,Undrafted,70.0,10.0,1.6,0.6,2.7,0.8,6.9,18.0,63.1,4.5
57,Buddy Hield,SAC,28,6-4,220,Oklahoma,Bahamas,2016,1,6,71.0,16.6,4.7,3.6,-1.8,1.2,12.6,20.1,56.7,14.1
58,CJ Elleby,POR,21,6-6,200,Washington State,USA,2020,2,46,30.0,2.3,1.1,0.3,-5.3,4.9,8.9,16.0,46.8,7.6
59,CJ McCollum,POR,29,6-3,190,Lehigh,USA,2013,1,10,47.0,23.1,3.9,4.7,6.2,1.8,9.9,26.5,57.7,22.0
60,Caleb Martin,CHA,25,6-5,205,Nevada,USA,Undrafted,Undrafted,Undrafted,53.0,5.0,2.7,1.3,-4.9,3.6,12.5,16.4,46.5,12.3
61,Cam Reddish,ATL,21,6-8,218,Duke,USA,2019,1,10,26.0,11.2,4.0,1.3,-4.0,2.8,10.9,18.3,48.8,6.6
62,Cam Reynolds,HOU,26,6-7,225,Tulane,USA,Undrafted,Undrafted,Undrafted,5.0,3.0,1.0,0.4,-28.3,3.7,7.9,18.2,41.7,9.5
63,Cameron Johnson,PHX,25,6-8,210,North Carolina,USA,2019,1,11,60.0,9.6,3.3,1.4,5.7,2.3,11.8,16.4,56.3,8.3
64,Cameron Oliver,HOU,24,6-8,225,Nevada,USA,Undrafted,Undrafted,Undrafted,4.0,10.8,5.3,1.3,-5.2,5.0,18.8,17.4,61.9,8.6
65,Cameron Payne,PHX,26,6-1,183,Murray State,USA,2015,1,14,60.0,8.4,2.4,3.6,7.8,1.6,11.9,19.3,60.2,28.1
66,Caris LeVert,IND,26,6-6,205,Michigan,USA,2016,1,20,47.0,20.2,4.6,5.2,-0.2,2.2,11.1,27.9,53.1,25.5
67,Carmelo Anthony,POR,37,6-7,238,Syracuse,USA,2003,1,3,69.0,13.4,3.1,1.5,-0.6,1.7,10.7,22.8,54.7,9.7
68,Carsen Edwards,BOS,23,5-11,200,Purdue,USA,2019,2,33,31.0,4.0,0.8,0.5,-4.1,1.0,8.4,18.7,52.7,7.5
69,Cassius Stanley,IND,21,6-5,190,Duke,USA,2020,2,54,24.0,1.5,0.8,0.0,9.4,6.7,11.0,19.8,38.3,1.7
70,Cassius Winston,WAS,23,6-1,185,Michigan State,USA,2020,2,53,22.0,1.9,0.4,0.5,-21.4,0.0,8.7,18.2,57.5,22.2
71,Cedi Osman,CLE,26,6-7,230,None,Turkey,2015,2,31,59.0,10.4,3.4,2.9,-11.0,2.4,11.3,19.8,48.8,17.3
72,Chandler Hutchison,WAS,25,6-6,210,Boise State,USA,2018,1,22,25.0,4.3,3.1,0.7,-5.2,1.6,19.5,15.5,46.9,6.1
73,Charlie Brown Jr.,OKC,24,6-6,199,St. Joseph's (PA),USA,Undrafted,Undrafted,Undrafted,9.0,4.4,1.9,1.0,-12.7,1.7,9.1,14.0,42.2,8.0
74,Chasson Randle,ORL,28,6-2,185,Stanford,USA,2015,,,41.0,6.5,2.0,1.8,-15.0,0.8,8.4,15.4,51.5,14.3
75,Chimezie Metu,SAC,24,6-9,225,Southern California,USA,2018,2,49,36.0,6.3,3.1,0.8,-7.8,6.4,17.5,19.4,57.1,8.0
76,Chris Boucher,TOR,28,6-9,200,Oregon,Saint Lucia,Undrafted,Undrafted,Undrafted,60.0,13.6,6.7,1.1,3.8,7.8,19.2,20.2,63.4,6.8
77,Chris Chiozza,BKN,25,5-11,175,Florida,USA,Undrafted,Undrafted,Undrafted,22.0,4.0,1.1,3.0,3.0,1.2,8.8,20.0,46.1,38.2
78,Chris Paul,PHX,36,6-0,175,Wake Forest,USA,2005,1,4,70.0,16.4,4.5,8.9,6.5,1.2,13.1,22.1,59.9,40.5
79,Chris Silva,SAC,24,6-8,234,South Carolina,Gabon,Undrafted,Undrafted,Undrafted,15.0,2.1,1.8,0.4,-0.5,8.2,21.7,15.1,70.8,10.2
80,Christian Wood,HOU,25,6-10,214,UNLV,USA,Undrafted,Undrafted,Undrafted,41.0,21.0,9.6,1.7,-3.8,5.5,22.8,25.5,59.1,8.9
81,Chuma Okeke,ORL,22,6-6,229,Auburn,USA,2019,1,16,45.0,7.8,4.0,2.2,-7.2,3.3,11.7,14.2,51.1,13.2
82,Clint Capela,ATL,27,6-10,240,None,Switzerland,2014,1,25,63.0,15.2,14.3,0.8,6.6,15.5,30.1,19.3,60.1,3.9
83,Coby White,CHI,21,6-5,195,North Carolina,USA,2019,1,7,69.0,15.1,4.1,4.8,-2.7,1.3,11.6,21.9,54.0,21.8
84,Cody Martin,CHA,25,6-5,205,Nevada,USA,2019,2,36,52.0,4.0,3.1,1.7,1.0,5.9,12.6,12.3,50.0,13.8
85,Cody Zeller,CHA,28,6-11,240,Indiana,USA,2013,1,4,48.0,9.4,6.8,1.8,2.0,11.5,21.0,17.7,59.9,12.5
86,Cole Anthony,ORL,21,6-2,185,North Carolina,USA,2020,1,15,47.0,12.9,4.7,4.1,-12.8,2.7,14.2,23.5,49.6,24.1
87,Collin Sexton,CLE,22,6-1,190,Alabama,USA,2018,1,8,60.0,24.3,3.1,4.4,-9.2,2.7,6.3,28.6,57.3,22.2
88,Cory Joseph,DET,29,6-3,200,Texas,Canada,2011,1,29,63.0,8.2,2.5,3.4,-5.5,2.4,8.5,15.9,55.6,20.4
89,Cristiano Felicio,CHI,28,6-11,270,None,Brazil,Undrafted,Undrafted,Undrafted,18.0,1.3,1.4,0.5,7.1,11.2,20.5,11.7,57.4,15.5
90,D'Angelo Russell,MIN,25,6-4,193,Ohio State,USA,2015,1,2,42.0,19.0,2.6,5.8,-7.0,1.2,7.7,28.3,55.5,32.3
91,D.J. Augustin,HOU,33,5-11,183,University of Texas at Austin,USA,2008,1,9,57.0,7.7,1.6,3.3,-1.8,1.7,6.3,16.4,57.0,22.3
92,D.J. Wilson,HOU,25,6-10,231,Michigan,USA,2017,1,17,35.0,5.2,3.2,0.7,-11.3,4.2,19.9,19.5,51.1,8.8
93,DaQuan Jeffries,SAS,23,6-5,230,Tulsa,USA,Undrafted,Undrafted,Undrafted,31.0,4.1,2.3,0.7,-4.5,3.6,10.3,11.4,51.4,5.9
94,Dakota Mathias,PHI,25,6-4,200,Purdue,USA,2018,,,8.0,6.0,0.9,1.6,-10.6,0.7,4.1,16.6,47.4,15.7
95,Damian Jones,SAC,26,6-11,245,Vanderbilt,USA,2016,1,30,39.0,4.7,3.1,0.7,-5.1,6.4,15.6,12.0,71.2,7.5
96,Damian Lillard,POR,30,6-2,195,Weber State,USA,2012,1,6,67.0,28.8,4.2,7.5,4.0,1.2,10.4,30.6,62.3,33.4
97,Damion Lee,GSW,28,6-5,210,Drexel,USA,Undrafted,Undrafted,Undrafted,57.0,6.5,3.2,1.3,1.6,2.0,14.2,12.7,63.6,9.4
98,Damyean Dotson,CLE,27,6-5,210,Houston,USA,2017,2,44,46.0,6.7,2.0,2.0,-12.5,0.5,9.5,16.2,49.9,16.1
99,Daniel Gafford,WAS,22,6-10,234,Arkansas,USA,2019,2,38,54.0,7.0,4.3,0.5,4.1,11.8,16.0,16.1,69.7,5.1
100,Daniel Oturu,LAC,21,6-8,240,Minnesota,USA,2020,2,33,30.0,1.8,1.6,0.3,1.8,11.9,15.7,17.4,47.1,9.2
101,Daniel Theis,CHI,29,6-8,245,None,Germany,Undrafted,Undrafted,Undrafted,65.0,9.6,5.5,1.7,-1.3,5.7,16.4,15.4,60.9,9.7
102,Danilo Gallinari,ATL,32,6-10,233,None,Italy,2008,1,6,51.0,13.3,4.1,1.5,2.7,1.5,15.5,21.1,61.3,9.9
103,Danny Green,PHI,34,6-6,215,North Carolina,USA,2009,2,46,69.0,9.5,3.8,1.7,7.1,2.9,10.0,13.8,58.2,8.0
104,Dante Exum,HOU,25,6-5,214,None,Australia,2014,1,5,6.0,3.8,2.8,2.2,3.6,1.5,12.9,11.9,42.8,15.5
105,Danuel House Jr.,HOU,28,6-6,220,Texas A&M,USA,Undrafted,Undrafted,Undrafted,36.0,8.8,3.7,1.9,-11.2,1.8,12.1,15.3,52.5,11.0
106,Dario Saric,PHX,27,6-10,225,None,Croatia,2014,1,12,50.0,8.7,3.8,1.3,11.5,5.5,16.8,21.8,56.7,10.4
107,Darius Bazley,OKC,21,6-8,208,None,USA,2019,1,23,55.0,13.7,7.2,1.8,-13.1,2.7,19.3,21.8,49.1,9.1
108,Darius Garland,CLE,21,6-1,192,Vanderbilt,USA,2019,1,5,54.0,17.4,2.4,6.1,-6.6,1.3,6.2,24.5,54.7,29.8
109,Darius Miller,OKC,31,6-6,225,Kentucky,USA,2012,2,46,18.0,4.1,1.3,1.2,7.2,1.1,10.3,12.7,68.5,15.1
110,David Nwaba,HOU,28,6-5,219,Cal Poly,USA,Undrafted,Undrafted,Undrafted,30.0,9.2,3.9,1.0,-1.3,5.5,10.8,16.3,55.7,7.0
111,Davis Bertans,WAS,28,6-10,225,None,Latvia,2011,2,42,57.0,11.5,2.9,0.9,2.1,1.1,9.5,14.8,62.0,4.3
112,De'Aaron Fox,SAC,23,6-3,185,Kentucky,USA,2017,1,5,58.0,25.2,3.5,7.2,-4.5,1.6,8.5,30.4,56.5,32.6
113,De'Andre Hunter,ATL,23,6-8,225,Virginia,USA,2019,1,4,23.0,15.0,4.8,1.9,5.5,2.4,12.5,19.4,60.3,9.8
114,De'Anthony Melton,MEM,23,6-2,200,Southern California,USA,2018,2,46,52.0,9.1,3.1,2.5,6.0,2.6,11.8,18.9,56.8,17.2
115,DeAndre Jordan,BKN,32,6-11,265,Texas A&M,USA,2008,2,35,57.0,7.5,7.5,1.6,-1.9,9.7,23.1,12.8,73.6,9.9
116,DeAndre' Bembry,TOR,26,6-5,210,St. Joseph's (PA),USA,2016,1,21,51.0,5.7,2.9,2.1,0.4,3.3,11.2,14.2,57.0,15.7
117,DeMar DeRozan,SAS,31,6-6,220,Southern California,USA,2009,1,9,61.0,21.6,4.2,6.9,-2.5,1.9,10.6,25.5,59.1,30.9
118,DeMarcus Cousins,LAC,30,6-10,270,Kentucky,USA,2010,1,5,41.0,8.9,6.4,1.9,-3.2,7.0,29.3,23.9,53.7,17.4
119,Dean Wade,CLE,24,6-9,228,Kansas State,USA,Undrafted,Undrafted,Undrafted,63.0,6.0,3.4,1.2,-9.0,3.1,15.4,12.8,57.3,9.4
120,Deandre Ayton,PHX,22,6-11,250,Arizona,Bahamas,2018,1,1,69.0,14.4,10.5,1.4,6.3,11.7,23.6,17.9,65.3,6.6
121,Deividas Sirvydis,DET,21,6-8,190,None,Lithuania,2019,2,37,20.0,2.1,1.5,0.3,-9.7,0.0,22.5,15.0,48.1,6.2
122,Dejounte Murray,SAS,24,6-4,180,Washington,USA,2016,1,29,67.0,15.7,7.1,5.4,2.3,2.6,19.0,23.1,50.9,24.6
123,Delon Wright,SAC,29,6-5,185,Utah,USA,2015,1,20,63.0,10.2,4.3,4.4,-3.5,3.6,12.2,16.3,56.2,23.7
124,Deni Avdija,WAS,20,6-9,210,None,Israel,2020,1,9,54.0,6.3,4.9,1.2,-2.1,1.7,18.1,11.8,51.5,6.4
125,Dennis Schroder,LAL,27,6-3,172,None,Germany,2013,1,17,61.0,15.4,3.5,5.8,2.2,1.6,9.3,22.7,54.3,26.2
126,Dennis Smith Jr.,DET,23,6-2,205,North Carolina State,USA,2017,1,9,23.0,6.7,2.4,3.3,-2.2,2.9,9.9,19.1,49.2,27.6
127,Denzel Valentine,CHI,27,6-4,220,Michigan State,USA,2016,1,14,62.0,6.5,3.2,1.7,1.0,2.2,16.8,19.0,47.9,14.4
128,Derrick Favors,UTA,29,6-9,265,Georgia Tech,USA,2010,1,3,68.0,5.4,5.5,0.6,2.6,13.0,22.7,12.5,66.3,5.9
129,Derrick Jones Jr.,POR,24,6-5,210,UNLV,USA,Undrafted,Undrafted,Undrafted,58.0,6.8,3.5,0.8,-0.8,5.5,9.4,12.2,57.6,4.9
130,Derrick Rose,NYK,32,6-2,200,Memphis,USA,2008,1,1,50.0,14.7,2.6,4.2,4.9,1.5,8.1,25.2,55.0,27.6
131,Derrick White,SAS,26,6-4,190,Colorado,USA,2017,1,29,36.0,15.4,3.0,3.5,5.1,1.2,8.6,22.3,55.0,16.8
132,Desmond Bane,MEM,23,6-5,215,TCU,USA,2020,1,30,68.0,9.2,3.1,1.7,0.4,1.9,11.6,15.5,60.0,10.5
133,Devin Booker,PHX,24,6-5,206,Kentucky,USA,2015,1,13,67.0,25.6,4.2,4.3,7.2,1.6,10.8,31.9,58.7,20.0
134,Devin Cannady,ORL,25,6-2,183,Princeton,USA,2019,,,8.0,4.3,0.6,0.1,-13.7,0.0,6.5,18.1,54.7,2.3
135,Devin Vassell,SAS,20,6-5,200,Florida State,USA,2020,1,11,62.0,5.5,2.8,0.9,-2.4,2.1,13.8,13.8,52.4,7.1
136,Devon Dotson,CHI,21,6-2,185,Kansas,USA,Undrafted,Undrafted,Undrafted,11.0,2.1,0.5,0.6,21.7,3.9,6.1,16.0,54.8,20.0
137,Devontae Cacok,LAL,24,6-7,240,North Carolina-Wilmington,USA,Undrafted,Undrafted,Undrafted,20.0,2.0,1.6,0.1,18.1,11.7,18.3,15.4,57.6,1.3
138,Devonte' Graham,CHA,26,6-1,195,Kansas,USA,2018,2,34,55.0,14.8,2.7,5.4,2.1,1.3,7.5,21.1,55.2,27.2
139,Dewayne Dedmon,MIA,31,7-0,245,Southern California,USA,Undrafted,Undrafted,Undrafted,16.0,7.1,5.4,0.8,17.1,13.7,28.2,18.3,73.5,8.3
140,Didi Louzada,NOP,21,6-5,188,None,Brazil,2019,2,35,3.0,2.7,1.0,1.0,-7.3,1.5,3.2,11.4,30.8,7.3
141,Dillon Brooks,MEM,25,6-7,225,Oregon,Canada,2017,2,45,67.0,17.2,2.9,2.3,4.5,2.6,6.9,25.6,51.5,11.2
142,Domantas Sabonis,IND,25,6-11,240,Gonzaga,Lithuania,2016,1,11,62.0,20.3,12.0,6.7,-1.9,6.6,25.9,23.9,60.1,28.3
143,Donovan Mitchell,UTA,24,6-1,215,Louisville,USA,2017,1,13,53.0,26.4,4.4,5.2,7.9,2.8,9.5,32.7,56.9,26.6
144,Donta Hall,ORL,23,6-10,230,Alabama,USA,Undrafted,Undrafted,Undrafted,13.0,5.6,4.8,0.8,-6.5,12.6,19.3,13.5,73.1,10.2
145,Donte DiVincenzo,MIL,24,6-4,203,Villanova,USA,2018,1,17,66.0,10.4,5.8,3.1,8.1,4.3,15.5,16.3,54.2,13.7
146,Dorian Finney-Smith,DAL,28,6-7,220,Florida,USA,Undrafted,Undrafted,Undrafted,60.0,9.8,5.4,1.7,5.1,5.2,11.6,12.0,60.9,7.0
147,Doug McDermott,IND,29,6-7,225,Creighton,USA,2014,1,11,66.0,13.6,3.3,1.3,-1.8,3.6,9.6,19.4,63.5,7.5
148,Draymond Green,GSW,31,6-6,230,Michigan State,USA,2012,2,35,63.0,7.0,7.1,8.9,5.4,2.8,18.4,12.8,53.0,34.5
149,Drew Eubanks,SAS,24,6-9,245,Oregon State,USA,Undrafted,Undrafted,Undrafted,54.0,5.8,4.5,0.8,-4.6,9.0,20.7,16.6,61.8,8.6
150,Duncan Robinson,MIA,27,6-7,215,Michigan,USA,Undrafted,Undrafted,Undrafted,72.0,13.1,3.5,1.8,2.3,0.3,10.9,16.2,62.8,8.2
151,Dwayne Bacon,ORL,25,6-6,221,Florida State,USA,2017,2,40,72.0,10.9,3.1,1.3,-11.4,1.5,10.2,19.3,49.0,8.0
152,Dwight Howard,PHI,35,6-10,265,None,USA,2004,1,1,69.0,7.0,8.4,0.9,-2.4,14.8,30.9,17.3,61.0,7.6
153,Dwight Powell,DAL,29,6-10,240,Stanford,Canada,2014,2,45,58.0,5.9,4.0,1.1,4.0,8.6,15.8,12.9,68.8,9.0
154,Dylan Windler,CLE,24,6-6,196,Belmont,USA,2019,1,26,31.0,5.2,3.5,1.1,-6.5,3.9,17.1,14.0,56.7,8.9
155,E'Twaun Moore,PHX,32,6-3,191,Purdue,USA,2011,2,55,27.0,4.9,1.7,1.5,0.5,3.5,8.0,16.4,52.3,14.0
156,Ed Davis,MIN,32,6-9,218,North Carolina,USA,2010,1,13,23.0,2.1,5.0,0.9,-7.6,12.7,23.5,7.8,48.7,10.0
157,Edmond Sumner,IND,25,6-4,196,Xavier,USA,2017,2,52,53.0,7.5,1.8,0.9,-0.4,2.0,8.3,17.6,62.6,7.5
158,Elfrid Payton,NYK,27,6-3,195,Louisana-Lafayette,USA,2014,1,10,63.0,10.1,3.4,3.2,-3.0,4.1,9.8,22.4,47.8,20.9
159,Elijah Bryant,MIL,26,6-5,210,Brigham Young,USA,Undrafted,Undrafted,Undrafted,1.0,16.0,6.0,3.0,14.0,6.5,13.3,23.1,55.9,13.0
160,Elijah Hughes,UTA,23,6-5,215,Syracuse,USA,2020,2,39,18.0,1.7,0.5,0.3,-28.8,1.4,11.9,24.2,48.8,15.8
161,Enes Freedom,POR,29,6-10,250,None,Turkey,2011,1,3,72.0,11.2,11.0,1.2,4.9,14.8,28.1,16.9,63.6,6.9
162,Eric Bledsoe,NOP,31,6-1,214,Kentucky,USA,2010,1,18,71.0,12.2,3.4,3.8,-1.8,1.3,10.0,18.1,53.3,17.0
163,Eric Gordon,HOU,32,6-3,215,Indiana,USA,2008,1,7,27.0,17.8,2.1,2.6,-3.3,0.9,6.2,24.6,57.7,14.7
164,Eric Paschall,GSW,24,6-6,255,Villanova,USA,2019,2,41,40.0,9.5,3.2,1.3,-6.8,3.8,13.8,23.4,56.1,12.5
165,Ersan Ilyasova,UTA,34,6-9,235,None,Turkey,2005,2,36,17.0,3.8,1.7,0.2,6.7,4.7,14.3,19.0,57.8,4.0
166,Evan Fournier,BOS,28,6-7,205,None,France,2012,1,20,42.0,17.1,3.0,3.4,-1.4,0.7,9.4,22.2,59.8,17.0
167,Facundo Campazzo,DEN,30,5-10,195,None,Argentina,Undrafted,Undrafted,Undrafted,65.0,6.1,2.1,3.6,2.8,1.5,8.1,12.8,55.8,21.5
168,Frank Jackson,DET,23,6-3,205,Duke,USA,2017,2,31,40.0,9.8,2.2,0.9,-1.0,2.1,9.2,20.7,59.8,7.9
169,Frank Kaminsky,PHX,28,7-0,240,Wisconsin,USA,2015,1,9,47.0,6.6,4.0,1.7,4.6,5.1,20.8,18.5,54.7,15.4
170,Frank Mason III,ORL,27,5-11,190,Kansas,USA,2017,2,34,4.0,6.3,3.0,3.0,-11.1,3.3,10.3,17.0,46.2,21.8
171,Frank Ntilikina,NYK,22,6-4,200,None,France,2017,1,8,33.0,2.7,0.9,0.6,-3.6,1.9,7.7,13.4,51.2,9.5
172,Fred VanVleet,TOR,27,6-1,197,Wichita State,USA,Undrafted,Undrafted,Undrafted,52.0,19.6,4.2,6.3,3.3,1.6,10.1,23.7,53.4,26.4
173,Freddie Gillespie,TOR,24,6-9,245,Baylor,USA,Undrafted,Undrafted,Undrafted,20.0,5.6,4.9,0.5,-9.6,10.0,14.2,12.0,56.3,3.4
174,Furkan Korkmaz,PHI,23,6-7,202,None,Turkey,2016,1,26,55.0,9.1,2.1,1.5,6.0,1.5,9.0,19.5,54.4,11.1
175,Gabe Vincent,MIA,25,6-3,200,California-Santa Barbara,USA,Undrafted,Undrafted,Undrafted,50.0,4.8,1.1,1.3,-5.9,1.6,6.8,18.4,49.8,16.1
176,Gabriel Deck,OKC,26,6-6,231,None,Argentina,Undrafted,Undrafted,Undrafted,10.0,8.4,4.0,2.4,-12.7,6.7,11.8,15.9,54.8,16.0
177,Garrett Temple,CHI,35,6-5,195,Louisiana State,USA,Undrafted,Undrafted,Undrafted,56.0,7.6,2.9,2.2,1.5,1.9,8.2,12.6,52.5,10.4
178,Garrison Mathews,WAS,24,6-5,215,Lipscomb,USA,Undrafted,Undrafted,Undrafted,64.0,5.5,1.4,0.4,-5.6,1.5,6.5,11.1,63.5,3.2
179,Gary Clark,PHI,26,6-6,225,Cincinnati,USA,Undrafted,Undrafted,Undrafted,39.0,3.1,2.9,0.8,-7.7,4.4,12.5,9.7,43.6,6.4
180,Gary Harris,ORL,26,6-4,210,Michigan State,USA,2014,1,19,39.0,9.9,2.0,2.0,-4.2,1.9,5.4,16.4,51.1,10.2
181,Gary Payton II,GSW,28,6-3,195,Oregon State,USA,Undrafted,Undrafted,Undrafted,10.0,2.5,1.1,0.1,2.2,5.1,17.6,15.3,84.7,3.7
182,Gary Trent Jr.,TOR,22,6-5,209,Duke,USA,2018,2,37,58.0,15.3,2.6,1.4,-1.8,1.4,6.9,20.4,53.4,6.7
183,George Hill,PHI,35,6-4,188,Indiana-Purdue Indianapolis,USA,2008,1,26,30.0,8.7,2.0,2.4,-0.4,2.3,6.3,16.1,59.6,15.6
184,Georges Niang,UTA,28,6-7,230,Iowa State,USA,2016,2,50,72.0,6.9,2.4,0.8,14.6,2.4,11.7,16.9,60.2,7.1
185,Giannis Antetokounmpo,MIL,26,6-11,242,None,Greece,2013,1,15,61.0,28.1,11.0,5.9,9.8,4.8,26.4,32.0,63.3,28.2
186,Glenn Robinson III,SAC,27,6-6,222,Michigan,USA,2014,2,40,23.0,5.3,2.0,0.9,-17.3,2.8,9.4,13.5,55.4,7.5
187,Goga Bitadze,IND,21,6-11,250,None,Georgia,2019,1,18,45.0,5.1,3.3,0.8,-0.8,9.5,14.8,16.9,52.3,8.7
188,Goran Dragic,MIA,35,6-3,190,None,Slovenia,2008,2,45,50.0,13.4,3.4,4.4,1.5,1.9,10.7,23.9,55.2,26.0
189,Gordon Hayward,CHA,31,6-7,225,Butler,USA,2010,1,9,44.0,19.6,5.9,4.1,0.7,2.4,14.3,23.5,58.4,18.9
190,Gorgui Dieng,SAS,31,6-10,252,Louisville,Senegal,2013,1,21,38.0,6.8,3.7,1.3,-6.7,6.8,18.1,16.9,67.0,13.0
191,Grant Riller,CHA,24,6-2,190,College of Charleston,USA,2020,2,56,7.0,2.6,0.1,0.4,-5.4,0.0,4.0,22.0,75.0,30.0
192,Grant Williams,BOS,22,6-6,236,Tennessee,USA,2019,1,22,63.0,4.7,2.8,1.0,-1.9,4.0,11.3,12.0,54.6,7.9
193,Grayson Allen,MEM,25,6-4,198,Duke,USA,2018,1,21,50.0,10.6,3.2,2.2,0.5,1.4,10.6,16.4,58.6,11.6
194,Greg Whittington,DEN,28,6-8,210,Georgetown,USA,Undrafted,Undrafted,Undrafted,4.0,0.0,0.0,0.0,33.3,0.0,0.0,10.3,0.0,0.0
195,Hamidou Diallo,DET,22,6-5,202,Kentucky,USA,2018,2,45,52.0,11.6,5.2,1.9,-8.6,4.6,16.1,21.8,54.1,13.3
196,Harrison Barnes,SAC,29,6-8,225,North Carolina,USA,2012,1,7,58.0,16.1,6.6,3.5,-1.8,3.1,15.2,16.9,62.6,12.8
197,Harry Giles III,POR,23,6-11,240,Duke,USA,2017,1,20,38.0,2.8,3.5,0.8,-10.4,7.9,25.4,15.4,49.6,12.5
198,Hassan Whiteside,SAC,32,7-0,265,Marshall,USA,2010,2,33,36.0,8.1,6.0,0.6,-8.1,10.9,26.9,22.7,56.6,5.8
199,Henry Ellenson,TOR,24,6-10,240,Marquette,USA,2016,1,18,2.0,7.5,6.0,2.5,10.6,6.1,20.5,16.7,47.6,20.8
200,Ignas Brazdeikis,ORL,22,6-6,221,Michigan,Canada,2019,2,47,13.0,7.0,3.5,1.3,-4.3,4.1,12.9,17.1,51.0,10.0
201,Iman Shumpert,BKN,31,6-5,212,Georgia Tech,USA,2011,1,17,2.0,1.0,0.5,0.0,-4.3,7.7,0.0,18.5,25.0,0.0
202,Immanuel Quickley,NYK,22,6-3,190,Kentucky,USA,2020,1,25,64.0,11.4,2.1,2.0,7.1,2.0,8.6,24.6,55.7,16.4
203,Isaac Bonga,WAS,21,6-8,180,None,Germany,2018,2,39,40.0,2.0,1.7,0.6,-3.3,4.2,10.0,10.1,46.1,7.2
204,Isaac Okoro,CLE,20,6-5,225,Auburn,USA,2020,1,5,67.0,9.6,3.1,1.9,-8.7,3.1,6.6,14.2,51.4,8.6
205,Isaiah Hartenstein,CLE,23,7-0,250,None,Germany,2017,2,43,46.0,5.1,3.9,1.2,2.1,11.4,20.7,18.7,58.3,14.7
206,Isaiah Joe,PHI,21,6-4,165,Arkansas,USA,2020,2,49,41.0,3.7,0.9,0.5,1.8,1.4,8.3,16.3,53.3,7.2
207,Isaiah Roby,OKC,23,6-8,230,Nebraska,USA,2019,2,45,61.0,8.7,5.6,1.8,-14.1,5.7,16.9,17.1,55.5,11.8
208,Isaiah Stewart,DET,20,6-8,250,Washington,USA,2020,1,16,68.0,7.9,6.7,0.9,-2.0,10.5,19.3,15.0,59.7,6.4
209,Isaiah Thomas,NOP,32,5-9,185,Washington,USA,2011,2,60,3.0,7.7,1.3,1.7,6.7,1.9,5.2,27.4,41.2,16.7
210,Ish Smith,WAS,32,6-0,175,Wake Forest,USA,Undrafted,Undrafted,Undrafted,44.0,6.7,3.4,3.9,2.3,2.2,13.1,15.5,47.3,24.2
211,Ivica Zubac,LAC,24,7-0,240,None,Croatia,2016,2,32,72.0,9.0,7.2,1.3,5.0,12.1,20.0,14.7,69.3,7.9
212,JJ Redick,DAL,37,6-3,200,Duke,USA,2006,1,11,44.0,7.4,1.5,1.2,-1.3,0.6,8.2,18.4,56.4,9.8
213,Ja Morant,MEM,21,6-3,174,Murray State,USA,2019,1,2,63.0,19.1,4.0,7.4,2.6,2.7,9.1,26.7,53.7,32.1
214,JaKarr Sampson,IND,28,6-7,214,"St. John's, N.Y.",USA,Undrafted,Undrafted,Undrafted,29.0,4.6,2.7,0.1,1.1,8.0,14.5,17.7,53.3,1.7
215,JaMychal Green,DEN,31,6-8,227,Alabama,USA,Undrafted,Undrafted,Undrafted,58.0,8.1,4.8,0.9,4.1,7.2,17.7,17.2,59.0,7.0
216,JaVale McGee,DEN,33,7-0,270,Nevada,USA,2008,1,18,46.0,7.3,5.2,0.8,-6.1,10.5,23.1,22.8,54.1,9.8
217,Jabari Parker,BOS,26,6-8,245,Duke,USA,2014,1,2,13.0,5.5,3.2,0.8,-5.5,5.6,18.0,17.5,59.3,10.5
218,Jaden McDaniels,MIN,20,6-9,185,Washington,USA,2020,1,28,63.0,6.8,3.7,1.1,-3.4,3.2,11.8,11.8,55.2,6.4
219,Jae Crowder,PHX,30,6-6,235,Marquette,USA,2012,2,34,60.0,10.1,4.7,2.1,6.3,2.0,14.6,15.2,57.4,10.2
220,Jae'Sean Tate,HOU,25,6-4,230,Ohio State,USA,Undrafted,Undrafted,Undrafted,70.0,11.3,5.3,2.5,-3.8,6.0,11.8,16.1,57.6,12.7
221,Jahlil Okafor,DET,25,6-10,270,Duke,USA,2015,1,3,27.0,5.4,2.4,0.5,-10.2,7.0,11.9,17.0,64.4,6.6
222,Jahmi'us Ramsey,SAC,20,6-3,190,Texas Tech,USA,2020,2,43,13.0,3.1,0.8,0.5,2.4,1.9,8.0,18.3,49.8,8.8
223,Jake Layman,MIN,27,6-8,209,Maryland,USA,2016,2,47,45.0,5.1,1.5,0.6,-5.8,1.9,8.3,14.7,57.7,6.7
224,Jakob Poeltl,SAS,25,7-1,245,Utah,Austria,2016,1,9,69.0,8.6,7.9,1.9,3.2,11.4,17.3,13.0,61.2,9.6
225,Jalen Brunson,DAL,24,6-1,190,Villanova,USA,2018,2,33,68.0,12.6,3.4,3.5,4.9,1.6,11.7,19.6,61.8,21.5
226,Jalen Harris,TOR,22,6-5,195,Nevada,USA,2020,2,59,13.0,7.4,1.4,1.3,0.3,1.7,9.1,21.9,63.2,15.3
227,Jalen Lecque,IND,21,6-4,185,None,USA,Undrafted,Undrafted,Undrafted,4.0,1.3,1.3,0.5,-14.8,8.3,20.0,26.3,24.2,33.3
228,Jalen McDaniels,CHA,23,6-9,205,San Diego State,USA,2019,2,52,47.0,7.4,3.6,1.1,-9.4,4.7,13.8,16.9,55.4,9.0
229,Jalen Smith,PHX,21,6-10,215,Maryland,USA,2020,1,10,27.0,2.0,1.4,0.1,-4.4,4.4,17.4,16.1,49.9,3.7
230,Jamal Murray,DEN,24,6-3,215,Kentucky,Canada,2016,1,7,48.0,21.2,4.0,4.8,8.0,2.3,9.5,24.4,59.2,19.7
231,James Ennis III,ORL,30,6-6,215,Cal State-Long Beach,USA,2013,2,50,41.0,8.4,4.0,1.5,-3.8,4.2,12.3,13.7,61.3,8.7
232,James Harden,BKN,31,6-5,220,Arizona State,USA,2009,1,3,44.0,24.6,7.9,10.8,2.9,2.3,19.1,28.3,61.8,44.2
233,James Johnson,NOP,34,6-7,240,Wake Forest,USA,2009,1,16,51.0,7.2,3.5,1.9,-5.0,2.9,13.1,16.6,51.0,13.4
234,James Nunnally,NOP,30,6-7,205,Cal-Santa Barbara,USA,Undrafted,Undrafted,Undrafted,9.0,1.7,1.0,0.3,-4.8,3.3,14.9,12.9,54.0,9.4
235,James Wiseman,GSW,20,7-0,240,Memphis,USA,2020,1,2,39.0,11.5,5.8,0.7,-8.8,6.3,19.0,23.1,55.2,5.0
236,Jared Dudley,LAL,35,6-6,237,Boston College,USA,2007,1,22,12.0,0.5,1.8,0.4,-1.7,4.7,21.3,5.6,33.3,8.1
237,Jared Harper,NYK,23,5-10,175,Auburn,USA,Undrafted,Undrafted,Undrafted,8.0,0.4,0.3,0.1,-16.4,0.0,9.1,20.0,26.0,12.5
238,Jaren Jackson Jr.,MEM,21,6-11,242,Michigan State,USA,2018,1,4,11.0,14.4,5.6,1.1,-10.5,6.0,16.4,25.2,55.1,7.4
239,Jarred Vanderbilt,MIN,22,6-9,214,Kentucky,USA,2018,2,41,64.0,5.4,5.8,1.2,-1.1,9.6,21.1,11.8,61.2,9.1
240,Jarrell Brantley,UTA,25,6-5,250,Charleston,USA,2019,2,50,28.0,2.3,1.0,0.5,-9.1,5.9,12.5,18.2,60.5,17.0
241,Jarrett Allen,CLE,23,6-11,243,Texas,USA,2017,1,22,63.0,12.8,10.0,1.7,-5.6,10.6,23.2,16.3,66.1,8.7
242,Jarrett Culver,MIN,22,6-6,195,Texas Tech,USA,2019,1,6,34.0,5.3,3.1,0.7,-10.7,5.9,13.2,17.9,47.6,7.9
243,Javonte Green,CHI,27,6-4,205,Radford,USA,Undrafted,Undrafted,Undrafted,41.0,3.6,1.7,0.4,1.8,5.6,10.0,12.2,61.0,4.8
244,Jaxson Hayes,NOP,21,6-11,220,Texas,USA,2019,1,8,60.0,7.5,4.3,0.6,-0.9,8.7,16.1,15.6,67.5,5.7
245,Jay Scrubb,LAC,20,6-5,220,John A. Logan,USA,2020,2,55,4.0,8.8,3.5,0.3,-2.8,2.2,14.0,21.7,45.8,1.5
246,Jaylen Adams,MIL,25,6-0,225,St. Bonaventure,USA,Undrafted,Undrafted,Undrafted,7.0,0.3,0.4,0.3,-31.0,0.0,14.3,17.8,12.5,20.0
247,Jaylen Brown,BOS,24,6-6,223,California,USA,2016,1,3,58.0,24.7,6.0,3.4,1.8,3.5,13.6,29.0,58.6,16.2
248,Jaylen Hoard,OKC,22,6-8,216,Wake Forest,France,Undrafted,Undrafted,Undrafted,19.0,6.1,3.4,1.3,-9.1,6.1,12.8,15.6,54.7,11.0
249,Jaylen Nowell,MIN,21,6-4,201,Washington,USA,2019,2,43,42.0,9.0,2.3,1.5,-6.6,2.2,9.8,20.6,52.8,13.0
250,Jayson Tatum,BOS,23,6-8,210,Duke,USA,2017,1,3,64.0,26.4,7.4,4.3,3.0,2.1,18.8,29.8,57.6,19.6
251,Jeff Green,BKN,34,6-8,235,Georgetown,USA,2007,1,5,68.0,11.0,3.9,1.6,3.3,1.9,11.6,15.4,62.4,8.0
252,Jeff Teague,MIL,33,6-3,195,Wake Forest,USA,2009,1,19,55.0,6.7,1.6,2.4,2.8,1.6,7.4,17.4,56.2,18.2
253,Jerami Grant,DET,27,6-8,210,Syracuse,USA,2014,2,39,54.0,22.3,4.6,2.8,-3.2,1.8,11.8,27.8,55.6,14.5
254,Jeremiah Martin,CLE,25,6-2,185,Memphis,USA,Undrafted,Undrafted,Undrafted,9.0,2.4,0.8,0.4,-16.7,2.1,6.5,22.0,31.3,9.1
255,Jeremy Lamb,IND,29,6-5,180,Connecticut,USA,2012,1,12,36.0,10.1,3.6,1.5,-0.3,3.2,13.7,18.0,58.7,9.4
256,Jerome Robinson,WAS,24,6-4,190,Boston College,USA,2018,1,13,17.0,4.9,2.2,1.5,-13.1,1.1,10.5,16.1,40.0,11.4
257,Jevon Carter,PHX,25,6-1,200,West Virginia,USA,2018,2,32,60.0,4.1,1.5,1.2,3.3,2.2,10.7,14.6,54.8,13.6
258,Jimmy Butler,MIA,31,6-7,230,Marquette,USA,2011,1,30,52.0,21.5,6.9,7.1,5.2,5.6,15.3,25.9,60.7,34.5
259,Joe Harris,BKN,29,6-6,220,Virginia,USA,2014,2,33,69.0,14.1,3.6,1.9,6.9,2.1,9.0,15.7,66.3,8.1
260,Joe Ingles,UTA,33,6-8,220,None,Australia,Undrafted,Undrafted,Undrafted,67.0,12.1,3.6,4.7,11.8,1.4,10.8,16.2,67.2,23.8
261,Joel Embiid,PHI,27,7-0,280,Kansas,Cameroon,2014,1,3,51.0,28.5,10.6,2.8,12.0,7.8,25.4,35.2,63.6,15.6
262,John Collins,ATL,23,6-9,235,Wake Forest,USA,2017,1,19,63.0,17.6,7.4,1.2,4.3,6.4,18.3,21.4,64.5,6.5
263,John Konchar,MEM,25,6-5,210,Indiana-Purdue Fort Wayne,USA,Undrafted,Undrafted,Undrafted,43.0,4.3,3.0,1.1,2.1,5.7,16.1,12.4,60.8,11.1
264,John Wall,HOU,30,6-3,210,Kentucky,USA,2010,1,1,40.0,20.6,3.2,6.9,-5.7,1.2,8.4,31.6,50.3,36.5
265,Jonas Valanciunas,MEM,29,6-11,265,None,Lithuania,2011,1,5,62.0,17.1,12.5,1.8,3.8,13.4,28.9,21.7,63.6,9.7
266,Jontay Porter,MEM,21,6-11,240,Missouri,USA,Undrafted,Undrafted,Undrafted,11.0,2.0,1.3,0.1,0.9,6.5,14.9,18.2,64.0,3.3
267,Jordan Bell,GSW,26,6-8,216,Oregon,USA,2017,2,38,6.0,2.5,4.0,1.2,-17.0,6.9,18.9,14.0,32.8,13.0
268,Jordan Bone,ORL,23,6-2,180,Tennessee,USA,2019,2,57,14.0,4.0,1.7,1.3,-14.3,1.8,10.2,12.1,51.9,14.3
269,Jordan Clarkson,UTA,29,6-4,194,Missouri,USA,2014,2,46,68.0,18.4,4.0,2.5,7.8,2.5,11.7,28.6,54.9,14.9
270,Jordan McLaughlin,MIN,25,5-11,185,Southern California,USA,Undrafted,Undrafted,Undrafted,51.0,5.0,2.1,3.8,-6.3,2.0,9.0,13.3,50.2,29.2
271,Jordan Nwora,MIL,22,6-8,225,Louisville,USA,2020,2,45,30.0,5.7,2.0,0.2,-0.3,3.3,16.2,25.4,58.6,4.0
272,Jordan Poole,GSW,22,6-4,194,Michigan,USA,2019,1,28,51.0,12.0,1.8,1.9,0.7,1.5,7.4,24.6,58.1,16.1
273,Josh Green,DAL,20,6-5,200,Arizona,Australia,2020,1,18,39.0,2.6,2.0,0.7,1.9,5.9,11.0,11.2,49.0,8.3
274,Josh Hall,OKC,20,6-9,190,None,USA,Undrafted,Undrafted,Undrafted,21.0,4.1,2.8,1.3,-13.2,1.6,15.1,17.4,36.3,11.8
275,Josh Hart,NOP,26,6-5,215,Villanova,USA,2017,1,30,47.0,9.2,8.0,2.3,-0.2,3.9,23.4,13.3,56.6,10.9
276,Josh Jackson,DET,24,6-8,207,Kansas,USA,2017,1,4,62.0,13.4,4.1,2.3,-3.4,3.5,12.3,25.4,51.6,15.0
277,Josh Okogie,MIN,22,6-4,213,Georgia Tech,Nigeria,2018,1,20,59.0,5.4,2.6,1.1,-6.6,4.8,7.9,11.9,52.4,7.2
278,Josh Richardson,DAL,27,6-5,200,Tennessee,USA,2015,2,40,59.0,12.1,3.3,2.6,-0.2,2.8,7.9,18.1,53.7,12.3
279,Jrue Holiday,MIL,31,6-3,205,UCLA,USA,2009,1,17,59.0,17.7,4.5,6.1,9.2,3.7,9.3,21.7,59.2,25.3
280,Juan Toscano-Anderson,GSW,28,6-6,209,Marquette,USA,Undrafted,Undrafted,Undrafted,53.0,5.7,4.4,2.8,3.8,2.6,17.2,10.8,67.6,18.1
281,Juancho Hernangomez,MIN,25,6-9,214,None,Spain,2016,1,15,52.0,7.2,3.9,0.7,-4.9,4.7,17.7,16.7,54.9,5.5
282,Julius Randle,NYK,26,6-8,250,Kentucky,USA,2014,1,7,71.0,24.1,10.2,6.0,3.0,3.1,22.7,28.5,56.7,26.9
283,Justin Holiday,IND,32,6-6,180,Washington,USA,Undrafted,Undrafted,Undrafted,72.0,10.5,3.6,1.7,-0.6,1.4,9.8,13.8,57.1,7.0
284,Justin Jackson,MIL,26,6-8,220,North Carolina,USA,2017,1,15,34.0,7.2,2.3,1.5,-3.0,2.6,10.0,19.5,51.6,13.6
285,Justin James,SAC,24,6-7,190,Wyoming,USA,2019,2,40,36.0,3.9,0.8,0.6,-8.5,2.7,6.7,19.2,54.8,10.9
286,Justin Patton,HOU,24,6-11,241,Creighton,USA,2017,1,16,13.0,5.4,3.8,1.1,-14.1,4.7,14.2,12.8,48.8,8.4
287,Justin Robinson,OKC,23,6-1,195,Virginia Tech,USA,2019,,,9.0,2.3,0.8,1.0,-22.0,1.1,6.7,11.1,45.3,15.0
288,Justise Winslow,MEM,25,6-6,222,Duke,USA,2015,1,10,26.0,6.8,4.5,1.9,-6.1,3.2,18.7,21.2,39.5,14.0
289,Jusuf Nurkic,POR,26,6-11,290,None,Bosnia and Herzegovina,2014,1,16,37.0,11.5,9.0,3.4,6.9,9.4,28.3,21.7,55.4,20.6
290,Juwan Morgan,UTA,24,6-7,232,Indiana,USA,Undrafted,Undrafted,Undrafted,29.0,1.2,1.0,0.3,-34.1,5.1,13.3,10.2,52.9,10.1
291,KZ Okpala,MIA,22,6-8,215,Stanford,USA,2019,2,32,37.0,2.5,1.8,0.5,-6.8,4.7,10.4,11.5,44.8,6.0
292,Karim Mane,ORL,21,6-3,190,Vanier,Senegal,Undrafted,Undrafted,Undrafted,10.0,1.1,1.4,0.4,-12.0,1.0,15.1,8.5,36.2,6.1
293,Karl-Anthony Towns,MIN,25,6-11,248,Kentucky,USA,2015,1,1,50.0,24.8,10.6,4.5,-0.1,7.5,23.7,28.6,61.2,21.6
294,Kawhi Leonard,LAC,30,6-7,225,San Diego State,USA,2011,1,15,52.0,24.8,6.5,5.2,12.2,3.4,16.1,28.2,62.2,23.8
295,Keita Bates-Diop,SAS,25,6-8,229,Ohio State,USA,2018,2,48,30.0,2.6,1.6,0.4,-7.7,3.7,15.4,14.4,51.8,7.5
296,Kelan Martin,IND,25,6-5,230,Butler,USA,Undrafted,Undrafted,Undrafted,35.0,4.5,2.2,0.5,15.6,5.2,15.9,19.9,55.1,7.1
297,Keldon Johnson,SAS,21,6-5,220,Kentucky,USA,2019,1,29,69.0,12.8,6.0,1.8,-3.8,4.5,16.3,18.9,55.7,8.7
298,Keljin Blevins,POR,25,6-4,200,Montana State,USA,2019,,,17.0,0.7,0.6,0.2,-22.2,3.1,7.1,12.6,30.0,8.3
299,Kelly Olynyk,HOU,30,6-11,240,Gonzaga,Canada,2013,1,13,70.0,13.5,7.0,2.9,-2.5,4.3,19.6,19.0,61.0,15.1
300,Kelly Oubre Jr.,GSW,25,6-7,203,Kansas,USA,2015,1,15,55.0,15.4,6.0,1.3,-4.6,4.6,13.5,21.5,52.9,6.7
301,Kemba Walker,BOS,31,6-0,184,Connecticut,USA,2011,1,9,43.0,19.3,4.0,4.9,3.1,1.2,11.3,25.6,55.9,23.3
302,Kendrick Nunn,MIA,25,6-2,190,Oakland,USA,Undrafted,Undrafted,Undrafted,56.0,14.6,3.2,2.6,-0.4,1.3,9.6,20.5,59.6,14.0
303,Kenrich Williams,OKC,26,6-6,210,TCU,USA,Undrafted,Undrafted,Undrafted,66.0,8.0,4.1,2.3,-6.3,5.6,12.9,14.8,59.9,15.3
304,Kent Bazemore,GSW,31,6-4,195,Old Dominion,USA,Undrafted,Undrafted,Undrafted,67.0,7.2,3.4,1.6,5.9,1.9,14.0,15.9,56.4,10.8
305,Kentavious Caldwell-Pope,LAL,28,6-5,204,Georgia,USA,2013,1,8,67.0,9.7,2.7,1.9,3.3,1.5,8.1,13.9,58.8,9.1
306,Kenyon Martin Jr.,HOU,20,6-6,215,None,USA,2020,2,52,45.0,9.3,5.4,1.1,-11.5,6.3,15.9,15.4,59.0,6.8
307,Kevin Durant,BKN,32,6-10,240,Texas,USA,2007,1,2,35.0,26.9,7.1,5.6,10.7,1.2,18.0,30.3,66.6,25.2
308,Kevin Huerter,ATL,22,6-7,190,Maryland,USA,2018,1,19,69.0,11.9,3.3,3.5,1.7,1.7,9.0,16.7,54.1,16.1
309,Kevin Knox II,NYK,21,6-7,215,Kentucky,USA,2018,1,9,42.0,3.9,1.5,0.5,-3.5,2.0,10.1,15.2,53.7,6.4
310,Kevin Love,CLE,32,6-8,251,UCLA,USA,2008,1,5,25.0,12.2,7.4,2.5,-6.5,2.6,27.2,21.1,55.6,15.3
311,Kevin Porter Jr.,HOU,21,6-4,203,Southern California,USA,2019,1,30,26.0,16.6,3.8,6.3,-12.6,2.2,9.8,24.7,52.8,29.3
312,Kevon Looney,GSW,25,6-9,222,UCLA,USA,2015,1,30,61.0,4.1,5.3,2.0,6.0,9.8,16.5,9.2,57.5,13.2
313,Khem Birch,TOR,28,6-9,233,UNLV,Canada,Undrafted,Undrafted,Undrafted,67.0,7.2,5.8,1.3,-3.6,10.1,13.8,13.3,55.2,8.5
314,Khris Middleton,MIL,29,6-7,222,Texas A&M,USA,2012,2,39,68.0,20.4,6.0,5.4,6.2,2.3,14.3,24.5,58.8,22.7
315,Khyri Thomas,HOU,25,6-3,210,Creighton,USA,2018,2,38,5.0,16.4,3.6,5.0,7.3,4.7,7.2,20.8,58.6,21.0
316,Killian Hayes,DET,19,6-5,195,None,France,2020,1,7,26.0,6.8,2.7,5.3,-10.1,0.9,9.2,18.5,42.2,29.9
317,Killian Tillie,MEM,23,6-9,220,Gonzaga,France,Undrafted,Undrafted,Undrafted,18.0,3.2,1.3,0.4,9.6,3.1,8.2,14.8,46.1,6.3
318,Kira Lewis Jr.,NOP,20,6-1,170,Alabama,USA,2020,1,13,54.0,6.4,1.3,2.3,0.8,1.2,6.4,17.6,47.7,19.1
319,Kostas Antetokounmpo,LAL,23,6-10,200,University of Dayton,Greece,2018,2,60,15.0,0.8,1.3,0.1,22.1,5.9,21.1,17.2,38.2,2.3
320,Kris Dunn,ATL,27,6-3,205,Providence,USA,2016,1,5,4.0,1.3,1.5,0.5,-31.4,0.0,12.5,15.7,18.2,8.0
321,Kristaps Porzingis,DAL,25,7-3,240,None,Latvia,2015,1,4,43.0,20.1,8.9,1.6,0.7,6.2,21.9,25.9,58.2,8.1
322,Kyle Anderson,MEM,27,6-9,230,UCLA,USA,2014,1,30,69.0,12.4,5.7,3.6,1.6,2.6,17.3,18.1,57.8,18.2
323,Kyle Guy,SAC,23,6-1,167,Virginia,USA,2019,2,55,31.0,2.8,1.1,1.0,-4.2,1.9,12.8,18.5,44.9,18.4
324,Kyle Kuzma,LAL,25,6-10,221,Utah,USA,2017,1,27,68.0,12.9,6.1,1.9,-0.6,5.4,15.7,19.8,54.6,10.0
325,Kyle Lowry,TOR,35,6-0,196,Villanova,USA,2006,1,24,46.0,17.2,5.4,7.3,-0.3,2.1,13.3,20.9,59.3,31.1
326,Kyrie Irving,BKN,29,6-2,195,Duke,Australia,2011,1,1,54.0,26.9,4.8,6.0,5.6,2.9,10.1,29.7,61.4,26.9
327,LaMarcus Aldridge,BKN,35,6-11,250,Texas-Austin,USA,2006,1,2,26.0,13.5,4.5,1.9,-2.8,2.7,14.8,22.4,55.6,10.9
328,LaMelo Ball,CHA,19,6-6,180,None,USA,2020,1,3,51.0,15.7,5.9,6.1,-3.1,4.1,16.1,24.7,53.9,32.2
329,Lamar Stevens,CLE,23,6-6,230,Penn State,USA,Undrafted,Undrafted,Undrafted,40.0,4.1,2.4,0.6,-10.4,4.4,14.5,15.2,52.1,7.9
330,Landry Shamet,BKN,24,6-4,190,Wichita State,USA,2018,1,26,61.0,9.3,1.8,1.6,1.1,0.8,6.7,16.4,57.8,9.7
331,Langston Galloway,PHX,29,6-1,200,St. Joseph's (PA),USA,Undrafted,Undrafted,Undrafted,40.0,4.8,1.1,0.7,3.2,1.7,8.0,16.3,60.5,8.0
332,Larry Nance Jr.,CLE,28,6-7,245,Wyoming,USA,2015,1,27,35.0,9.3,6.7,3.1,-5.6,4.9,16.9,13.9,55.7,14.5
333,Lauri Markkanen,CHI,24,7-0,240,Arizona,Finland,2017,1,7,51.0,13.6,5.3,0.9,-2.8,2.7,17.3,19.7,61.9,5.1
334,LeBron James,LAL,36,6-9,250,None,USA,2003,1,1,45.0,25.0,7.7,7.8,9.2,2.0,20.2,31.0,60.2,39.4
335,Lonnie Walker IV,SAS,22,6-4,204,Miami,USA,2018,1,18,60.0,11.2,2.6,1.7,-6.3,0.9,9.3,19.9,52.3,9.5
336,Lonzo Ball,NOP,23,6-6,190,UCLA,USA,2017,1,2,55.0,14.6,4.8,5.7,0.5,1.8,12.9,20.2,55.1,24.6
337,Lou Williams,ATL,34,6-1,175,None,USA,2005,2,45,66.0,11.3,2.1,3.4,1.8,1.5,8.0,24.4,51.9,23.3
338,Louis King,SAC,22,6-7,205,Oregon,USA,Undrafted,Undrafted,Undrafted,6.0,7.3,3.0,1.5,-3.3,5.1,13.5,19.1,60.0,18.0
339,Luguentz Dort,OKC,22,6-3,215,Arizona State,Canada,Undrafted,Undrafted,Undrafted,52.0,14.0,3.6,1.7,-7.2,2.3,9.2,21.8,51.3,9.0
340,Luka Doncic,DAL,22,6-7,230,None,Slovenia,2018,1,3,66.0,27.7,8.0,8.6,3.9,2.4,20.2,35.0,58.7,42.5
341,Luka Samanic,SAS,21,6-10,227,None,Croatia,2019,1,19,33.0,3.7,2.1,0.5,-2.0,4.9,15.8,18.7,51.8,7.3
342,Luke Kennard,LAC,25,6-5,206,Duke,USA,2017,1,12,63.0,8.3,2.6,1.7,-0.4,1.3,11.8,16.6,60.8,12.0
343,Luke Kornet,BOS,25,7-2,250,Vanderbilt,USA,Undrafted,Undrafted,Undrafted,31.0,3.4,2.2,0.8,5.8,4.1,14.4,13.5,51.1,9.5
344,Malachi Flynn,TOR,23,6-1,175,San Diego State,USA,2020,1,29,47.0,7.5,2.5,2.9,-5.6,1.0,11.4,18.3,48.4,22.5
345,Malcolm Brogdon,IND,28,6-5,229,Virginia,USA,2016,2,36,56.0,21.2,5.3,5.9,-0.5,2.9,11.8,25.7,56.1,27.1
346,Malik Beasley,MIN,24,6-4,187,Florida State,USA,2016,1,19,37.0,19.6,4.4,2.4,-7.2,2.1,11.2,23.5,57.0,11.4
347,Malik Fitts,LAC,23,6-8,230,St. Mary's College,USA,Undrafted,Undrafted,Undrafted,3.0,1.0,1.0,0.0,-27.3,0.0,30.0,12.0,50.0,0.0
348,Malik Monk,CHA,23,6-3,200,Kentucky,USA,2017,1,11,42.0,11.7,2.4,2.1,0.8,1.5,9.6,22.7,56.9,15.5
349,Mamadi Diakite,MIL,24,6-9,228,Virginia,Guinea,Undrafted,Undrafted,Undrafted,14.0,3.1,2.4,0.6,3.8,5.2,16.0,14.2,47.7,7.9
350,Marc Gasol,LAL,36,6-11,255,None,Spain,2007,2,48,52.0,5.0,4.1,2.1,4.3,3.9,17.4,11.7,60.6,14.5
351,Marcus Morris Sr.,LAC,31,6-8,218,Kansas,USA,2011,1,14,57.0,13.4,4.1,1.0,4.2,2.5,13.3,19.4,61.4,5.6
352,Marcus Smart,BOS,27,6-3,220,Oklahoma State,USA,2014,1,6,48.0,13.1,3.5,5.7,2.8,2.2,8.4,17.9,53.9,22.7
353,Markelle Fultz,ORL,23,6-3,209,Washington,USA,2017,1,1,8.0,12.9,3.1,5.4,-6.5,2.1,9.5,25.0,45.8,29.3
354,Markieff Morris,LAL,31,6-9,245,Kansas,USA,2011,1,13,61.0,6.7,4.4,1.2,0.8,4.0,17.6,16.0,50.9,8.8
355,Markus Howard,DEN,22,5-10,175,Marquette,USA,Undrafted,Undrafted,Undrafted,37.0,2.8,0.6,0.5,-17.0,0.4,9.5,25.0,47.7,14.5
356,Marques Bolden,CLE,23,6-10,249,Duke,USA,2019,,,6.0,1.2,1.0,0.0,12.3,8.3,8.8,13.6,53.7,0.0
357,Marquese Chriss,GSW,23,6-9,240,Washington,USA,2016,1,8,2.0,6.5,6.5,1.0,-40.3,7.5,38.5,25.0,41.2,20.0
358,Marvin Bagley III,SAC,22,6-11,235,Duke,USA,2018,1,2,43.0,14.1,7.4,1.0,-3.7,9.2,18.8,22.9,55.4,5.7
359,Mason Jones,PHI,22,6-4,200,Arkansas,USA,Undrafted,Undrafted,Undrafted,32.0,5.3,1.7,1.3,-9.9,1.8,14.5,21.7,55.6,21.1
360,Mason Plumlee,DET,31,6-11,254,Duke,USA,2013,1,22,56.0,10.4,9.3,3.6,-4.9,9.5,26.4,16.3,63.8,20.5
361,Matisse Thybulle,PHI,24,6-5,201,Washington,USA,2019,1,20,65.0,3.9,1.9,1.0,4.6,2.3,7.0,9.0,50.8,6.4
362,Matt Thomas,UTA,26,6-4,190,Iowa State,USA,Undrafted,Undrafted,Undrafted,45.0,3.1,1.0,0.4,-9.3,2.0,11.2,18.7,52.2,9.6
363,Matthew Dellavedova,CLE,30,6-3,200,St. Mary's,Australia,Undrafted,Undrafted,Undrafted,13.0,2.8,1.8,4.5,-3.1,2.9,8.5,12.5,31.2,33.7
364,Maurice Harkless,SAC,28,6-7,220,"St. John's, N.Y.",USA,2012,1,15,37.0,5.2,2.4,1.2,-2.9,1.7,9.7,11.4,52.7,7.1
365,Max Strus,MIA,25,6-5,215,DePaul,USA,Undrafted,Undrafted,Undrafted,39.0,6.1,1.1,0.6,-4.2,1.1,7.3,17.9,59.7,7.4
366,Maxi Kleber,DAL,29,6-10,240,None,Germany,Undrafted,Undrafted,Undrafted,50.0,7.1,5.2,1.4,4.6,3.5,15.1,10.3,60.6,6.6
367,Meyers Leonard,MIA,29,7-0,260,Illinois,USA,2012,1,11,3.0,3.3,2.3,0.7,-1.4,0.0,24.1,15.2,63.5,10.5
368,Mfiondu Kabengele,CLE,23,6-9,250,Florida State,Canada,2019,1,27,39.0,2.4,1.5,0.4,-14.2,3.9,15.1,16.8,48.6,9.9
369,Michael Carter-Williams,ORL,29,6-5,190,Syracuse,USA,2013,1,11,31.0,8.8,4.5,4.2,-2.5,4.4,12.3,19.8,44.9,23.8
370,Michael Porter Jr.,DEN,23,6-10,218,Missouri,USA,2018,1,14,61.0,19.0,7.3,1.1,8.3,5.1,18.9,21.4,66.3,5.2
371,Mikal Bridges,PHX,24,6-6,209,Villanova,USA,2018,1,10,72.0,13.5,4.3,2.1,7.4,3.5,9.9,14.7,66.7,8.5
372,Mike Conley,UTA,33,6-1,175,Ohio State,USA,2007,1,4,51.0,16.2,3.5,6.0,16.7,2.4,8.2,22.4,58.9,30.3
373,Mike James,BKN,30,6-1,175,Lamar,USA,Undrafted,Undrafted,Undrafted,13.0,7.7,2.5,4.2,4.1,1.3,11.2,23.1,48.1,30.3
374,Mike Muscala,OKC,29,6-10,240,Bucknell,USA,2013,2,44,35.0,9.7,3.8,0.8,0.6,2.8,15.7,19.4,59.9,6.9
375,Mike Scott,PHI,32,6-7,237,Virginia,USA,2012,2,43,51.0,4.2,2.4,0.8,-0.2,1.2,12.9,11.6,49.2,6.4
376,Miles Bridges,CHA,23,6-6,225,Michigan State,USA,2018,1,12,66.0,12.7,6.0,2.2,0.3,4.1,15.8,17.0,62.5,11.3
377,Mitchell Robinson,NYK,23,7-0,240,Western Kentucky,USA,2018,2,36,31.0,8.3,8.1,0.5,-0.4,12.4,15.5,11.4,64.2,3.0
378,Miye Oni,UTA,23,6-5,206,Yale,USA,2019,2,58,54.0,1.9,1.6,0.5,8.8,4.3,10.6,9.5,51.7,7.1
379,Mo Bamba,ORL,23,7-0,231,Texas,USA,2018,1,6,46.0,8.0,5.8,0.8,-12.9,9.1,24.0,21.0,55.6,8.2
380,Monte Morris,DEN,26,6-2,183,Iowa State,USA,2017,2,51,47.0,10.2,2.0,3.2,6.2,0.9,7.1,16.1,57.4,17.2
381,Montrezl Harrell,LAL,27,6-7,240,Louisville,USA,2015,2,32,69.0,13.5,6.2,1.1,1.4,10.0,16.7,21.1,65.0,7.8
382,Moritz Wagner,ORL,24,6-11,245,Michigan,Germany,2018,1,25,45.0,6.9,3.2,1.1,-7.9,3.5,14.9,17.8,58.0,10.7
383,Moses Brown,BOS,21,7-2,245,UCLA,USA,Undrafted,Undrafted,Undrafted,43.0,8.6,8.9,0.2,-18.3,14.3,23.8,15.7,57.2,1.7
384,Mychal Mulder,GSW,27,6-3,184,Kentucky,Canada,Undrafted,Undrafted,Undrafted,60.0,5.6,1.0,0.4,2.9,1.0,6.2,15.7,61.3,4.7
385,Myles Turner,IND,25,6-11,250,Texas,USA,2015,1,11,47.0,12.6,6.5,1.0,1.3,4.3,15.9,16.7,59.9,4.7
386,Naji Marshall,NOP,23,6-7,220,Xavier,USA,Undrafted,Undrafted,Undrafted,32.0,7.7,4.6,2.8,-1.5,2.0,18.2,16.0,50.8,16.5
387,Nassir Little,POR,21,6-5,220,North Carolina,USA,2019,1,25,48.0,4.6,2.7,0.5,-2.2,4.6,14.4,13.5,58.9,4.9
388,Nate Darling,CHA,22,6-6,200,Delaware,Canada,Undrafted,Undrafted,Undrafted,7.0,1.3,0.1,0.1,-54.3,3.2,0.0,13.3,54.1,11.1
389,Nate Hinton,DAL,22,6-5,210,Houston,USA,Undrafted,Undrafted,Undrafted,21.0,2.0,0.4,0.4,-28.2,0.9,9.1,21.7,44.2,15.1
390,Nathan Knight,ATL,23,6-10,253,William & Mary,USA,Undrafted,Undrafted,Undrafted,33.0,3.8,2.2,0.2,-4.3,9.3,15.5,20.7,49.9,4.5
391,Naz Reid,MIN,21,6-9,264,Louisiana State,USA,Undrafted,Undrafted,Undrafted,70.0,11.2,4.6,1.0,-9.7,5.4,17.3,21.8,59.9,8.8
392,Nemanja Bjelica,MIA,33,6-10,234,None,Serbia,2010,2,35,37.0,6.5,3.4,1.9,-6.7,4.9,17.2,17.9,55.4,16.0
393,Nerlens Noel,NYK,27,6-11,220,Kentucky,USA,2013,1,6,64.0,5.1,6.4,0.7,0.7,9.4,16.4,9.2,63.8,4.1
394,Nic Claxton,BKN,22,6-11,215,Georgia,USA,2019,2,31,32.0,6.6,5.2,0.9,12.3,7.4,18.7,13.6,61.2,6.8
395,Nick Richards,CHA,23,7-0,245,Kentucky,Jamaica,2020,2,42,18.0,0.8,0.6,0.1,-10.5,5.6,9.6,11.1,54.2,5.4
396,Nickeil Alexander-Walker,NOP,22,6-6,205,Virginia Tech,Canada,2019,1,17,46.0,11.0,3.1,2.2,-3.3,1.2,12.7,22.8,52.2,15.5
397,Nico Mannion,GSW,20,6-2,190,Arizona,Italy,2020,2,48,30.0,4.1,1.5,2.3,-9.4,1.6,10.7,18.6,48.7,27.0
398,Nicolas Batum,LAC,32,6-8,230,None,France,2008,1,25,67.0,8.1,4.7,2.2,8.9,2.9,14.3,11.6,61.7,10.5
399,Nicolo Melli,DAL,30,6-9,236,None,Italy,Undrafted,Undrafted,Undrafted,45.0,3.0,2.7,1.0,1.1,4.6,16.6,12.3,44.1,10.8
400,Nikola Jokic,DEN,26,6-11,284,None,Serbia,2014,2,41,72.0,26.4,10.8,8.3,7.7,8.7,23.7,29.3,64.7,37.7
401,Nikola Vucevic,CHI,30,6-11,260,Southern California,Montenegro,2011,1,16,70.0,23.4,11.7,3.8,-7.0,5.9,28.9,29.2,56.0,20.7
402,Noah Vonleh,BKN,25,6-10,257,Indiana,USA,2014,1,9,4.0,0.0,0.3,0.3,-63.2,0.0,14.3,21.7,0.0,14.3
403,Norman Powell,POR,28,6-3,215,UCLA,USA,2015,2,46,69.0,18.6,3.1,1.9,1.8,1.8,7.9,22.1,61.8,8.9
404,Norvel Pelle,NYK,28,6-10,231,,Antigua and Barbuda,Undrafted,Undrafted,Undrafted,13.0,1.5,1.5,0.2,12.2,7.7,15.3,10.6,56.7,3.2
405,O.G. Anunoby,TOR,23,6-7,232,Indiana,United Kingdom,2017,1,23,43.0,15.9,5.5,2.2,3.3,3.7,12.5,19.3,60.5,9.8
406,Obi Toppin,NYK,23,6-9,220,Dayton,USA,2020,1,8,62.0,4.1,2.2,0.5,2.7,3.7,15.5,15.7,57.4,6.5
407,Onyeka Okongwu,ATL,20,6-8,235,Southern California,USA,2020,1,6,50.0,4.6,3.3,0.4,-6.3,10.0,17.2,14.1,65.5,4.7
408,Oshae Brissett,IND,23,6-7,210,Syracuse,Canada,Undrafted,Undrafted,Undrafted,21.0,10.9,5.5,0.9,6.0,5.4,14.9,14.9,63.8,4.2
409,Otto Porter Jr.,ORL,28,6-8,198,Georgetown,USA,2013,1,3,28.0,9.7,5.4,2.0,-3.0,4.4,19.8,18.4,55.2,13.3
410,P.J. Tucker,MIL,36,6-5,245,Texas,USA,2006,2,35,52.0,3.7,3.9,1.2,-5.5,3.5,11.3,7.2,51.0,5.7
411,P.J. Washington,CHA,22,6-7,230,Kentucky,USA,2019,1,12,64.0,12.9,6.5,2.5,0.6,4.5,16.3,19.1,54.9,12.0
412,PJ Dozier,DEN,24,6-6,205,South Carolina,USA,Undrafted,Undrafted,Undrafted,50.0,7.7,3.6,1.8,9.5,3.1,13.3,16.6,50.1,11.6
413,Pascal Siakam,TOR,27,6-9,230,New Mexico State,Cameroon,2016,1,27,56.0,21.4,7.2,4.5,3.0,4.5,15.6,26.1,54.7,19.5
414,Pat Connaughton,MIL,28,6-5,209,Notre Dame,USA,2015,2,41,69.0,6.8,4.8,1.2,6.9,3.9,15.2,11.3,57.8,6.4
415,Patrick Beverley,LAC,32,6-1,180,Arkansas,USA,2009,2,42,37.0,7.5,3.2,2.1,9.0,3.7,10.8,14.6,58.0,12.3
416,Patrick McCaw,TOR,25,6-7,181,UNLV,USA,2016,2,38,5.0,1.0,0.6,0.8,-33.0,2.7,7.1,2.6,107.8,19.0
417,Patrick Patterson,LAC,32,6-8,235,Kentucky,USA,2010,1,14,38.0,5.2,2.0,0.8,2.1,3.2,9.3,13.5,57.1,6.9
418,Patrick Williams,CHI,19,6-7,215,Florida State,USA,2020,1,4,71.0,9.2,4.6,1.4,-7.1,3.3,13.1,14.6,56.2,6.8
419,Patty Mills,SAS,32,6-1,180,St. Mary's,Australia,2009,2,55,68.0,10.8,1.7,2.4,1.4,1.0,5.3,17.7,57.0,14.2
420,Paul George,LAC,31,6-8,220,Fresno State,USA,2010,1,10,54.0,23.3,6.6,5.2,11.3,2.6,17.1,29.6,59.8,23.9
421,Paul Millsap,DEN,36,6-7,257,Louisiana Tech,USA,2006,2,47,56.0,9.0,4.7,1.8,4.7,6.7,16.7,18.4,56.5,11.3
422,Paul Reed,PHI,22,6-9,210,DePaul,USA,2020,2,58,26.0,3.4,2.3,0.5,11.2,14.7,17.2,20.8,54.0,10.7
423,Paul Watson,TOR,26,6-6,210,Fresno State,USA,Undrafted,Undrafted,Undrafted,27.0,4.1,1.7,0.6,-1.7,1.2,12.9,13.3,64.9,8.1
424,Payton Pritchard,BOS,23,6-1,195,Oregon,USA,2020,1,26,66.0,7.7,2.4,1.8,0.6,2.5,9.9,16.2,58.2,13.6
425,Precious Achiuwa,MIA,21,6-8,225,Memphis,Nigeria,2020,1,20,61.0,5.0,3.4,0.5,-7.2,9.7,17.4,18.4,55.0,6.4
426,Quinn Cook,CLE,28,6-1,180,Duke,USA,Undrafted,Undrafted,Undrafted,23.0,3.3,0.7,0.8,-3.9,1.2,8.4,20.4,53.1,18.4
427,Quinndary Weatherspoon,SAS,24,6-3,205,Mississippi State,USA,2019,2,49,20.0,2.3,0.6,0.4,-22.6,2.4,7.0,18.0,54.7,10.7
428,R.J. Hampton,ORL,20,6-4,175,None,USA,2020,1,24,51.0,6.9,3.5,1.7,-14.2,3.0,16.2,19.1,50.7,15.5
429,RJ Barrett,NYK,21,6-6,214,Duke,Canada,2019,1,3,72.0,17.6,5.8,3.0,2.7,2.7,13.0,22.8,53.5,13.4
430,Rajon Rondo,LAC,35,6-1,180,Kentucky,USA,2006,1,21,45.0,5.4,2.4,4.4,1.0,2.3,11.3,16.6,54.4,37.5
431,Raul Neto,WAS,29,6-1,180,None,Brazil,2013,2,47,64.0,8.7,2.4,2.3,-1.0,1.9,8.7,15.5,57.5,14.1
432,Ray Spalding,HOU,24,6-9,225,Louisville,USA,2018,2,56,2.0,2.0,2.0,0.0,-15.9,8.3,8.3,15.7,41.0,0.0
433,Rayjon Tucker,PHI,23,6-3,209,Arkansas-Little Rock,USA,Undrafted,Undrafted,Undrafted,14.0,2.4,0.8,0.4,-5.2,1.2,16.4,17.6,64.5,15.4
434,Reggie Bullock,NYK,30,6-6,205,North Carolina,USA,2013,1,25,65.0,10.9,3.4,1.5,2.5,0.8,10.2,14.0,60.6,7.2
435,Reggie Jackson,LAC,31,6-2,208,Boston College,USA,2011,1,24,67.0,10.7,2.9,3.1,7.4,1.6,10.7,19.5,57.6,18.5
436,Reggie Perry,BKN,21,6-8,250,Mississippi State,USA,2020,2,57,26.0,3.0,2.8,0.5,-7.3,11.7,20.4,19.0,46.6,9.7
437,Richaun Holmes,SAC,27,6-10,235,Bowling Green,USA,2015,2,37,61.0,14.2,8.3,1.7,0.3,8.1,19.6,17.3,66.9,8.2
438,Ricky Rubio,MIN,30,6-3,190,None,Spain,2009,1,5,68.0,8.6,3.3,6.4,-5.0,1.4,11.0,15.5,51.6,33.0
439,Robert Covington,POR,30,6-7,209,Tennessee State,USA,Undrafted,Undrafted,Undrafted,70.0,8.5,6.7,1.7,4.8,2.6,18.3,11.4,55.3,6.6
440,Robert Franks,ORL,24,6-7,225,Washington State,USA,2019,,,7.0,6.1,2.0,0.7,-14.4,5.3,8.2,14.8,63.8,7.0
441,Robert Williams III,BOS,23,6-8,237,Texas A&M,USA,2018,1,27,52.0,8.0,6.9,1.8,0.4,13.6,23.2,14.5,71.9,13.7
442,Robert Woodard II,SAC,21,6-6,235,Mississippi State,USA,2020,2,40,13.0,1.5,1.2,0.2,6.6,8.0,23.5,21.0,42.5,5.6
443,Robin Lopez,WAS,33,7-0,281,Stanford,USA,2008,1,15,71.0,9.0,3.8,0.8,-1.1,9.7,9.2,16.9,66.1,6.0
444,Rodions Kurucs,MIL,23,6-9,228,None,Latvia,2018,2,40,21.0,1.5,1.1,0.5,-0.3,3.7,13.4,14.5,45.9,11.5
445,Rodney Hood,TOR,28,6-8,208,Duke,USA,2014,1,23,55.0,4.5,1.9,1.0,-6.6,2.3,8.4,13.9,45.2,8.3
446,Rodney McGruder,DET,29,6-4,205,Kansas State,USA,Undrafted,Undrafted,Undrafted,16.0,5.7,1.4,1.0,-4.0,4.2,7.8,17.9,61.9,12.8
447,Romeo Langford,BOS,21,6-4,216,Indiana,USA,2019,1,14,18.0,3.1,1.9,0.7,-10.1,4.0,7.7,11.1,43.6,6.9
448,Rondae Hollis-Jefferson,POR,26,6-6,217,Arizona,USA,2015,1,23,11.0,2.5,2.4,1.2,-1.1,8.0,14.0,10.5,53.9,16.9
449,Royce O'Neale,UTA,28,6-4,226,Baylor,USA,Undrafted,Undrafted,Undrafted,71.0,7.0,6.8,2.5,10.4,3.9,16.2,9.5,59.9,10.3
450,Rudy Gay,SAS,34,6-8,250,Connecticut,USA,2006,1,8,63.0,11.4,4.8,1.4,4.5,2.8,17.6,23.0,53.2,10.0
451,Rudy Gobert,UTA,29,7-1,258,None,France,2013,1,27,71.0,14.3,13.5,1.3,15.9,11.0,28.8,16.6,68.3,5.9
452,Rui Hachimura,WAS,23,6-8,230,Gonzaga,Japan,2019,1,9,57.0,13.8,5.5,1.4,-2.8,2.6,13.9,18.0,54.9,6.2
453,Russell Westbrook,WAS,32,6-3,200,UCLA,USA,2008,1,4,65.0,22.2,11.5,11.7,-1.2,4.3,24.9,29.5,50.9,47.7
454,Ryan Arcidiacono,CHI,27,6-3,195,Villanova,USA,Undrafted,Undrafted,Undrafted,44.0,3.1,1.5,1.3,0.0,1.1,13.5,12.8,54.1,17.6
455,Saben Lee,DET,22,6-2,183,Vanderbilt,USA,2020,2,38,48.0,5.6,2.0,3.6,-6.3,2.6,9.9,17.1,53.6,33.3
456,Saddiq Bey,DET,22,6-7,215,Villanova,USA,2020,1,19,70.0,12.2,4.5,1.4,-5.6,2.2,14.5,18.2,56.7,7.7
457,Sam Merrill,MIL,25,6-4,205,Utah State,USA,2020,2,60,30.0,3.0,1.0,0.7,-8.5,2.4,9.4,14.6,60.3,13.5
458,Sean McDermott,MEM,24,6-6,195,Butler,USA,Undrafted,Undrafted,Undrafted,18.0,2.2,1.1,0.2,-17.7,3.1,8.7,10.1,53.4,4.3
459,Sekou Doumbouya,DET,20,6-8,230,None,France,2019,1,15,56.0,5.1,2.6,0.8,-6.9,4.5,11.7,17.6,45.9,8.0
460,Semi Ojeleye,BOS,26,6-6,240,Southern Methodist,USA,2017,2,37,56.0,4.6,2.6,0.7,-0.2,3.2,12.1,11.4,55.3,5.4
461,Serge Ibaka,LAC,31,6-10,235,None,Republic of the Congo,2008,1,24,41.0,11.1,6.7,1.8,7.4,8.0,21.7,20.0,58.5,11.0
462,Seth Curry,PHI,30,6-2,185,Duke,USA,Undrafted,Undrafted,Undrafted,57.0,12.5,2.4,2.7,8.2,0.6,7.4,16.9,60.7,13.1
463,Shai Gilgeous-Alexander,OKC,22,6-6,180,Kentucky,Canada,2018,1,11,35.0,23.7,4.7,5.9,-7.7,1.5,11.9,28.3,62.3,31.1
464,Shake Milton,PHI,24,6-5,205,Southern Methodist,USA,2018,2,54,63.0,13.0,2.3,3.1,4.3,2.2,7.6,23.9,54.9,21.0
465,Shaquille Harrison,DEN,27,6-7,190,Tulsa,USA,Undrafted,Undrafted,Undrafted,34.0,2.1,1.4,0.7,-10.1,2.0,11.7,12.4,41.6,10.9
466,Sindarius Thornwell,ORL,26,6-4,215,South Carolina,USA,2017,2,48,21.0,2.0,0.9,1.0,-2.0,1.3,6.7,11.0,41.4,13.5
467,Skylar Mays,ATL,23,6-4,205,Louisiana State,USA,2020,2,50,33.0,3.8,1.1,0.9,1.4,3.7,9.5,18.6,56.9,18.0
468,Solomon Hill,ATL,30,6-6,226,Arizona,USA,2013,1,23,71.0,4.5,3.0,1.1,1.0,2.8,11.1,10.2,49.8,6.5
469,Spencer Dinwiddie,BKN,28,6-5,215,Colorado,USA,2014,2,38,3.0,6.7,4.3,3.0,29.8,0.0,15.1,15.4,53.6,17.3
470,Stanley Johnson,TOR,25,6-6,242,Arizona,USA,2015,1,8,61.0,4.4,2.5,1.5,-6.4,2.7,12.8,13.0,51.9,12.7
471,Stephen Curry,GSW,33,6-3,185,Davidson,USA,2009,1,7,63.0,32.0,5.5,5.8,4.6,1.3,13.5,33.1,65.5,28.3
472,Sterling Brown,HOU,26,6-5,219,Southern Methodist,USA,2017,2,46,51.0,8.2,4.4,1.4,-5.4,2.9,14.7,13.3,59.7,8.8
473,Steven Adams,NOP,27,6-11,265,Pittsburgh,New Zealand,2013,1,12,58.0,7.6,8.9,1.9,-0.1,13.2,18.7,11.8,59.6,8.8
474,Svi Mykhailiuk,OKC,24,6-7,205,Kansas,Ukraine,2018,2,47,66.0,8.5,2.5,1.7,-8.2,1.7,10.4,19.0,52.9,12.7
475,T.J. Leaf,POR,24,6-10,222,UCLA,USA,2017,1,18,7.0,1.7,0.7,0.1,-24.8,0.0,10.6,13.8,55.1,3.8
476,T.J. McConnell,IND,29,6-1,190,Arizona,USA,2015,0,,69.0,8.6,3.7,6.6,2.5,3.0,10.6,14.9,58.3,33.7
477,T.J. Warren,IND,27,6-8,220,North Carolina State,USA,2014,1,14,4.0,15.5,3.5,1.3,2.6,1.7,10.6,21.3,56.0,6.0
478,Tacko Fall,BOS,25,7-5,311,UCF,Senegal,Undrafted,Undrafted,Undrafted,19.0,2.5,2.7,0.2,6.3,12.3,23.7,12.7,66.0,2.8
479,Taj Gibson,NYK,36,6-9,232,Southern California,USA,2009,1,26,45.0,5.4,5.6,0.8,7.3,10.2,15.1,9.5,66.1,5.4
480,Talen Horton-Tucker,LAL,20,6-4,234,Iowa State,USA,2019,2,46,65.0,9.0,2.6,2.8,1.0,1.9,10.4,21.0,53.6,20.9
481,Taurean Prince,CLE,27,6-7,218,Baylor,USA,2016,1,12,41.0,9.5,3.5,1.9,-6.1,2.1,13.2,18.9,54.0,12.1
482,Terance Mann,LAC,24,6-5,215,Florida State,USA,2019,2,48,67.0,7.0,3.6,1.6,2.7,4.4,14.0,14.4,60.3,11.4
483,Terence Davis,SAC,24,6-4,201,Mississippi,USA,Undrafted,Undrafted,Undrafted,61.0,8.7,2.5,1.4,-2.8,1.8,12.5,21.3,55.5,12.2
484,Terrance Ferguson,PHI,23,6-6,190,None,USA,2017,1,21,13.0,0.2,0.1,0.2,-17.8,0.0,2.4,9.4,14.3,5.7
485,Terrence Ross,ORL,30,6-6,206,Washington,USA,2012,1,8,46.0,15.6,3.4,2.3,-8.8,1.0,10.4,23.0,53.0,13.3
486,Terry Rozier,CHA,27,6-1,190,Louisville,USA,2015,1,16,69.0,20.4,4.4,4.2,-2.0,1.9,10.5,23.8,57.5,19.3
487,Thaddeus Young,CHI,33,6-8,235,Georgia Tech,USA,2007,1,12,68.0,12.1,6.2,4.3,4.1,10.5,15.4,21.6,57.8,25.3
488,Thanasis Antetokounmpo,MIL,28,6-6,219,None,Greece,2014,2,51,57.0,2.9,2.2,0.8,2.5,9.3,11.3,14.7,52.3,11.3
489,Theo Maledon,OKC,20,6-4,175,None,France,2020,2,34,65.0,10.1,3.2,3.5,-16.5,1.2,10.1,18.8,48.9,19.7
490,Theo Pinson,NYK,25,6-5,212,North Carolina,USA,Undrafted,Undrafted,Undrafted,17.0,0.1,0.3,0.1,-16.0,0.0,11.4,11.8,11.1,6.3
491,Thomas Bryant,WAS,23,6-10,248,Indiana,USA,2017,2,42,10.0,14.3,6.1,1.5,-2.1,6.3,16.3,16.3,70.4,7.9
492,Thon Maker,CLE,24,7-0,221,None,South Sudan,2016,1,10,8.0,3.8,2.3,0.5,-10.9,9.3,11.8,14.5,65.7,10.0
493,Tim Frazier,MEM,30,6-0,170,Penn State,USA,Undrafted,Undrafted,Undrafted,5.0,1.6,1.6,3.2,7.8,0.0,10.7,17.8,17.7,33.3
494,Tim Hardaway Jr.,DAL,29,6-5,205,Michigan,USA,2013,1,24,70.0,16.6,3.3,1.8,2.1,1.0,10.1,23.0,58.9,9.8
495,Timothe Luwawu-Cabarrot,BKN,26,6-7,220,None,France,2016,1,24,58.0,6.4,2.2,1.2,-0.4,2.6,9.2,16.5,49.3,8.8
496,Tobias Harris,PHI,28,6-8,226,Tennessee,USA,2011,1,19,62.0,19.5,6.8,3.5,7.2,3.2,17.0,23.7,59.7,17.5
497,Tomas Satoransky,CHI,29,6-7,210,None,Czech Republic,2012,2,32,58.0,7.7,2.4,4.7,-0.8,2.4,8.7,15.0,61.4,27.8
498,Tony Bradley,OKC,23,6-10,248,North Carolina,USA,2017,1,28,42.0,7.1,5.7,0.9,-1.8,12.1,22.4,15.4,67.8,7.7
499,Tony Snell,ATL,29,6-6,213,New Mexico,USA,2013,1,20,47.0,5.3,2.4,1.3,2.2,1.9,9.0,8.4,70.8,8.0
500,Torrey Craig,PHX,30,6-7,221,South Carolina Upstate,USA,Undrafted,Undrafted,Undrafted,50.0,5.5,3.9,1.0,-3.7,7.0,18.5,14.1,57.9,8.4
501,Trae Young,ATL,22,6-1,180,Oklahoma,USA,2018,1,5,63.0,25.3,3.9,9.4,5.2,1.8,9.4,32.0,58.9,42.6
502,Tre Jones,SAS,21,6-1,185,Duke,USA,2020,2,41,37.0,2.5,0.6,1.1,-13.8,2.8,4.9,15.9,54.4,22.8
503,Tremont Waters,BOS,23,5-10,175,Louisiana State,USA,2019,2,51,26.0,3.8,0.8,2.4,-2.0,2.1,6.2,20.4,54.1,38.0
504,Trent Forrest,UTA,23,6-4,210,Florida State,USA,Undrafted,Undrafted,Undrafted,30.0,2.9,1.5,1.5,-7.7,3.8,11.1,14.4,55.4,20.5
505,Trevor Ariza,MIA,36,6-8,215,UCLA,USA,2004,2,43,30.0,9.4,4.8,1.8,2.8,3.3,15.0,14.9,54.2,8.9
506,Trey Burke,DAL,28,6-0,185,Michigan,USA,2013,1,9,62.0,6.6,0.9,1.3,1.3,1.1,4.7,19.3,54.4,12.9
507,Trey Lyles,SAS,25,6-9,234,Kentucky,Canada,2015,1,12,23.0,5.0,3.7,0.6,-14.5,2.2,21.3,12.8,57.4,6.0
508,Tristan Thompson,BOS,30,6-9,254,University of Texas at Austin,Canada,2011,1,4,54.0,7.6,8.1,1.2,1.0,12.4,21.2,14.4,54.0,7.3
509,Troy Brown Jr.,CHI,21,6-6,215,Oregon,USA,2018,1,15,34.0,4.7,3.1,0.9,3.1,3.9,15.8,14.1,52.5,7.6
510,Ty Jerome,OKC,23,6-5,195,Virginia,USA,2019,1,24,33.0,10.7,2.8,3.6,-8.5,1.2,10.0,18.1,58.5,22.9
511,Ty-Shon Alexander,PHX,22,6-3,195,Creighton,USA,Undrafted,Undrafted,Undrafted,15.0,0.6,0.7,0.4,-6.0,3.8,15.7,14.3,34.9,20.0
512,Tyler Bey,DAL,23,6-7,215,Colorado,USA,2020,2,36,18.0,1.0,1.1,0.2,-27.0,9.0,17.7,14.3,37.2,6.3
513,Tyler Cook,DET,23,6-8,255,Iowa,USA,Undrafted,Undrafted,Undrafted,32.0,4.9,3.0,0.5,-4.2,6.5,14.9,13.6,65.9,5.7
514,Tyler Herro,MIA,21,6-5,195,Kentucky,USA,2019,1,13,54.0,15.1,5.0,3.4,-2.9,1.5,14.4,22.5,54.3,18.4
515,Tyler Johnson,BKN,29,6-3,186,Fresno State,USA,Undrafted,Undrafted,Undrafted,39.0,5.4,2.0,1.2,3.3,0.9,9.6,13.2,54.6,9.1
516,Tyrell Terry,DAL,20,6-2,160,Stanford,USA,2020,2,31,11.0,1.0,0.5,0.5,0.0,0.0,11.8,13.5,31.8,15.8
517,Tyrese Haliburton,SAC,21,6-5,185,Iowa State,USA,2020,1,12,58.0,13.0,3.0,5.3,-5.6,2.2,7.6,17.5,58.5,24.7
518,Tyrese Maxey,PHI,20,6-2,200,Kentucky,USA,2020,1,21,61.0,8.0,1.7,2.0,-1.6,1.1,9.8,22.2,53.1,20.7
519,Tyus Jones,MEM,25,6-0,196,Duke,USA,2015,1,24,70.0,6.3,2.0,3.7,-2.8,1.6,9.3,16.5,51.1,30.5
520,Udoka Azubuike,UTA,21,6-10,280,Kansas,Nigeria,2020,1,27,15.0,1.1,0.9,0.0,-54.5,6.3,15.0,11.9,59.7,0.0
521,Udonis Haslem,MIA,41,6-8,235,Florida,USA,Undrafted,Undrafted,Undrafted,1.0,4.0,1.0,0.0,66.7,0.0,25.0,28.6,100,0.0
522,Vernon Carey Jr.,CHA,20,6-9,270,Duke,USA,2020,2,32,19.0,2.4,1.4,0.1,-3.2,5.4,17.4,17.8,56.3,2.8
523,Victor Oladipo,MIA,29,6-4,213,Indiana,USA,2013,1,2,33.0,19.8,4.8,4.6,-2.3,1.0,13.7,28.6,51.2,23.3
524,Vincent Poirier,PHI,27,7-0,235,None,France,Undrafted,Undrafted,Undrafted,10.0,0.8,1.4,0.2,-19.4,13.0,22.2,19.4,27.3,8.0
525,Vlatko Cancar,DEN,24,6-8,236,None,Slovenia,2017,2,49,41.0,2.1,1.2,0.3,-17.5,3.5,13.6,13.2,54.7,7.3
526,Wayne Ellington,DET,33,6-4,207,North Carolina,USA,2009,1,28,46.0,9.6,1.8,1.5,-4.3,1.2,7.3,16.2,62.5,9.7
527,Wendell Carter Jr.,ORL,22,6-10,270,Duke,USA,2018,1,7,54.0,11.2,8.2,1.9,-9.0,9.1,21.9,18.8,56.6,11.6
528,Wenyen Gabriel,NOP,24,6-9,205,Kentucky,South Sudan,Undrafted,Undrafted,Undrafted,21.0,3.4,2.6,0.5,0.8,6.9,13.5,13.5,53.3,6.3
529,Wes Iwundu,NOP,26,6-6,195,Kansas State,USA,2017,2,33,41.0,2.4,2.2,0.4,-6.6,2.5,13.0,10.3,42.8,4.5
530,Wesley Matthews,LAL,34,6-4,220,Marquette,USA,Undrafted,Undrafted,Undrafted,58.0,4.8,1.6,0.9,1.9,1.8,6.4,11.1,51.7,6.5
531,Will Barton,DEN,30,6-6,181,Memphis,USA,2012,2,40,56.0,12.7,4.0,3.2,6.0,2.4,10.9,18.7,53.8,13.5
532,Will Magnay,NOP,23,6-10,234,None,Australia,Undrafted,Undrafted,Undrafted,1.0,0.0,0.0,0.0,-148.2,0.0,0.0,20.0,0.0,0.0
533,Willie Cauley-Stein,DAL,27,7-0,240,Kentucky,USA,2015,1,6,53.0,5.3,4.5,0.7,9.4,7.3,17.5,12.0,64.7,5.3
534,Willy Hernangomez,NOP,27,6-11,250,None,Spain,2015,2,35,47.0,7.8,7.1,1.1,0.0,13.4,24.7,16.6,59.1,8.2
535,Xavier Tillman,MEM,22,6-8,245,Michigan State,USA,2020,2,35,59.0,6.6,4.3,1.3,2.9,6.5,16.3,14.2,60.5,9.6
536,Yogi Ferrell,LAC,28,6-0,178,Indiana,USA,Undrafted,Undrafted,Undrafted,10.0,5.6,1.9,2.2,-0.4,3.4,9.5,19.3,45.9,22.9
537,Yuta Watanabe,TOR,26,6-9,215,George Washington,Japan,Undrafted,Undrafted,Undrafted,50.0,4.4,3.2,0.8,-2.7,4.6,17.1,12.1,56.5,7.9
538,Zach LaVine,CHI,26,6-5,200,UCLA,USA,2014,1,13,58.0,27.4,5.0,4.9,-0.8,1.8,12.1,30.2,63.4,22.5
539,Zeke Nnaji,DEN,20,6-9,240,Arizona,USA,2020,1,22,42.0,3.2,1.5,0.2,-10.5,3.4,12.9,12.6,61.5,3.7
540,Zion Williamson,NOP,20,6-7,284,Duke,USA,2019,1,1,61.0,27.0,7.2,3.7,2.1,8.1,13.1,28.7,64.9,18.8
