,Player,Team,Age,Height,Weight,COLLEGE,COUNTRY,DRAFT YEAR,DRAFT ROUND,DRAFT NUMBER,GP,PTS,REB,AST,NETRTG,OREB%,DREB%,USG%,TS%,AST%
0,,,,,,,,,,,,,,,,,,,,
1,Aaron McKie,LAL,34,6-5,209,Temple,USA,1994,1,17,10.0,2.2,1.8,1.3,-6.6,0.8,13.7,8.5,64.7,16.5
2,Aaron Williams,LAC,35,6-9,235,Xavier,USA,Undrafted,Undrafted,Undrafted,38.0,2.0,2.2,0.2,-1.4,7.8,16.3,10.0,60.6,3.0
3,Adam Morrison,CHA,22,6-8,205,Gonzaga,USA,2006,1,3,78.0,11.8,2.9,2.1,-6.1,2.3,8.1,21.6,45.0,12.1
4,Adonal Foyle,GSW,32,6-10,270,Colgate,St. Vincent & Grenadines,1997,1,8,48.0,2.2,2.6,0.4,-3.4,10.4,15.0,10.5,55.7,5.4
5,Adrian Griffin,CHI,32,6-5,230,Seton Hall,USA,Undrafted,Undrafted,Undrafted,54.0,2.5,2.0,1.1,6.6,7.5,12.2,13.2,49.9,15.4
6,Al Harrington,GSW,27,6-9,245,None,USA,1998,1,25,78.0,16.5,6.4,1.9,-0.6,5.8,13.8,22.8,54.0,9.7
7,Al Jefferson,BOS,22,6-10,256,None,USA,2004,1,15,69.0,16.0,11.0,1.3,-3.3,11.0,23.9,22.6,54.7,7.1
8,Alan Anderson,CHA,24,6-6,220,Michigan State,USA,Undrafted,Undrafted,Undrafted,17.0,5.8,1.9,1.2,-3.9,4.5,8.9,19.4,53.8,14.4
9,Alan Henderson,PHI,34,6-9,240,Indiana,USA,1995,1,16,38.0,3.1,2.8,0.3,-0.7,11.5,15.2,10.3,67.9,3.6
10,Alexander Johnson,MEM,24,6-9,240,Florida State,USA,2006,2,45,59.0,4.4,3.1,0.3,-0.6,7.6,19.3,15.8,58.8,3.3
11,Allan Ray,BOS,23,6-2,190,Villanova,USA,Undrafted,Undrafted,Undrafted,47.0,6.2,1.5,0.9,-0.8,2.4,8.3,19.8,51.2,10.5
12,Allen Iverson,DEN,32,6-0,165,Georgetown,USA,1996,1,1,65.0,26.3,3.0,7.2,-0.2,0.8,6.1,28.8,54.0,30.2
13,Alonzo Mourning,MIA,37,6-10,261,Georgetown,USA,1992,1,2,77.0,8.6,4.5,0.2,-1.8,8.9,13.7,20.4,59.0,2.0
14,Alvin Williams,LAC,32,6-5,195,Villanova,USA,1997,2,47,2.0,1.0,0.5,1.5,-38.1,7.1,0.0,25.9,26.6,42.9
15,Amar'e Stoudemire,PHX,24,6-10,245,None,USA,2002,1,9,82.0,20.4,9.6,1.0,8.3,9.1,20.4,25.2,63.7,4.9
16,Amir Johnson,DET,20,6-9,210,No College,USA,2005,2,56,8.0,5.9,4.6,0.4,0.4,12.8,15.5,17.0,60.0,3.9
17,Anderson Varejao,CLE,24,6-10,240,None,Brazil,2004,2,30,81.0,6.8,6.7,0.9,6.8,9.7,19.2,13.5,52.7,6.0
18,Andray Blatche,WAS,20,6-11,248,None,USA,2005,2,49,56.0,3.7,3.4,0.7,-5.8,10.7,17.4,16.9,47.1,9.4
19,Andre Barrett,CHI,25,5-10,173,Seton Hall,USA,Undrafted,Undrafted,Undrafted,6.0,1.3,0.8,1.2,-2.9,3.8,16.0,16.9,50.0,36.8
20,Andre Brown,SEA,26,6-9,245,DePaul,USA,Undrafted,Undrafted,Undrafted,38.0,2.4,1.9,0.1,-3.6,10.0,16.8,17.1,57.7,1.4
21,Andre Iguodala,PHI,23,6-6,207,Arizona,USA,2004,1,9,76.0,18.2,5.7,5.7,-3.5,2.7,12.4,22.4,56.2,24.2
22,Andre Miller,PHI,31,6-2,200,Utah,USA,1999,1,8,80.0,13.4,4.4,7.8,-0.5,3.5,8.8,18.9,52.0,32.9
23,Andrea Bargnani,TOR,21,7-0,250,None,Italy,2006,1,1,65.0,11.6,3.9,0.8,1.4,3.4,13.0,22.2,54.6,5.1
24,Andreas Glyniadakis,SEA,25,7-1,280,None,Greece,2003,2,58,13.0,1.3,0.6,0.1,-15.0,2.7,8.5,15.3,47.5,2.0
25,Andrei Kirilenko,UTA,26,6-9,227,None,Russia,1999,1,24,70.0,8.3,4.7,2.9,1.1,4.7,12.3,14.5,55.8,14.5
26,Andres Nocioni,CHI,27,6-7,225,None,Argentina,Undrafted,Undrafted,Undrafted,53.0,14.1,5.7,1.1,1.8,3.1,18.6,23.7,57.8,7.3
27,Andrew Bogut,MIL,22,7-0,245,Utah,Australia,2005,1,1,66.0,12.3,8.8,3.0,-2.6,7.8,20.0,17.2,56.6,13.8
28,Andrew Bynum,LAL,19,7-0,275,None,USA,2005,1,10,82.0,7.8,5.9,1.1,-2.8,8.3,19.1,16.3,59.3,8.5
29,Andris Biedrins,GSW,21,6-11,245,None,Latvia,2004,1,11,82.0,9.5,9.3,1.1,2.9,10.6,21.5,13.9,59.8,5.3
30,Antawn Jamison,WAS,31,6-9,235,North Carolina,USA,1998,1,4,70.0,19.8,8.0,1.9,1.2,5.0,17.0,22.4,54.5,8.4
31,Anthony Carter,DEN,32,6-2,195,Hawaii,USA,Undrafted,Undrafted,Undrafted,2.0,3.0,1.5,5.5,7.7,0.0,5.9,15.6,37.5,42.3
32,Anthony Johnson,ATL,32,6-3,195,College of Charleston,USA,1997,2,39,67.0,5.3,1.5,3.0,-4.8,1.8,6.5,15.6,48.0,24.9
33,Anthony Parker,TOR,32,6-6,215,Bradley,USA,1997,1,21,73.0,12.4,3.9,2.1,6.7,2.7,9.6,15.5,59.6,9.6
34,Anthony Roberson,GSW,24,6-2,188,Florida,USA,Undrafted,Undrafted,Undrafted,20.0,5.6,1.1,0.5,-11.3,0.8,8.3,21.9,52.7,7.1
35,Antoine Walker,MIA,30,6-9,245,Kentucky,USA,1996,1,6,78.0,8.5,4.3,1.7,-2.2,5.4,14.1,21.9,46.2,12.2
36,Antoine Wright,NJN,23,6-7,215,Texas A&M,USA,2005,1,15,63.0,4.5,2.8,0.9,-6.3,3.6,12.3,13.1,50.0,8.1
37,Antonio Daniels,WAS,32,6-4,205,Bowling Green,USA,1997,1,4,80.0,7.1,1.9,3.6,-0.4,1.0,8.0,14.1,57.2,26.1
38,Antonio McDyess,DET,32,6-9,245,Alabama,USA,1995,1,2,82.0,8.1,6.0,0.9,8.9,9.9,20.0,18.0,55.2,7.2
39,Austin Croshere,DAL,32,6-10,235,Providence,USA,1997,1,12,61.0,3.7,3.0,0.7,1.2,4.6,20.8,16.9,46.3,10.4
40,Baron Davis,GSW,28,6-3,215,UCLA,USA,1999,1,3,63.0,20.1,4.4,8.1,5.3,2.3,10.1,26.3,53.0,35.6
41,Ben Gordon,CHI,24,6-3,200,Connecticut,USA,2004,1,3,82.0,21.4,3.1,3.6,6.6,1.3,8.2,28.6,57.2,19.4
42,Ben Wallace,CHI,32,6-9,240,Virginia Union,USA,Undrafted,Undrafted,Undrafted,77.0,6.4,10.7,2.4,3.3,11.3,19.6,10.7,45.6,10.1
43,Beno Udrih,SAS,24,6-3,200,None,Slovenia,2004,1,28,73.0,4.7,1.1,1.7,-0.2,1.2,7.8,20.5,45.9,22.0
44,Bernard Robinson,NJN,26,6-6,210,Michigan,USA,2004,2,45,31.0,2.0,1.5,0.6,-9.2,3.6,13.4,14.3,41.3,11.9
45,Bo Outlaw,ORL,36,6-8,220,Houston,USA,Undrafted,Undrafted,Undrafted,41.0,2.0,2.6,0.4,-1.3,11.4,14.4,8.1,66.7,5.5
46,Bobby Jackson,NOK,34,6-1,185,Minnesota,USA,1997,1,23,56.0,10.6,3.2,2.5,1.3,3.1,10.3,22.4,50.0,17.9
47,Bobby Jones,PHI,23,6-7,215,Washington,USA,2006,2,37,44.0,2.5,1.3,0.4,7.4,6.7,11.0,17.2,49.5,7.5
48,Bonzi Wells,HOU,30,6-5,210,Ball State,USA,1998,1,11,28.0,7.8,4.3,1.1,0.2,4.7,16.2,23.5,44.6,10.0
49,Boris Diaw,PHX,25,6-8,230,None,France,2003,1,21,73.0,9.7,4.3,4.8,5.3,4.5,9.9,15.3,57.0,21.9
50,Bostjan Nachbar,NJN,26,6-9,221,None,Slovenia,2002,1,15,76.0,9.2,3.3,0.8,-1.1,1.9,14.9,18.7,61.4,7.2
51,Bracey Wright,MIN,22,6-3,201,Indiana,USA,2005,2,47,19.0,3.5,1.1,0.8,14.1,3.7,8.4,17.0,49.3,11.4
52,Brad Miller,SAC,31,7-0,261,Purdue,USA,Undrafted,Undrafted,Undrafted,63.0,9.0,6.4,3.6,1.7,4.5,18.7,16.6,50.8,19.6
53,Brandon Bass,NOK,22,6-8,240,Louisiana State,USA,2005,2,33,21.0,2.0,2.0,0.1,-6.3,7.6,22.1,16.7,41.1,3.0
54,Brandon Roy,POR,22,6-6,229,Washington,USA,2006,1,6,57.0,16.8,4.4,4.0,-4.9,3.0,10.7,22.5,54.8,20.2
55,Brendan Haywood,WAS,27,7-0,263,North Carolina,USA,2001,1,20,77.0,6.6,6.2,0.6,1.9,10.9,16.7,13.4,57.1,4.0
56,Brent Barry,SAS,35,6-7,210,Oregon State,USA,1995,1,15,75.0,8.5,2.1,1.8,6.0,1.2,9.1,15.0,66.6,13.2
57,Brevin Knight,CHA,31,5-10,170,Stanford,USA,1997,1,16,45.0,9.1,2.6,6.6,-3.1,1.1,8.5,17.9,48.7,37.8
58,Brian Cardinal,MEM,30,6-8,245,Purdue,USA,2000,2,44,28.0,4.5,2.1,1.1,-5.3,4.2,16.4,17.1,65.5,16.9
59,Brian Cook,LAL,26,6-9,258,Illinois,USA,2003,1,24,65.0,6.9,3.3,1.0,3.0,6.4,15.6,20.8,52.5,10.0
60,Brian Scalabrine,BOS,29,6-9,235,Southern California,USA,2001,2,34,54.0,4.0,1.9,1.1,-3.6,2.5,8.4,10.8,53.7,9.2
61,Brian Skinner,MIL,31,6-9,265,Baylor,USA,1998,1,22,67.0,4.4,5.7,0.9,-3.5,7.4,19.5,10.8,51.1,5.4
62,Bruce Bowen,SAS,36,6-7,200,California State-Fullerton,USA,Undrafted,Undrafted,Undrafted,82.0,6.2,2.7,1.4,13.5,1.1,8.2,10.8,51.1,6.8
63,CJ Miles,UTA,20,6-6,215,No College,USA,2005,2,34,37.0,2.7,0.9,0.7,-8.1,2.8,6.8,17.7,40.0,9.7
64,Calvin Booth,WAS,31,6-11,250,Penn State,USA,1999,2,35,44.0,1.6,1.8,0.4,7.4,7.1,15.1,9.1,49.0,6.7
65,Carlos Arroyo,ORL,27,6-2,202,Florida International,Puerto Rico,Undrafted,Undrafted,Undrafted,72.0,7.7,1.9,2.8,1.4,2.7,8.4,22.2,50.1,28.6
66,Carlos Boozer,UTA,25,6-9,266,Duke,USA,2002,2,34,74.0,20.9,11.7,3.0,2.9,9.9,25.8,26.2,58.8,15.8
67,Carlos Delfino,DET,24,6-6,230,None,Argentina,2003,1,25,82.0,5.2,3.2,1.1,2.9,5.0,14.9,15.8,51.5,10.8
68,Carmelo Anthony,DEN,23,6-8,230,Syracuse,USA,2003,1,3,65.0,28.9,6.0,3.8,1.7,6.0,9.9,32.8,55.2,18.3
69,Caron Butler,WAS,27,6-7,228,Connecticut,USA,2002,1,10,63.0,19.1,7.4,3.7,1.2,5.9,13.6,22.7,53.7,15.4
70,Cedric Bozeman,ATL,24,6-6,207,UCLA,USA,Undrafted,Undrafted,Undrafted,23.0,1.1,1.0,0.4,-4.6,1.4,9.6,10.7,31.2,7.5
71,Cedric Simmons,NOK,21,6-9,235,North Carolina State,USA,2006,1,15,43.0,2.9,2.5,0.3,-8.8,8.2,11.9,14.2,43.0,3.7
72,Channing Frye,NYK,24,6-11,248,Arizona,USA,2005,1,8,72.0,9.5,5.5,0.9,-4.3,5.1,17.0,19.9,46.4,6.3
73,Charlie Bell,MIL,28,6-3,200,Michigan State,USA,Undrafted,Undrafted,Undrafted,82.0,13.5,2.9,3.0,-4.5,2.0,6.8,18.1,53.0,13.7
74,Charlie Villanueva,MIL,22,6-11,240,Connecticut,USA,2005,1,7,39.0,11.8,5.8,0.9,-0.1,6.6,17.6,21.5,54.7,5.8
75,Chauncey Billups,DET,30,6-3,202,Colorado,USA,1997,1,3,70.0,17.0,3.4,7.2,7.5,1.0,8.9,21.2,59.1,32.1
76,Chris Bosh,TOR,23,6-10,230,Georgia Tech,USA,2003,1,4,69.0,22.6,10.7,2.5,3.8,7.5,21.7,26.6,57.7,11.5
77,Chris Duhon,CHI,24,6-1,185,Duke,USA,2004,2,38,78.0,7.2,2.2,4.0,4.9,1.2,7.7,14.5,52.9,25.2
78,Chris Kaman,LAC,25,7-0,265,Central Michigan,USA,2003,1,6,75.0,10.1,7.8,1.1,-3.7,8.3,21.1,19.4,50.2,6.1
79,Chris McCray,MIL,23,6-5,192,Maryland,USA,Undrafted,Undrafted,Undrafted,5.0,0.0,0.0,0.0,-11.0,0.0,0.0,16.1,0.0,0.0
80,Chris Paul,NOK,22,6-0,175,Wake Forest,USA,2005,1,4,64.0,17.3,4.4,8.9,-1.1,2.2,10.4,22.3,53.7,39.7
81,Chris Quinn,MIA,23,6-2,185,Notre Dame,USA,Undrafted,Undrafted,Undrafted,42.0,3.4,0.7,1.5,1.4,1.5,6.2,19.4,47.9,28.9
82,Chris Webber,DET,34,6-10,245,Michigan,USA,1993,1,1,61.0,11.2,7.2,3.1,2.4,7.5,19.6,21.3,48.2,17.0
83,Chris Wilcox,SEA,24,6-10,235,Maryland,USA,2002,1,8,82.0,13.5,7.7,1.0,-0.8,7.3,18.9,19.1,56.8,5.0
84,Chuck Hayes,HOU,24,6-6,238,Kentucky,USA,Undrafted,Undrafted,Undrafted,78.0,5.6,6.7,0.6,10.3,12.2,18.8,11.6,58.7,4.3
85,Chucky Atkins,MEM,32,5-11,185,South Florida,USA,Undrafted,Undrafted,Undrafted,75.0,13.2,1.9,4.6,-3.0,0.9,6.1,21.0,58.0,27.6
86,Clifford Robinson,NJN,40,6-10,245,Connecticut,USA,1989,2,36,50.0,4.1,2.4,1.0,-11.5,3.3,9.8,12.9,43.4,9.2
87,Corey Maggette,LAC,27,6-6,225,Duke,USA,1999,1,13,75.0,16.9,5.9,2.8,1.7,4.3,16.0,25.4,58.3,16.0
88,Corliss Williamson,SAC,33,6-7,245,Arkansas,USA,1995,1,13,68.0,9.1,3.3,0.6,2.9,5.1,11.7,22.2,55.9,5.4
89,Craig Smith,MIN,23,6-7,272,Boston College,USA,2006,2,36,82.0,7.4,5.1,0.6,-4.8,10.3,18.4,18.2,55.8,5.6
90,Cuttino Mobley,LAC,31,6-4,215,Rhode Island,USA,1998,2,41,78.0,13.8,3.4,2.5,-0.5,2.0,7.9,18.1,54.6,11.7
91,DJ Mbenga,DAL,26,7-0,255,None,Belgium,Undrafted,Undrafted,Undrafted,21.0,0.8,0.5,0.3,-11.2,4.5,11.1,14.4,43.5,11.3
92,Dahntay Jones,MEM,26,6-6,210,Duke,USA,2003,1,20,78.0,7.5,2.0,0.9,-3.0,3.1,7.0,16.9,54.2,6.6
93,Dajuan Wagner,GSW,24,6-3,200,Memphis,USA,2002,1,6,1.0,4.0,0.0,1.0,21.4,0.0,0.0,21.4,106.4,20.0
94,Dale Davis,DET,38,6-11,252,Clemson,USA,1991,1,13,46.0,1.8,3.0,0.3,6.9,12.3,16.4,9.9,48.6,4.1
95,Damien Wilkins,SEA,27,6-6,225,Georgia,USA,Undrafted,Undrafted,Undrafted,82.0,8.8,2.8,1.9,-5.9,4.5,7.6,17.3,53.5,12.1
96,Damir Markota,MIL,21,6-10,225,None,Croatia,2006,2,59,30.0,1.7,1.0,0.2,-10.8,6.5,11.7,19.0,44.9,5.9
97,Damon Jones,CLE,30,6-3,190,Houston,USA,Undrafted,Undrafted,Undrafted,60.0,6.6,1.1,1.6,2.7,0.7,5.1,14.8,52.5,12.8
98,Damon Stoudamire,MEM,33,5-10,174,Arizona,USA,1995,1,7,62.0,7.5,2.2,4.8,-8.1,2.2,8.0,16.8,49.3,31.3
99,Dan Dickau,POR,28,6-0,180,Gonzaga,USA,2002,1,28,50.0,3.3,0.9,1.4,5.9,1.7,9.1,20.0,47.6,25.9
100,Dan Gadzuric,MIL,29,6-11,240,UCLA,Netherlands,2002,2,33,54.0,4.8,4.6,0.5,-4.8,11.2,19.2,16.8,48.2,5.3
101,Daniel Ewing,LAC,24,6-3,185,Duke,USA,2005,2,32,61.0,2.9,1.2,1.5,4.3,1.4,9.1,15.2,49.5,21.5
102,Daniel Gibson,CLE,21,6-2,190,Texas,USA,2006,2,42,60.0,4.6,1.5,1.2,4.7,2.8,6.9,13.0,55.6,11.0
103,Danny Fortson,SEA,31,6-8,260,Cincinnati,USA,1997,1,10,14.0,2.9,3.1,0.1,0.5,9.3,21.3,14.5,56.0,1.0
104,Danny Granger,IND,24,6-9,228,New Mexico,USA,2005,1,17,82.0,13.9,4.6,1.4,-2.3,4.1,10.2,17.8,57.3,7.0
105,Darius Songaila,WAS,29,6-9,248,Wake Forest,Lithuania,2002,2,49,37.0,7.6,3.6,1.0,0.3,6.4,13.6,18.4,56.7,9.2
106,Darko Milicic,ORL,22,7-0,275,None,Serbia,2003,1,2,80.0,8.0,5.5,1.1,0.3,8.5,16.1,18.7,49.2,8.1
107,Darrell Armstrong,IND,39,6-1,180,Fayetteville State,USA,Undrafted,Undrafted,Undrafted,81.0,5.6,1.7,2.4,-2.4,2.7,8.5,16.7,54.7,25.0
108,Darrick Martin,TOR,36,5-11,170,UCLA,USA,Undrafted,Undrafted,Undrafted,31.0,3.0,0.4,1.4,-4.3,0.8,4.7,21.7,45.5,34.7
109,David Harrison,IND,24,7-0,280,Colorado,USA,2004,1,29,24.0,3.0,1.8,0.3,-9.1,5.1,18.0,20.9,52.5,6.3
110,David Lee,NYK,24,6-9,249,Florida,USA,2005,1,30,58.0,10.7,10.4,1.8,2.8,11.9,23.8,14.2,65.2,9.5
111,David Noel,MIL,23,6-6,230,North Carolina,USA,2006,2,39,68.0,2.7,1.8,1.0,-9.3,5.2,10.9,13.1,47.0,12.2
112,David Wesley,CLE,36,6-1,203,Baylor,USA,Undrafted,Undrafted,Undrafted,35.0,2.1,1.0,1.1,-1.7,0.9,9.0,13.3,41.8,17.2
113,David West,NOK,26,6-9,240,Xavier,USA,2003,1,18,52.0,18.3,8.2,2.2,0.4,6.7,16.9,23.2,53.2,10.3
114,DeSagana Diop,DAL,25,7-0,280,None,Senegal,2001,1,8,81.0,2.3,5.4,0.4,4.4,11.8,19.3,7.8,50.3,3.0
115,DeShawn Stevenson,WAS,26,6-5,218,None,USA,2000,1,23,82.0,11.2,2.6,2.7,-1.7,2.2,7.0,17.3,54.2,13.9
116,Dee Brown,UTA,22,6-0,181,Illinois,USA,2006,2,46,49.0,1.9,0.8,1.7,1.6,1.8,7.8,13.5,41.1,26.9
117,Delonte West,BOS,23,6-4,180,St. Joseph's (PA),USA,2004,1,24,69.0,12.2,3.0,4.4,-5.6,1.5,8.5,19.0,52.6,23.7
118,DerMarr Johnson,DEN,27,6-9,210,Cincinnati,USA,2000,1,6,39.0,3.5,1.5,0.4,-5.8,2.1,10.6,18.3,41.4,6.8
119,Derek Anderson,CHA,32,6-5,195,Kentucky,USA,1997,1,13,50.0,8.0,2.3,2.7,1.3,2.6,7.6,14.8,58.6,17.4
120,Derek Fisher,UTA,32,6-1,211,Arkansas-Little Rock,USA,1996,1,24,82.0,10.1,1.8,3.3,4.1,1.4,5.7,17.7,51.0,18.3
121,Deron Williams,UTA,23,6-3,205,Illinois,USA,2005,1,3,80.0,16.2,3.3,9.3,2.9,1.5,8.2,22.1,53.5,40.4
122,Desmon Farmer,SEA,25,6-5,220,Southern California,USA,Undrafted,Undrafted,Undrafted,8.0,1.6,0.1,1.1,22.5,0.0,2.8,20.8,42.1,34.6
123,Desmond Mason,NOK,29,6-5,222,Oklahoma State,USA,2000,1,17,75.0,13.7,4.6,1.5,-2.7,4.8,9.0,21.5,49.3,7.6
124,Devean George,DAL,29,6-8,235,Augsburg,USA,1999,1,23,60.0,6.4,3.6,0.6,3.0,4.7,13.2,15.6,48.7,4.3
125,Devin Brown,NOK,28,6-5,220,Texas-San Antonio,USA,Undrafted,Undrafted,Undrafted,58.0,11.6,4.3,2.6,-0.5,3.3,12.3,19.2,53.8,14.3
126,Devin Harris,DAL,24,6-3,185,Wisconsin,USA,2004,1,5,80.0,10.2,2.5,3.7,14.8,2.4,7.4,18.7,57.4,22.0
127,Dijon Thompson,ATL,24,6-8,200,UCLA,USA,2005,2,54,6.0,2.8,1.3,0.3,-7.1,7.1,12.5,17.3,48.2,7.1
128,Dikembe Mutombo,HOU,41,7-2,260,Georgetown,Congo,1991,1,4,75.0,3.1,6.5,0.2,3.8,12.7,25.0,8.2,60.1,1.6
129,Dirk Nowitzki,DAL,29,7-0,245,None,Germany,1998,1,9,78.0,24.6,8.9,3.4,11.6,4.8,21.7,28.3,60.5,16.9
130,Donell Taylor,WAS,24,6-5,193,Alabama-Birmingham,USA,Undrafted,Undrafted,Undrafted,47.0,2.7,1.1,1.0,-11.1,3.4,10.9,20.9,42.2,23.6
131,Donyell Marshall,CLE,34,6-9,230,Connecticut,USA,1994,1,4,81.0,7.0,4.0,0.6,3.7,6.1,17.7,18.8,53.6,5.8
132,Dorell Wright,MIA,21,6-8,205,None,USA,2004,1,19,66.0,6.0,4.1,1.4,-6.5,3.3,18.3,16.7,48.9,12.6
133,Doug Christie,LAC,37,6-6,205,Pepperdine,USA,1992,1,17,7.0,1.9,1.6,1.1,-18.4,3.6,10.3,13.4,35.5,18.2
134,Drew Gooden,CLE,25,6-10,250,Kansas,USA,2002,1,4,80.0,11.1,8.5,1.1,0.0,11.9,20.2,19.9,50.8,6.7
135,Dwayne Jones,CLE,24,6-11,251,St. Joseph's (PA),USA,Undrafted,Undrafted,Undrafted,4.0,0.8,1.5,0.0,8.4,5.6,26.3,13.6,41.2,0.0
136,Dwight Howard,ORL,21,6-11,265,None,USA,2004,1,1,82.0,17.6,12.3,1.9,1.4,10.5,25.4,22.5,61.9,9.2
137,Dwyane Wade,MIA,25,6-4,212,Marquette,USA,2003,1,5,51.0,27.4,4.7,7.5,2.0,2.9,9.6,33.3,58.3,37.8
138,Earl Barron,MIA,25,7-0,245,Memphis,USA,Undrafted,Undrafted,Undrafted,28.0,2.3,1.5,0.2,-6.1,9.6,12.5,22.7,35.7,4.5
139,Earl Boykins,MIL,31,5-5,133,Eastern Michigan,USA,Undrafted,Undrafted,Undrafted,66.0,14.6,2.1,4.4,-6.0,2.3,4.4,20.9,54.8,24.1
140,Earl Watson,SEA,28,6-1,195,UCLA,USA,2001,2,39,77.0,9.4,2.4,5.7,-2.4,1.6,7.4,19.1,48.3,31.8
141,Eddie Griffin,MIN,25,6-9,222,Seton Hall,USA,2001,1,7,13.0,1.4,1.9,0.3,-40.8,6.8,20.7,16.1,30.8,8.3
142,Eddie House,NJN,29,6-1,175,Arizona State,USA,2000,2,37,56.0,8.4,1.6,1.2,-5.2,1.4,8.8,21.3,53.6,12.7
143,Eddie Jones,MIA,35,6-6,200,Temple,USA,1994,1,10,64.0,7.7,3.0,1.7,-1.5,2.1,10.5,14.6,54.2,11.1
144,Eddy Curry,NYK,24,6-11,285,None,USA,2001,1,4,81.0,19.5,7.0,0.8,-4.4,7.6,14.1,25.6,60.3,4.5
145,Eduardo Najera,DEN,30,6-8,235,Oklahoma,Mexico,2000,2,38,75.0,6.6,4.1,0.9,1.4,7.9,10.8,11.7,60.9,5.6
146,Elton Brand,LAC,28,6-8,254,Duke,USA,1999,1,1,80.0,20.5,9.3,2.9,0.4,9.3,16.2,23.6,58.1,14.2
147,Emeka Okafor,CHA,24,6-10,252,Connecticut,USA,2004,1,2,67.0,14.4,11.3,1.2,-2.0,11.1,22.2,19.1,55.4,6.0
148,Eric Piatkowski,PHX,36,6-7,215,Nebraska,USA,1994,1,15,11.0,2.5,0.8,0.4,-4.3,2.8,9.3,20.0,52.2,8.5
149,Eric Snow,CLE,34,6-3,205,Michigan State,USA,1995,2,43,82.0,4.2,2.3,4.0,-0.6,1.8,8.2,11.2,45.8,25.9
150,Eric Williams,CHA,34,6-8,220,Providence,USA,1995,1,14,21.0,2.6,0.8,0.3,0.0,2.8,11.5,22.6,50.8,10.3
151,Erick Dampier,DAL,31,6-11,265,Mississippi State,USA,1996,1,10,76.0,7.1,7.4,0.6,12.8,12.7,19.4,12.8,64.2,3.4
152,Ersan Ilyasova,MIL,20,6-9,235,None,Turkey,2005,2,36,66.0,6.1,2.9,0.7,-10.0,5.8,14.2,20.4,50.0,8.6
153,Esteban Batista,ATL,23,6-10,268,None,Uruguay,Undrafted,Undrafted,Undrafted,13.0,1.5,2.3,0.3,-16.0,8.3,29.1,12.3,52.4,10.5
154,Etan Thomas,WAS,29,6-10,260,Syracuse,USA,2000,1,12,65.0,6.1,5.8,0.4,-1.3,11.1,20.9,14.5,58.5,3.6
155,Fabricio Oberto,SAS,32,6-10,245,None,Argentina,Undrafted,Undrafted,Undrafted,79.0,4.4,4.7,0.9,7.7,10.6,18.4,12.5,57.5,7.5
156,Flip Murray,DET,27,6-3,197,Shaw,USA,2002,2,41,69.0,6.7,1.6,2.7,1.6,1.8,6.1,18.3,47.4,20.7
157,Francisco Elson,SAS,31,7-0,235,California,Netherlands,1999,2,41,70.0,5.0,4.8,0.8,6.4,6.8,20.0,14.2,55.2,6.3
158,Francisco Garcia,SAC,25,6-7,195,Louisville,Dominican Republic,2005,1,23,79.0,6.0,2.6,1.1,-0.4,3.8,10.7,15.4,55.1,10.1
159,Fred Jones,POR,28,6-2,220,Oregon,USA,2002,1,14,63.0,6.5,1.8,1.7,-8.5,1.8,7.4,16.4,50.1,13.4
160,Gary Payton,MIA,38,6-4,190,Oregon State,USA,1990,1,2,68.0,5.3,1.9,3.0,-6.7,1.3,7.8,14.4,45.8,21.7
161,Gerald Green,BOS,21,6-8,200,No College,USA,2005,1,18,81.0,10.4,2.6,1.0,-6.3,3.8,8.8,23.0,52.1,8.9
162,Gerald Wallace,CHA,24,6-7,215,Alabama,USA,2001,1,25,72.0,18.1,7.2,2.6,-4.6,5.4,15.6,22.1,56.8,12.3
163,Gilbert Arenas,WAS,25,6-4,215,Arizona,USA,2001,2,30,74.0,28.4,4.6,6.0,2.9,2.0,9.8,30.2,56.5,25.7
164,Gordan Giricek,UTA,30,6-6,222,None,Croatia,1999,2,40,61.0,7.8,2.1,1.0,6.3,2.2,9.7,18.1,56.6,9.0
165,Grant Hill,ORL,34,6-8,225,Duke,USA,1994,1,3,65.0,14.4,3.6,2.1,-1.4,2.9,9.7,21.3,58.2,12.5
166,Greg Buckner,DAL,30,6-4,210,Clemson,USA,1998,2,53,76.0,4.0,2.1,0.9,1.3,2.7,9.4,11.6,48.6,8.2
167,Hakim Warrick,MEM,24,6-9,219,Syracuse,USA,2005,1,19,82.0,12.7,5.1,0.9,-8.7,6.4,14.5,21.8,59.2,6.4
168,Hassan Adams,NJN,23,6-4,220,Arizona,USA,2006,2,54,61.0,2.9,1.3,0.2,-0.4,7.7,8.2,15.7,57.7,4.3
169,Hedo Turkoglu,ORL,28,6-10,220,None,Turkey,2000,1,16,73.0,13.3,4.0,3.2,3.1,2.8,11.0,21.3,52.8,17.1
170,Hilton Armstrong,NOK,22,6-11,235,Connecticut,USA,2006,1,12,56.0,3.1,2.7,0.2,-0.1,9.4,14.4,13.6,57.0,2.7
171,Ike Diogu,IND,23,6-8,255,Arizona State,USA,2005,1,9,59.0,6.2,3.4,0.4,-1.5,9.8,16.5,22.5,55.9,6.1
172,Ime Udoka,POR,29,6-5,220,Portland State,USA,Undrafted,Undrafted,Undrafted,75.0,8.4,3.7,1.5,-2.9,4.8,9.8,13.6,56.9,8.5
173,Ira Newble,CLE,32,6-7,220,Miami (Ohio),USA,Undrafted,Undrafted,Undrafted,15.0,3.1,2.0,0.1,-3.0,9.6,13.2,14.6,55.6,2.6
174,Ivan McFarlin,PHI,25,6-7,229,Oklahoma State,USA,Undrafted,Undrafted,Undrafted,11.0,1.4,1.0,0.1,-9.3,14.9,12.5,17.0,46.6,3.8
175,J.J. Barea,DAL,23,6-0,175,Northeastern,Puerto Rico,Undrafted,Undrafted,Undrafted,33.0,2.4,0.8,0.7,-10.7,3.6,9.6,23.1,44.0,24.0
176,JJ Redick,ORL,23,6-4,190,Duke,USA,2006,1,11,42.0,6.0,1.2,0.9,-1.0,1.8,7.0,17.3,56.9,10.0
177,JR Smith,DEN,21,6-6,220,No College,USA,2004,1,18,63.0,13.0,2.3,1.4,2.7,2.0,7.5,22.3,58.5,9.8
178,Jackie Butler,SAS,22,6-10,260,None,USA,Undrafted,Undrafted,Undrafted,11.0,3.7,2.0,0.5,-19.7,6.3,16.7,22.0,52.0,8.8
179,Jacque Vaughn,SAS,32,6-1,190,Kansas,USA,1997,1,27,64.0,3.0,1.1,2.0,11.1,1.2,7.6,14.6,49.1,27.0
180,Jake Tsakalidis,HOU,28,7-2,290,None,Greece,2000,1,25,36.0,2.3,2.9,0.1,-3.1,11.0,16.8,13.3,47.1,2.2
181,Jake Voskuhl,CHA,29,6-11,255,Connecticut,USA,2000,2,33,73.0,4.4,3.5,0.6,-4.7,8.3,18.5,15.4,52.3,6.7
182,Jalen Rose,PHX,34,6-8,215,Michigan,USA,1994,1,13,29.0,3.7,0.8,0.6,-8.2,1.2,8.5,18.4,59.2,11.9
183,Jamaal Magloire,POR,29,6-11,265,Kentucky,Canada,2000,1,19,81.0,6.5,6.1,0.4,-7.9,9.6,22.7,17.5,52.7,3.0
184,Jamaal Tinsley,IND,29,6-3,185,Iowa State,USA,2001,1,27,72.0,12.8,3.3,6.9,-2.8,2.6,8.4,23.4,46.5,37.9
185,Jamal Crawford,NYK,27,6-5,190,Michigan,USA,2000,1,8,59.0,17.6,3.2,4.4,-3.0,2.1,6.8,23.2,51.7,20.3
186,Jamal Sampson,DEN,24,6-11,235,California,USA,2002,2,46,22.0,1.1,2.2,0.2,-4.6,12.1,25.2,10.7,59.5,5.8
187,Jameer Nelson,ORL,25,6-0,190,St. Joseph's (PA),USA,2004,1,20,77.0,13.0,3.1,4.3,-0.1,2.3,8.4,22.3,51.4,24.2
188,James Augustine,ORL,23,6-10,235,Illinois,USA,2006,2,41,2.0,1.0,1.5,1.0,-25.1,20.0,28.6,17.6,33.3,33.3
189,James Jones,PHX,26,6-8,220,Miami,USA,2003,2,49,76.0,6.4,2.3,0.6,6.8,2.5,10.0,16.2,51.0,4.8
190,James Lang,WAS,23,6-10,305,None,USA,2003,2,48,11.0,1.0,1.0,0.2,3.1,9.6,9.2,10.9,49.1,5.4
191,James Posey,MIA,30,6-8,217,Xavier,USA,1999,1,18,71.0,7.7,5.0,1.3,-0.8,3.6,15.7,12.7,57.9,7.8
192,James Singleton,LAC,25,6-8,230,Murray State,USA,Undrafted,Undrafted,Undrafted,53.0,1.6,2.0,0.3,1.8,9.0,19.4,13.2,44.9,7.5
193,James White,SAS,24,6-7,200,Cincinnati,USA,2006,2,31,6.0,8.3,3.3,0.8,-8.5,2.2,12.8,17.5,52.5,6.5
194,Jannero Pargo,NOK,27,6-1,175,Arkansas,USA,Undrafted,Undrafted,Undrafted,82.0,9.2,2.2,2.5,-2.8,1.2,9.6,23.0,50.4,21.8
195,Jared Jeffries,NYK,25,6-11,240,Indiana,USA,2002,1,11,55.0,4.1,4.3,1.2,-5.5,9.2,10.7,10.3,47.3,8.0
196,Jared Reiner,MIL,25,6-11,255,Iowa,USA,Undrafted,Undrafted,Undrafted,27.0,1.2,2.6,0.5,-12.0,8.7,21.8,11.1,34.8,7.6
197,Jarrett Jack,POR,23,6-3,197,Georgia Tech,USA,2005,1,22,79.0,12.0,2.6,5.3,-6.1,0.7,8.1,17.5,57.1,26.5
198,Jarron Collins,UTA,28,6-11,248,Stanford,USA,2001,2,52,82.0,2.5,2.1,0.7,5.6,7.8,12.6,11.6,49.4,10.2
199,Jarvis Hayes,WAS,25,6-8,228,Georgia,USA,2003,1,10,81.0,7.2,2.6,1.0,-4.8,2.5,10.9,17.1,50.2,8.2
200,Jason Collins,NJN,28,7-0,260,Stanford,USA,2001,1,18,80.0,2.1,4.0,0.6,2.9,5.3,12.9,7.1,40.8,3.4
201,Jason Hart,LAC,29,6-3,185,Syracuse,USA,2000,2,49,36.0,6.9,2.7,2.9,-1.7,1.8,10.9,15.3,50.9,19.5
202,Jason Kapono,MIA,26,6-8,215,UCLA,USA,2003,2,31,67.0,10.9,2.7,1.2,-1.3,1.6,8.7,17.4,61.3,7.9
203,Jason Kidd,NJN,34,6-4,210,California,USA,1994,1,2,80.0,13.0,8.2,9.2,0.9,4.8,18.6,18.8,51.6,40.5
204,Jason Maxiell,DET,24,6-7,260,Cincinnati,USA,2005,1,26,67.0,5.0,2.8,0.2,5.0,9.7,10.3,18.2,51.8,2.5
205,Jason Richardson,GSW,26,6-6,225,Michigan State,USA,2001,1,5,51.0,16.0,5.1,3.4,3.3,4.2,11.1,22.0,51.2,15.3
206,Jason Terry,DAL,29,6-2,180,Arizona,USA,1999,1,10,81.0,16.7,2.9,5.2,10.3,1.6,7.2,21.1,58.7,24.4
207,Jason Williams,MIA,31,6-1,180,Florida,USA,1998,1,7,61.0,10.9,2.3,5.3,0.1,1.1,6.6,17.6,54.0,27.5
208,Jeff Foster,IND,30,6-11,250,Southwest Texas State,USA,1999,1,21,75.0,4.3,8.1,0.8,-1.6,14.3,22.2,9.7,51.3,4.9
209,Jeff McInnis,CHA,32,6-4,190,North Carolina,USA,1996,2,37,38.0,4.3,1.6,3.3,-6.5,2.1,7.4,15.4,42.3,27.6
210,Jeremy Richardson,POR,23,6-7,195,Delta State,USA,Undrafted,Undrafted,Undrafted,6.0,1.3,0.3,0.0,-8.3,5.6,6.3,13.2,66.7,0.0
211,Jermaine O'Neal,IND,28,6-11,260,None,USA,1996,1,17,69.0,19.4,9.6,2.4,-0.1,6.3,21.4,28.2,50.0,12.8
212,Jerome James,NYK,31,7-1,280,Florida A&M,USA,1998,2,36,41.0,1.9,1.6,0.1,-12.4,7.0,16.0,17.8,43.7,2.3
213,Jerry Stackhouse,DAL,32,6-6,218,North Carolina,USA,1995,1,3,67.0,12.0,2.2,2.8,7.8,2.6,7.0,23.9,53.7,19.5
214,Joe Johnson,ATL,26,6-7,235,Arkansas,USA,2001,1,10,57.0,25.0,4.2,4.4,-4.1,2.4,8.4,28.1,55.8,21.6
215,Joe Smith,PHI,31,6-10,225,Maryland,USA,1995,1,1,65.0,8.5,6.2,0.8,0.3,8.5,19.4,18.2,51.0,5.5
216,Joel Przybilla,POR,27,7-1,255,Minnesota,USA,2000,1,9,43.0,2.0,3.9,0.3,-1.7,9.1,17.2,8.8,46.7,2.7
217,Joey Graham,TOR,25,6-7,225,Oklahoma State,USA,2005,1,16,79.0,6.4,3.1,0.6,2.8,4.5,15.3,16.8,56.4,5.3
218,Johan Petro,SEA,21,7-0,247,None,France,2005,1,25,81.0,6.2,4.1,0.6,-6.5,6.4,17.5,16.6,53.2,5.0
219,John Lucas III,HOU,24,5-11,165,Oklahoma State,USA,Undrafted,Undrafted,Undrafted,47.0,3.3,0.8,0.7,-4.3,2.3,7.7,21.0,46.8,16.7
220,John Salmons,SAC,27,6-6,207,Miami,USA,2002,1,26,79.0,8.5,3.3,3.2,-4.0,2.3,10.4,15.2,55.3,19.6
221,Jordan Farmar,LAL,20,6-2,180,UCLA,USA,2006,1,26,72.0,4.4,1.7,1.9,0.7,2.1,9.2,15.8,51.5,20.4
222,Jorge Garbajosa,TOR,29,6-9,245,None,Spain,Undrafted,Undrafted,Undrafted,67.0,8.5,4.9,1.9,2.6,2.7,15.5,15.3,50.3,9.9
223,Jose Calderon,TOR,25,6-3,210,None,Spain,Undrafted,Undrafted,Undrafted,77.0,8.7,1.7,5.0,1.3,1.4,7.6,19.0,58.8,39.7
224,Josh Boone,NJN,22,6-10,245,Connecticut,USA,2006,1,23,61.0,4.2,2.9,0.2,1.7,9.9,16.2,16.7,58.7,2.7
225,Josh Childress,ATL,24,6-8,210,Stanford,USA,2004,1,6,55.0,13.0,6.2,2.3,-2.8,6.4,11.2,15.5,58.6,10.8
226,Josh Howard,DAL,27,6-7,210,Wake Forest,USA,2003,1,29,70.0,18.9,6.8,1.8,10.6,5.8,15.3,24.8,54.8,8.8
227,Josh Powell,GSW,24,6-9,225,North Carolina State,USA,Undrafted,Undrafted,Undrafted,37.0,3.1,2.4,0.6,-17.0,6.3,16.5,16.5,52.0,10.0
228,Josh Smith,ATL,21,6-9,235,None,USA,2004,1,17,72.0,16.4,8.6,3.3,-3.6,6.5,18.3,23.7,50.6,15.7
229,Juan Dixon,TOR,28,6-3,164,Maryland,USA,2002,1,17,81.0,9.6,2.0,1.5,-2.4,1.5,7.4,20.0,51.6,11.2
230,Julius Hodge,MIL,23,6-7,220,North Carolina State,USA,2005,1,20,9.0,1.7,0.9,1.3,-6.1,2.7,7.9,11.0,54.5,29.3
231,Jumaine Jones,PHX,28,6-8,230,Georgia,USA,1999,1,27,18.0,2.2,1.3,0.1,-5.3,4.2,13.3,18.6,38.6,1.1
232,Junior Harrington,MEM,26,6-4,190,Wingate,USA,Undrafted,Undrafted,Undrafted,29.0,5.2,2.3,3.1,-2.4,2.4,11.0,16.9,48.3,24.6
233,Justin Reed,MIN,25,6-8,240,Mississippi,USA,2004,2,40,41.0,2.6,1.1,0.4,-8.5,4.5,10.3,19.1,44.1,8.5
234,Justin Williams,SAC,23,6-10,230,Wyoming,USA,Undrafted,Undrafted,Undrafted,26.0,5.0,4.4,0.1,-7.9,15.3,20.4,16.9,56.6,1.0
235,Juwan Howard,HOU,34,6-9,250,Michigan,USA,1994,1,5,80.0,9.7,5.9,1.6,0.8,6.8,16.2,18.5,51.7,10.5
236,Keith Bogans,ORL,27,6-5,215,Kentucky,USA,2003,2,43,59.0,5.1,1.6,1.0,2.3,1.8,8.4,14.7,54.6,9.4
237,Keith McLeod,IND,27,6-2,190,Bowling Green,USA,Undrafted,Undrafted,Undrafted,48.0,4.8,0.9,1.9,-0.5,0.6,5.6,16.0,52.0,18.4
238,Kelenna Azubuike,GSW,23,6-5,220,Kentucky,United Kingdom,Undrafted,Undrafted,Undrafted,41.0,7.1,2.3,0.7,-11.6,3.6,9.7,18.3,57.2,6.8
239,Kelvin Cato,NYK,32,6-11,275,Iowa State,USA,1997,1,15,18.0,1.2,1.7,0.0,-10.2,11.1,17.9,15.2,40.3,0.0
240,Kendrick Perkins,BOS,22,6-10,280,None,USA,2003,1,27,72.0,4.5,5.2,1.3,-2.7,7.5,17.3,12.3,51.8,9.5
241,Kenny Thomas,SAC,29,6-7,245,New Mexico,USA,1999,1,22,62.0,5.3,6.1,1.2,-6.7,9.6,19.1,13.4,49.2,8.5
242,Kenyon Martin,DEN,29,6-9,240,Cincinnati,USA,2000,1,1,2.0,9.5,10.0,0.5,-4.5,8.6,23.0,17.1,44.6,2.3
243,Kevin Garnett,MIN,31,6-11,253,None,USA,1995,1,5,76.0,22.4,12.8,4.1,-0.1,6.8,27.5,27.2,54.6,19.0
244,Kevin Martin,SAC,24,6-7,185,Western Carolina,USA,2004,1,26,80.0,20.2,4.3,2.2,-3.1,2.5,10.4,22.6,61.4,10.8
245,Kevin Ollie,PHI,34,6-3,195,Connecticut,USA,Undrafted,Undrafted,Undrafted,53.0,3.8,1.4,2.5,-8.2,1.0,7.8,12.9,48.1,22.9
246,Kevin Willis,DAL,44,7-0,245,Michigan State,USA,1984,1,11,5.0,2.4,1.6,0.2,9.2,5.7,17.1,17.6,43.2,3.4
247,Kevinn Pinkney,BOS,23,6-10,245,Nevada-Reno,USA,Undrafted,Undrafted,Undrafted,6.0,5.2,2.5,0.8,0.0,6.5,10.1,14.8,50.1,7.8
248,Keyon Dooling,ORL,27,6-3,195,Missouri,USA,2000,1,10,66.0,7.9,1.3,1.7,0.2,1.6,4.8,18.4,50.1,13.5
249,Kirk Hinrich,CHI,26,6-3,190,Kansas,USA,2003,1,7,80.0,16.6,3.4,6.3,6.0,1.1,8.6,21.3,55.9,29.1
250,Kirk Snyder,HOU,24,6-6,225,Nevada-Reno,USA,2004,1,16,39.0,4.9,2.1,1.0,-4.1,3.2,12.2,16.8,53.6,12.5
251,Kobe Bryant,LAL,28,6-6,220,None,USA,1996,1,13,77.0,31.6,5.7,5.4,1.3,2.5,11.8,32.8,58.0,24.9
252,Kris Humphries,TOR,22,6-9,235,Minnesota,USA,2004,1,14,60.0,3.8,3.1,0.3,-2.5,11.5,17.2,16.6,51.6,4.3
253,Kurt Thomas,PHX,34,6-9,235,TCU,USA,1995,1,10,67.0,4.6,5.7,0.4,11.5,7.8,23.9,12.2,53.1,2.6
254,Kwame Brown,LAL,25,6-11,270,None,USA,2001,1,1,41.0,8.4,6.0,1.8,3.9,8.0,16.0,14.8,57.3,9.7
255,Kyle Korver,PHI,26,6-7,210,Creighton,USA,2003,2,51,74.0,14.4,3.5,1.4,-4.3,1.4,10.5,20.6,56.9,8.3
256,Kyle Lowry,MEM,21,6-0,175,Villanova,USA,2006,1,24,10.0,5.6,3.1,3.2,15.9,7.0,12.1,15.6,55.6,26.9
257,LaMarcus Aldridge,POR,21,6-11,245,Texas-Austin,USA,2006,1,2,63.0,9.0,5.0,0.4,-0.8,10.9,13.8,18.8,53.3,3.0
258,Lamar Odom,LAL,27,6-10,230,Rhode Island,USA,1999,1,4,56.0,15.9,9.8,4.8,1.5,4.8,20.7,19.5,55.2,19.3
259,Larry Hughes,CLE,28,6-5,184,St. Louis,USA,1998,1,8,70.0,14.9,3.8,3.7,4.3,1.5,9.3,21.4,48.0,16.2
260,Lawrence Roberts,MEM,24,6-9,240,Mississippi State,USA,2005,2,55,54.0,5.2,4.8,0.6,-2.4,10.5,18.0,13.6,53.3,4.8
261,LeBron James,CLE,22,6-8,240,None,USA,2003,1,1,78.0,27.3,6.7,6.0,5.7,2.6,14.7,30.3,55.2,28.1
262,Leandro Barbosa,PHX,24,6-3,188,None,Brazil,2003,1,28,80.0,18.1,2.7,4.0,9.3,0.9,7.2,23.1,59.5,18.8
263,Leon Powe,BOS,23,6-8,240,California,USA,2006,2,49,63.0,4.2,3.4,0.2,-1.5,13.0,18.7,17.4,54.9,2.6
264,Linas Kleiza,DEN,22,6-8,245,Missouri,Lithuania,2005,1,27,79.0,7.6,3.4,0.6,2.2,5.1,12.6,17.2,56.1,4.7
265,Lindsey Hunter,DET,36,6-2,195,Jackson State,USA,1993,1,10,52.0,4.9,0.9,1.8,-4.7,1.2,5.4,17.9,49.5,22.5
266,Linton Johnson,NOK,27,6-8,205,Tulane,USA,Undrafted,Undrafted,Undrafted,54.0,4.2,3.0,0.3,1.6,7.2,16.0,14.5,54.8,4.1
267,Lorenzen Wright,ATL,31,6-11,255,Memphis,USA,1996,1,7,67.0,2.6,3.2,0.6,-6.4,8.4,14.0,10.4,43.9,6.0
268,Lou Amundson,PHI,24,6-9,225,UNLV,USA,Undrafted,Undrafted,Undrafted,11.0,1.5,2.5,0.1,-14.6,12.7,16.1,11.6,41.2,2.0
269,Lou Williams,PHI,20,6-1,175,None,USA,2005,2,45,61.0,4.3,1.1,1.8,4.3,2.5,8.1,19.1,52.1,26.4
270,Luke Jackson,TOR,25,6-7,215,Oregon,USA,2004,1,10,13.0,3.7,0.8,1.0,-6.3,1.5,6.1,18.0,51.1,15.7
271,Luke Ridnour,SEA,26,6-1,167,Oregon,USA,2003,1,14,71.0,11.0,2.3,5.2,-3.6,1.4,6.9,19.6,50.9,27.6
272,Luke Schenscher,POR,25,7-1,265,Georgia Tech,USA,Undrafted,Undrafted,Undrafted,11.0,1.7,2.3,0.1,0.0,8.4,13.2,11.6,36.4,1.4
273,Luke Walton,LAL,27,6-8,232,Arizona,USA,2003,2,32,60.0,11.4,5.0,4.3,0.2,4.6,11.0,16.4,55.1,19.4
274,Luol Deng,CHI,22,6-9,220,Duke,United Kingdom,2004,1,7,82.0,18.8,7.1,2.5,6.7,4.9,14.1,21.9,56.0,11.5
275,Luther Head,HOU,24,6-3,185,Illinois,USA,2005,1,24,80.0,10.9,3.2,2.4,0.2,1.4,10.0,17.9,58.4,15.5
276,Lynn Greer,MIL,27,6-2,175,Temple,USA,Undrafted,Undrafted,Undrafted,41.0,4.1,0.7,1.3,-1.7,0.5,5.9,18.0,53.8,20.5
277,Maceo Baston,IND,31,6-10,230,Michigan,USA,1998,2,58,47.0,2.9,1.6,0.3,-3.4,5.8,14.6,13.6,71.4,6.7
278,Malik Allen,CHI,29,6-10,255,Villanova,USA,Undrafted,Undrafted,Undrafted,60.0,4.0,2.0,0.3,4.8,6.8,12.2,20.2,44.3,4.1
279,Malik Rose,NYK,32,6-7,255,Drexel,USA,1996,2,44,65.0,3.0,2.7,1.0,-7.8,6.0,16.9,15.1,46.0,13.5
280,Manu Ginobili,SAS,29,6-6,205,None,Argentina,1999,2,57,75.0,16.5,4.4,3.5,14.0,3.1,13.5,25.9,60.9,22.3
281,Marc Jackson,NOK,32,6-10,253,Temple,USA,1997,2,37,56.0,7.3,3.4,1.0,-7.9,6.2,14.0,22.3,47.1,9.9
282,Marcus Banks,PHX,25,6-2,200,UNLV,USA,2003,1,13,45.0,4.9,0.8,1.3,-12.4,1.9,5.8,23.2,49.7,22.3
283,Marcus Camby,DEN,33,6-11,235,Massachusetts,USA,1996,1,2,70.0,11.2,11.7,3.2,2.3,7.1,26.5,15.8,51.9,13.7
284,Marcus Vinicius,NOK,23,6-8,225,None,Brazil,2006,2,43,13.0,1.7,0.8,0.4,-19.1,2.3,10.7,10.6,60.8,6.9
285,Marcus Williams,NJN,21,6-3,205,Connecticut,USA,2006,1,22,79.0,6.8,2.1,3.3,-2.0,2.4,10.2,24.0,47.4,34.6
286,Mardy Collins,NYK,22,6-6,220,Temple,USA,2006,1,29,52.0,4.5,2.0,1.6,-6.7,3.7,10.5,18.4,44.5,18.8
287,Mark Blount,MIN,31,7-0,250,Pittsburgh,USA,1997,2,54,82.0,12.3,6.2,0.8,-5.8,5.9,14.8,19.7,54.6,4.5
288,Mark Madsen,MIN,31,6-9,250,Stanford,USA,2000,1,29,56.0,1.1,1.6,0.2,-0.1,8.1,11.3,7.4,54.7,3.1
289,Marko Jaric,MIN,28,6-7,224,None,Serbia,2000,2,30,70.0,5.3,2.6,2.1,-5.5,3.7,8.9,13.2,51.0,14.7
290,Marquis Daniels,IND,26,6-6,200,Auburn,USA,Undrafted,Undrafted,Undrafted,45.0,7.1,1.8,1.3,-5.0,3.2,7.3,20.1,50.6,12.6
291,Martell Webster,POR,20,6-7,229,None,USA,2005,1,6,82.0,7.0,2.9,0.6,-5.7,2.5,12.3,16.2,52.2,5.0
292,Marvin Williams,ATL,21,6-9,230,North Carolina,USA,2005,1,2,64.0,13.1,5.3,1.9,-4.3,4.1,12.8,19.7,51.0,9.4
293,Matt Barnes,GSW,27,6-7,226,UCLA,USA,2002,2,45,76.0,9.8,4.6,2.1,-0.2,4.8,13.7,18.0,54.7,13.1
294,Matt Bonner,SAS,27,6-10,240,Florida,USA,2003,2,45,56.0,4.9,2.8,0.4,0.8,10.0,15.1,19.5,54.2,6.1
295,Matt Carroll,CHA,26,6-6,212,Notre Dame,USA,Undrafted,Undrafted,Undrafted,72.0,12.1,2.9,1.3,-3.7,1.9,9.9,19.2,58.0,8.3
296,Matt Freije,ATL,25,6-9,249,Vanderbilt,USA,2004,2,53,19.0,2.1,1.3,0.4,1.4,5.0,10.9,17.0,35.3,8.8
297,Matt Harpring,UTA,31,6-7,225,Georgia Tech,USA,1998,1,15,77.0,11.6,4.6,1.3,5.7,6.2,13.1,20.1,56.4,8.3
298,Maurice Ager,DAL,23,6-5,202,Michigan State,USA,2006,1,28,32.0,2.2,0.7,0.2,-16.2,0.4,8.9,20.7,40.8,6.5
299,Maurice Evans,LAL,28,6-5,220,Texas,USA,Undrafted,Undrafted,Undrafted,76.0,8.4,2.9,1.0,0.0,5.5,7.7,17.3,52.3,7.0
300,Maurice Taylor,SAC,30,6-9,265,Michigan,USA,1997,1,14,12.0,2.0,2.3,0.4,17.1,9.7,16.7,17.3,35.6,7.8
301,Mehmet Okur,UTA,28,6-11,263,None,Turkey,2001,2,37,80.0,17.6,7.2,2.0,0.9,6.5,16.9,22.6,57.1,9.7
302,Melvin Ely,SAS,29,6-10,261,Fresno State,USA,2002,1,12,30.0,3.0,1.8,0.6,-13.1,4.5,12.5,18.4,44.2,11.5
303,Metta World Peace,SAC,27,6-7,260,St. John's,USA,1999,1,16,70.0,18.8,6.5,3.4,0.9,4.0,14.3,23.3,53.8,15.3
304,Michael Doleac,MIA,30,6-11,262,Utah,USA,1998,1,12,56.0,3.6,2.8,0.4,-4.9,6.8,16.7,15.0,51.8,5.3
305,Michael Finley,SAS,34,6-7,225,Wisconsin,USA,1995,1,21,82.0,9.0,2.7,1.3,4.9,2.0,10.7,18.9,52.4,10.0
306,Michael Olowokandi,BOS,32,7-0,270,Pacific,Nigeria,1998,1,1,24.0,1.7,2.0,0.2,-6.5,5.7,15.7,12.1,42.3,3.8
307,Michael Redd,MIL,27,6-6,215,Ohio State,USA,2000,2,43,53.0,26.7,3.7,2.3,0.2,2.2,8.2,28.7,58.6,10.4
308,Michael Ruffin,WAS,30,6-8,248,Tulsa,USA,1999,2,32,30.0,0.6,2.1,0.2,-16.0,12.2,10.3,6.4,32.2,3.7
309,Michael Sweetney,CHI,24,6-8,270,Georgetown,USA,2003,1,9,48.0,3.2,2.5,0.6,3.7,11.6,18.7,22.3,46.9,12.2
310,Mickael Gelabale,SEA,24,6-7,215,None,France,2005,2,48,70.0,4.6,2.5,0.8,-1.9,5.0,9.6,12.5,53.5,7.0
311,Mickael Pietrus,GSW,25,6-6,215,None,France,2003,1,11,72.0,11.1,4.5,0.9,-4.0,4.0,12.6,17.1,59.0,4.9
312,Mike Bibby,SAC,29,6-1,190,Arizona,USA,1998,1,2,82.0,17.1,3.2,4.7,-0.9,1.4,8.4,23.7,53.2,23.5
313,Mike Dunleavy,IND,26,6-9,230,Duke,USA,2002,1,3,82.0,12.8,5.3,2.8,-1.8,3.2,13.6,18.7,54.2,14.2
314,Mike Hall,WAS,23,6-8,230,George Washington,USA,Undrafted,Undrafted,Undrafted,2.0,1.0,1.0,0.5,-14.6,5.6,14.3,11.4,25.0,10.0
315,Mike James,MIN,32,6-2,190,Duquesne,USA,Undrafted,Undrafted,Undrafted,82.0,10.1,2.0,3.6,-5.4,1.3,6.9,20.2,52.9,23.2
316,Mike Miller,MEM,27,6-8,218,Florida,USA,2000,1,5,70.0,18.5,5.4,4.3,-5.8,2.0,12.8,20.8,58.8,18.9
317,Mike Wilks,SEA,28,5-10,180,Rice,USA,Undrafted,Undrafted,Undrafted,47.0,3.6,1.1,1.7,2.3,3.0,7.8,16.2,53.3,23.8
318,Mikki Moore,NJN,31,7-0,223,Nebraska,USA,Undrafted,Undrafted,Undrafted,79.0,9.8,5.1,0.9,0.5,7.5,13.1,16.0,63.7,5.9
319,Mile Ilic,NJN,23,7-1,255,None,Serbia,2005,2,43,5.0,0.0,0.2,0.0,-130.8,0.0,20.0,50.0,0.0,0.0
320,Mo Williams,MIL,24,6-1,185,Alabama,USA,2003,2,47,68.0,17.3,4.8,6.1,-1.8,2.3,11.9,23.9,51.9,26.6
321,Monta Ellis,GSW,21,6-3,177,None,USA,2005,2,40,77.0,16.5,3.2,4.1,0.6,2.3,6.8,22.1,54.5,18.5
322,Morris Peterson,TOR,29,6-7,220,Michigan State,USA,2000,1,21,71.0,8.9,3.3,0.7,-4.0,2.1,14.3,18.5,55.5,5.2
323,Mouhamed Sene,SEA,21,6-11,230,None,Senegal,2006,1,10,28.0,1.9,1.6,0.0,-15.1,8.6,18.0,18.7,42.9,0.0
324,Nate Robinson,NYK,23,5-9,180,Washington,USA,2005,1,21,64.0,10.1,2.4,1.4,-1.3,4.2,7.5,21.1,55.2,11.9
325,Nazr Mohammed,DET,29,6-10,250,Kentucky,USA,1998,1,29,51.0,5.6,4.5,0.2,-2.0,12.1,18.2,18.1,55.4,2.0
326,Nenad Krstic,NJN,23,7-0,260,None,Serbia,2002,1,24,26.0,16.4,6.8,1.8,0.2,6.2,15.6,22.7,56.6,10.2
327,Nene,DEN,24,6-11,268,None,Brazil,2002,1,7,64.0,12.2,7.0,1.2,3.9,9.3,17.0,19.3,61.1,7.2
328,Nick Collison,SEA,26,6-10,255,Kansas,USA,2003,1,12,82.0,9.6,8.1,1.0,-1.5,10.0,19.4,16.0,54.6,5.5
329,Orien Greene,IND,25,6-4,208,Louisiana-Lafayette,USA,2005,2,53,41.0,1.5,1.1,0.5,-7.8,4.7,12.9,16.9,43.2,15.0
330,Othella Harrington,CHA,33,6-9,235,Georgetown,USA,1996,2,30,26.0,2.6,1.5,0.2,-4.8,6.2,11.3,16.9,51.0,5.4
331,P.J. Brown,CHI,37,6-11,239,Louisiana Tech,USA,1992,2,29,72.0,6.1,4.8,0.7,7.8,9.0,15.3,17.2,46.2,4.9
332,P.J. Tucker,TOR,22,6-5,225,Texas,USA,2006,2,35,17.0,1.8,1.4,0.2,-16.2,10.3,17.1,16.1,53.3,6.1
333,Pape Sow,TOR,25,6-10,250,California State-Fullerton,Senegal,2004,2,47,7.0,1.4,1.6,0.3,-39.7,14.6,17.2,14.1,43.0,10.0
334,Pat Burke,PHX,33,6-11,250,Auburn,Ireland,Undrafted,Undrafted,Undrafted,23.0,2.6,2.0,0.2,-9.8,6.9,20.0,20.6,42.4,5.1
335,Pat Garrity,ORL,30,6-9,238,Notre Dame,USA,1998,1,19,33.0,2.2,1.3,0.4,0.1,4.7,12.0,15.1,45.6,8.2
336,Patrick O'Bryant,GSW,21,7-0,249,Bradley,USA,2006,1,9,16.0,1.9,1.3,0.6,9.6,6.5,11.9,17.3,39.3,10.6
337,Pau Gasol,MEM,26,7-0,260,None,Spain,2001,1,3,59.0,20.8,9.8,3.4,-5.5,7.6,21.1,24.7,59.3,16.6
338,Paul Davis,LAC,22,6-11,270,Michigan State,USA,2006,2,34,31.0,1.6,1.4,0.2,-1.1,10.4,13.0,15.4,45.2,8.0
339,Paul Millsap,UTA,22,6-8,258,Louisiana Tech,USA,2006,2,47,82.0,6.8,5.2,0.8,5.7,13.1,18.2,17.4,57.1,6.8
340,Paul Pierce,BOS,29,6-6,230,Kansas,USA,1998,1,10,47.0,25.0,5.9,4.1,0.0,2.4,14.3,30.2,57.1,20.9
341,Peja Stojakovic,NOK,30,6-10,229,None,Serbia,1996,1,14,13.0,17.8,4.2,0.8,2.0,2.4,10.8,23.9,54.3,4.5
342,Pops Mensah-Bonsu,DAL,23,6-9,240,George Washington,USA,Undrafted,Undrafted,Undrafted,12.0,2.4,1.8,0.0,1.4,12.2,16.7,20.5,58.2,0.0
343,Primoz Brezec,CHA,27,7-1,252,None,Slovenia,2000,1,27,58.0,5.0,3.2,0.4,-5.9,9.4,14.0,18.3,47.4,4.4
344,Quentin Richardson,NYK,27,6-6,230,DePaul,USA,2000,1,18,49.0,13.0,7.2,2.2,-2.4,4.4,18.2,18.7,53.2,11.3
345,Quincy Douby,SAC,23,6-3,175,Rutgers,USA,2006,1,19,42.0,2.8,0.9,0.4,-4.8,2.8,6.8,17.3,44.9,7.1
346,Quinton Ross,LAC,26,6-6,193,Southern Methodist,USA,Undrafted,Undrafted,Undrafted,81.0,5.2,2.3,1.1,-2.1,3.8,7.8,11.9,50.8,7.9
347,Raef LaFrentz,POR,31,6-11,245,Kansas,USA,1998,1,3,27.0,3.7,2.6,0.3,-15.3,7.3,15.5,16.8,44.1,3.8
348,Rafael Araujo,UTA,26,6-11,270,Brigham Young,Brazil,2004,1,8,28.0,2.6,2.4,0.4,10.3,9.1,20.5,16.4,46.3,6.7
349,Rafer Alston,HOU,30,6-2,175,Fresno State,USA,1998,2,39,82.0,13.3,3.4,5.4,7.6,1.0,8.3,19.0,49.6,23.2
350,Raja Bell,PHX,30,6-5,210,Florida International,U.S. Virgin Islands,Undrafted,Undrafted,Undrafted,78.0,14.7,3.2,2.5,8.9,1.8,6.7,16.8,56.2,9.4
351,Rajon Rondo,BOS,21,6-1,171,Kentucky,USA,2006,1,21,78.0,6.4,3.7,3.8,1.6,4.1,12.9,16.2,47.2,26.0
352,Randolph Morris,NYK,21,6-11,260,Kentucky,USA,Undrafted,Undrafted,Undrafted,5.0,0.8,1.8,0.2,-16.8,2.1,19.0,10.9,23.1,3.7
353,Randy Foye,MIN,23,6-4,213,Villanova,USA,2006,1,7,82.0,10.1,2.7,2.8,-4.4,2.8,9.5,22.4,53.6,21.6
354,Randy Livingston,SEA,32,6-4,209,Louisiana State,USA,1996,2,42,4.0,0.0,0.3,1.0,-95.0,3.3,0.0,6.9,0.0,30.8
355,Rashad McCants,MIN,22,6-4,226,North Carolina,USA,2005,1,14,37.0,5.0,1.3,1.0,-0.8,2.6,6.3,20.1,45.4,11.1
356,Rashard Lewis,SEA,27,6-10,230,None,USA,1998,2,32,60.0,22.4,6.6,2.4,-0.4,4.1,14.0,24.3,58.7,10.8
357,Rasheed Wallace,DET,32,6-11,230,North Carolina,USA,1995,1,4,75.0,12.3,7.2,1.7,4.5,4.0,20.1,19.8,51.3,8.9
358,Rasho Nesterovic,TOR,31,7-0,255,None,Slovenia,1998,1,17,80.0,6.2,4.5,0.9,3.7,7.6,15.2,13.9,55.8,6.8
359,Rasual Butler,NOK,28,6-7,205,La Salle,USA,2002,2,52,81.0,10.1,3.2,0.8,-2.4,1.9,9.9,18.4,49.5,4.8
360,Rawle Marshall,IND,25,6-7,190,Oakland,USA,Undrafted,Undrafted,Undrafted,40.0,2.5,0.7,0.3,-5.5,2.1,6.1,14.8,45.5,6.3
361,Ray Allen,SEA,31,6-5,205,Connecticut,USA,1996,1,5,55.0,26.4,4.5,4.1,-1.0,2.7,9.3,28.7,56.4,18.3
362,Raymond Felton,CHA,23,6-1,198,North Carolina,USA,2005,1,5,78.0,14.0,3.4,7.0,-2.2,1.8,8.1,21.5,48.1,31.4
363,Reggie Evans,DEN,27,6-8,245,Iowa,USA,Undrafted,Undrafted,Undrafted,66.0,4.9,7.0,0.7,3.2,13.2,26.1,14.5,55.0,6.0
364,Renaldo Balkman,NYK,22,6-8,208,South Carolina,USA,2006,1,20,68.0,4.9,4.3,0.6,0.8,9.1,18.9,14.9,53.1,7.1
365,Renaldo Major,GSW,25,6-7,190,Fresno State,USA,Undrafted,Undrafted,Undrafted,1.0,5.0,2.0,0.0,22.8,0.0,7.1,16.9,23.0,0.0
366,Richard Hamilton,DET,29,6-7,193,Connecticut,USA,1999,1,7,75.0,19.8,3.8,3.8,7.1,2.9,8.0,25.5,55.1,18.4
367,Richard Jefferson,NJN,27,6-7,230,Arizona,USA,2001,1,13,55.0,16.3,4.4,2.7,0.3,2.6,10.3,21.9,55.5,13.1
368,Ricky Davis,MIN,27,6-7,226,Iowa,USA,1998,1,21,81.0,17.0,3.9,4.8,-4.0,2.0,8.8,21.5,56.6,21.5
369,Robert Hite,MIA,23,6-2,184,Miami,USA,Undrafted,Undrafted,Undrafted,12.0,4.3,1.3,0.7,-5.0,2.5,9.0,23.3,39.1,11.6
370,Robert Horry,SAS,36,6-10,240,Alabama,USA,1992,1,11,68.0,3.9,3.4,1.1,8.6,6.9,13.9,13.5,48.0,10.6
371,Rodney Carney,PHI,23,6-7,205,Memphis,USA,2006,1,16,67.0,6.6,1.9,0.4,-4.7,3.6,8.0,18.3,51.4,3.7
372,Roger Mason Jr.,WAS,26,6-5,212,Virginia,USA,2002,2,30,62.0,2.7,0.7,0.6,-6.5,1.3,8.4,17.9,44.3,11.5
373,Roger Powell,UTA,24,6-6,220,Illinois,USA,Undrafted,Undrafted,Undrafted,3.0,0.7,1.0,0.0,-40.0,20.0,0.0,21.2,25.8,0.0
374,Ronald Dupree,DET,26,6-7,209,Louisiana State,USA,Undrafted,Undrafted,Undrafted,19.0,1.3,0.9,0.3,0.7,5.5,14.1,17.1,35.8,8.3
375,Ronnie Brewer,UTA,22,6-7,218,Arkansas,USA,2006,1,14,56.0,4.6,1.3,0.4,0.2,5.7,6.4,16.2,56.6,5.7
376,Ronnie Price,SAC,24,6-2,190,Utah Valley,USA,Undrafted,Undrafted,Undrafted,58.0,3.3,1.2,0.8,-1.3,2.9,10.5,18.1,48.9,14.0
377,Ronny Turiaf,LAL,24,6-10,249,Gonzaga,France,2005,2,37,72.0,5.3,3.6,0.9,1.6,7.8,16.1,15.0,58.6,9.2
378,Royal Ivey,ATL,25,6-4,215,Texas-Austin,USA,2004,2,37,53.0,3.0,1.0,0.8,-6.3,3.0,7.4,15.6,49.6,14.0
379,Ruben Patterson,MIL,31,6-5,223,Cincinnati,USA,1998,2,31,81.0,14.7,5.4,2.9,-2.8,7.9,10.4,21.8,57.8,15.4
380,Rudy Gay,MEM,20,6-9,220,Connecticut,USA,2006,1,8,78.0,10.8,4.5,1.3,-3.0,4.7,12.7,20.6,49.7,7.8
381,Ryan Gomes,BOS,24,6-7,250,Providence,USA,2005,2,50,73.0,12.1,5.6,1.6,-8.0,5.8,13.6,18.7,53.4,9.2
382,Ryan Hollins,CHA,22,7-0,230,UCLA,USA,2006,2,50,27.0,2.4,1.1,0.0,-22.4,5.9,12.5,16.7,59.7,1.0
383,Salim Stoudamire,ATL,24,6-1,175,Arizona,USA,2005,2,31,61.0,7.7,1.2,1.0,-5.7,0.6,6.8,21.5,51.8,11.2
384,Sam Cassell,LAC,37,6-3,185,Florida State,USA,1993,1,24,58.0,12.3,2.9,4.7,2.1,2.0,10.1,25.3,50.6,34.0
385,Samuel Dalembert,PHI,27,6-11,250,Seton Hall,Haiti,2001,1,26,82.0,10.7,8.9,0.8,-0.3,10.4,20.8,16.6,58.1,4.1
386,Sarunas Jasikevicius,GSW,31,6-4,197,Maryland,Lithuania,Undrafted,Undrafted,Undrafted,63.0,6.1,1.1,2.7,-5.8,1.5,5.6,19.5,53.1,31.0
387,Sasha Pavlovic,CLE,23,6-7,210,None,Montenegro,2003,1,19,67.0,9.0,2.4,1.6,7.2,1.5,9.2,18.6,55.4,11.0
388,Sasha Vujacic,LAL,23,6-7,195,None,Slovenia,2004,1,27,73.0,4.3,1.5,0.9,-2.0,2.9,9.1,15.0,54.0,10.7
389,Scot Pollard,CLE,32,6-11,265,Kansas,USA,1997,1,19,24.0,1.0,1.3,0.1,-1.0,14.6,16.2,13.3,43.2,5.3
390,Scott Padgett,MEM,31,6-9,240,Kentucky,USA,1999,1,28,31.0,1.5,1.7,0.3,1.3,7.3,16.7,13.9,37.3,5.8
391,Sean Marks,PHX,31,6-10,250,California,New Zealand,1998,2,44,3.0,2.0,1.0,0.0,-28.0,0.0,21.4,16.3,43.6,0.0
392,Sean May,CHA,23,6-9,266,North Carolina,USA,2005,1,13,35.0,11.9,6.7,1.9,0.2,9.1,19.2,22.9,55.1,13.9
393,Sebastian Telfair,BOS,22,6-0,160,None,USA,2004,1,13,78.0,6.1,1.4,2.8,-1.5,1.1,6.1,17.3,45.8,22.3
394,Sergio Rodriguez,POR,21,6-3,168,None,Spain,2006,1,27,67.0,3.7,1.4,3.3,-7.0,2.4,9.3,17.1,49.3,41.6
395,Shammond Williams,LAL,32,6-1,201,North Carolina,USA,1998,2,34,30.0,3.1,1.3,1.0,-4.3,3.2,8.8,13.4,53.0,15.0
396,Shane Battier,HOU,28,6-8,220,Duke,USA,2001,1,6,82.0,10.1,4.1,2.1,5.7,2.3,9.1,11.9,58.9,9.2
397,Shannon Brown,CLE,21,6-4,205,Michigan State,USA,2006,1,25,23.0,3.2,0.9,0.4,-15.7,3.0,7.9,20.8,45.5,9.1
398,Shaquille O'Neal,MIA,35,7-1,325,Louisiana State,USA,1992,1,1,40.0,17.3,7.4,2.0,2.4,9.4,18.8,29.9,56.7,13.8
399,Shareef Abdur-Rahim,SAC,30,6-9,245,California,USA,1996,1,3,80.0,9.9,5.0,1.4,-4.4,6.2,14.8,19.4,52.4,9.2
400,Shaun Livingston,LAC,21,6-7,182,None,USA,2004,1,4,54.0,9.3,3.4,5.1,-4.3,3.8,8.2,17.0,50.3,28.3
401,Shavlik Randolph,PHI,23,6-10,240,Duke,USA,Undrafted,Undrafted,Undrafted,13.0,4.5,4.2,0.3,3.6,10.2,19.4,16.5,50.3,3.8
402,Shawn Marion,PHX,29,6-7,228,UNLV,USA,1999,1,9,80.0,17.5,9.8,1.7,9.7,6.3,19.8,18.9,59.4,6.5
403,Shawne Williams,IND,21,6-9,225,Memphis,USA,2006,1,17,46.0,3.9,1.8,0.5,-10.8,6.3,9.7,15.6,53.3,6.8
404,Shelden Williams,ATL,23,6-9,250,Duke,USA,2006,1,5,81.0,5.5,5.4,0.5,-8.3,8.9,21.3,15.6,51.8,5.1
405,Slava Medvedenko,ATL,28,6-10,253,None,Ukraine,Undrafted,Undrafted,Undrafted,14.0,3.0,1.0,0.1,-7.1,5.6,15.6,24.9,55.6,4.8
406,Smush Parker,LAL,26,6-4,180,Fordham,USA,Undrafted,Undrafted,Undrafted,82.0,11.1,2.5,2.8,-2.0,1.9,6.8,18.1,52.6,14.1
407,Solomon Jones,ATL,22,6-10,230,South Florida,USA,2006,2,33,58.0,3.3,2.3,0.2,-12.1,7.6,14.2,12.5,58.7,2.8
408,Speedy Claxton,ATL,29,5-11,170,Hofstra,USA,2000,1,20,42.0,5.3,1.9,4.4,-5.7,1.1,7.1,16.3,36.3,29.1
409,Stephen Graham,POR,25,6-6,215,Oklahoma State,USA,Undrafted,Undrafted,Undrafted,14.0,3.2,1.5,0.4,-14.8,4.4,10.5,15.9,51.2,5.5
410,Stephen Jackson,GSW,29,6-8,218,Butler C.C. (KS),USA,1997,2,42,75.0,15.5,3.0,3.8,2.8,2.4,6.6,21.7,54.0,18.3
411,Stephon Marbury,NYK,30,6-2,205,Georgia Tech,USA,1996,1,4,74.0,16.4,2.9,5.4,-3.4,1.4,6.8,21.3,53.9,24.9
412,Steve Blake,DEN,27,6-3,172,Maryland,USA,2003,2,38,82.0,6.4,2.1,5.0,-0.8,1.0,6.8,13.1,49.1,26.0
413,Steve Francis,NYK,30,6-3,210,Maryland,USA,1999,1,2,44.0,11.3,3.6,3.9,-1.3,2.8,10.7,19.2,57.0,22.3
414,Steve Nash,PHX,33,6-3,195,Santa Clara,Canada,1996,1,15,76.0,18.6,3.5,11.6,11.3,1.3,8.5,22.3,65.4,46.8
415,Steve Novak,HOU,24,6-10,220,Marquette,USA,2006,2,32,35.0,1.5,0.7,0.2,-11.4,2.0,11.9,12.6,50.1,5.5
416,Steven Hunter,PHI,25,7-0,240,DePaul,USA,2001,1,15,70.0,6.4,4.8,0.4,-8.5,7.7,14.0,13.1,57.3,2.8
417,Steven Smith,PHI,24,6-9,250,La Salle,USA,Undrafted,Undrafted,Undrafted,8.0,0.6,0.8,0.0,-22.8,3.3,20.0,16.9,28.2,0.0
418,Stromile Swift,MEM,27,6-9,230,Louisiana State,USA,2000,1,2,54.0,7.8,4.6,0.3,-9.3,8.6,17.0,20.4,51.7,2.9
419,T.J. Ford,TOR,24,6-0,165,Texas-Austin,USA,2003,1,8,75.0,14.0,3.1,7.9,0.8,2.5,8.3,25.8,50.8,44.8
420,Tarence Kinsey,MEM,23,6-6,189,South Carolina,USA,Undrafted,Undrafted,Undrafted,48.0,7.7,2.0,0.9,-5.0,3.2,7.5,17.8,53.2,6.8
421,Tayshaun Prince,DET,27,6-9,215,Kentucky,USA,2002,1,23,82.0,14.3,5.2,2.8,5.8,5.1,10.1,18.8,53.4,12.7
422,Thabo Sefolosha,CHI,23,6-7,215,None,Switzerland,2006,1,13,71.0,3.6,2.2,0.8,5.3,4.0,13.8,16.7,46.4,10.9
423,Theo Ratliff,BOS,34,6-10,235,Wyoming,USA,1995,1,18,2.0,2.5,3.5,0.0,-25.7,4.7,11.6,5.9,52.5,0.0
424,Tim Duncan,SAS,31,6-11,260,Wake Forest,US Virgin Islands,1997,1,1,80.0,20.0,10.6,3.4,14.6,9.0,23.9,27.9,57.9,18.2
425,Tim Thomas,LAC,30,6-10,240,Villanova,USA,1997,1,7,76.0,11.0,5.0,2.3,4.3,3.4,15.3,19.8,53.2,14.2
426,Tony Allen,BOS,25,6-4,213,Oklahoma State,USA,2004,1,25,33.0,11.5,3.8,1.7,-3.0,4.7,11.6,21.3,59.6,12.0
427,Tony Battie,ORL,31,6-11,240,Texas Tech,USA,1997,1,5,66.0,6.1,5.2,0.5,0.6,6.5,16.8,13.5,51.3,3.6
428,Tony Parker,SAS,25,6-2,180,None,France,2001,1,28,77.0,18.6,3.2,5.5,10.6,1.5,9.0,27.2,57.2,30.7
429,Tracy McGrady,HOU,28,6-8,223,None,USA,1997,1,9,71.0,24.6,5.3,6.5,7.7,2.3,12.7,34.0,51.5,35.3
430,Travis Diener,ORL,25,6-1,175,Marquette,USA,2005,2,38,26.0,3.8,0.7,1.3,-0.2,1.1,5.3,15.2,56.6,21.0
431,Travis Outlaw,POR,22,6-9,215,None,USA,2003,1,23,67.0,9.6,3.2,0.8,-4.2,4.6,10.6,21.3,49.9,6.1
432,Trenton Hassell,MIN,28,6-5,233,Austin Peay,USA,2001,2,29,76.0,6.7,3.2,2.7,-4.5,4.1,7.3,11.7,52.9,13.8
433,Trevor Ariza,ORL,21,6-8,210,UCLA,USA,2004,2,43,57.0,8.9,4.4,1.1,2.2,8.4,12.4,18.6,56.7,9.2
434,Troy Hudson,MIN,31,6-1,178,Southern Illinois,USA,Undrafted,Undrafted,Undrafted,34.0,5.9,1.4,2.1,-6.6,1.6,7.7,20.5,48.3,22.7
435,Troy Murphy,IND,27,6-11,245,Notre Dame,USA,2001,1,14,68.0,10.3,6.1,1.9,-5.8,5.3,17.5,17.2,54.1,11.2
436,Tyronn Lue,ATL,30,6-0,175,Nebraska,USA,1998,1,23,56.0,11.4,1.9,3.6,-6.7,1.3,6.3,20.6,53.4,24.2
437,Tyrus Thomas,CHI,20,6-9,215,Louisiana State,USA,2006,1,4,72.0,5.2,3.7,0.6,8.6,9.2,17.9,20.1,52.1,6.6
438,Tyson Chandler,NOK,24,7-1,235,None,USA,2001,1,2,73.0,9.5,12.4,0.9,-0.5,12.6,24.4,12.1,62.0,4.0
439,Udonis Haslem,MIA,27,6-8,235,Florida,USA,Undrafted,Undrafted,Undrafted,79.0,10.7,8.3,1.2,0.6,8.2,18.8,17.0,52.3,6.4
440,Uros Slokar,TOR,24,6-10,238,None,Slovenia,2005,2,58,20.0,1.9,0.7,0.1,-20.8,8.0,11.3,22.5,59.9,3.6
441,Vassilis Spanoulis,HOU,24,6-4,195,None,Greece,2004,2,50,31.0,2.7,0.7,0.9,-6.3,1.9,6.3,20.0,47.0,20.7
442,Viktor Khryapa,CHI,24,6-9,218,None,Russia,2004,1,22,33.0,2.2,1.7,0.6,-5.0,9.0,17.6,17.9,44.8,14.5
443,Vince Carter,NJN,30,6-6,220,North Carolina,USA,1998,1,5,82.0,25.2,6.0,4.8,0.9,3.9,12.7,30.2,55.9,24.5
444,Vitaly Potapenko,SAC,32,6-10,285,Wright State,Ukraine,1996,1,12,3.0,0.0,0.7,0.0,-14.0,0.0,11.8,17.6,0.0,0.0
445,Vladimir Radmanovic,LAL,26,6-10,234,None,Serbia,2001,1,12,55.0,6.6,3.3,1.2,-5.3,5.4,13.3,18.7,51.8,11.3
446,Von Wafer,LAC,21,6-5,210,Florida State,USA,2005,2,39,1.0,0.0,0.0,0.0,-16.7,0.0,0.0,16.7,0.0,0.0
447,Wally Szczerbiak,BOS,30,6-7,244,Miami (Ohio),USA,1999,1,6,32.0,15.0,3.1,1.7,-2.2,1.9,9.7,24.3,54.0,10.7
448,Walter Herrmann,CHA,28,6-9,225,None,Argentina,Undrafted,Undrafted,Undrafted,48.0,9.2,2.9,0.5,-0.4,3.1,12.6,18.6,62.5,4.9
449,Wayne Simien,MIA,24,6-9,250,Kansas,USA,2005,1,29,8.0,2.9,1.4,0.5,-11.2,5.1,7.7,14.5,44.1,8.2
450,Will Blalock,DET,23,6-0,205,Iowa State,USA,2006,2,60,14.0,1.8,1.1,1.2,-5.0,3.2,5.7,11.9,38.3,19.3
451,Will Conroy,LAC,24,6-2,195,Washington,USA,Undrafted,Undrafted,Undrafted,7.0,0.0,1.0,1.3,-8.5,5.8,7.8,6.1,0.0,30.0
452,Willie Green,PHI,25,6-3,201,Detroit,USA,2003,2,41,74.0,11.3,2.1,1.5,-6.4,2.4,6.7,25.1,45.8,11.1
453,Yakhouba Diawara,DEN,24,6-7,225,Pepperdine,USA,Undrafted,Undrafted,Undrafted,64.0,4.4,1.7,0.9,1.0,2.2,6.6,12.4,45.0,6.8
454,Yao Ming,HOU,26,7-6,310,None,China,2002,1,1,48.0,25.0,9.4,2.0,8.9,6.7,21.4,32.4,60.1,11.5
455,Yaroslav Korolev,LAC,20,6-9,203,None,Russia,2005,1,12,10.0,1.2,0.3,0.4,-24.3,2.0,7.4,20.2,32.2,19.0
456,Zach Randolph,POR,25,6-9,215,Michigan State,USA,2001,1,19,68.0,23.6,10.1,2.2,-3.4,8.9,23.0,32.8,53.7,12.6
457,Zaza Pachulia,ATL,23,6-11,280,None,Georgia,2003,2,42,72.0,12.2,6.9,1.5,-2.4,10.4,16.3,21.4,56.2,9.2
458,Zydrunas Ilgauskas,CLE,32,7-3,260,None,Lithuania,1996,1,20,78.0,11.9,7.7,1.6,5.7,11.5,18.2,21.5,52.7,9.9
