,Player,Team,Age,Height,Weight,COLLEGE,COUNTRY,DRAFT YEAR,DRAFT ROUND,DRAFT NUMBER,GP,PTS,REB,AST,NETRTG,OREB%,DREB%,USG%,TS%,AST%
0,,,,,,,,,,,,,,,,,,,,
1,Aaron McKie,LAL,33,6-5,209,Temple,USA,1994,1,17,14.0,0.5,1.4,0.8,-10.3,2.6,14.3,5.8,27.2,14.7
2,Aaron Miles,GSW,23,6-1,190,Kansas,USA,Undrafted,Undrafted,Undrafted,19.0,0.8,0.7,1.3,-1.2,0.0,13.6,11.0,40.5,30.8
3,Aaron Williams,NOK,34,6-9,235,Xavier,USA,Undrafted,Undrafted,Undrafted,48.0,4.6,3.8,0.4,-2.6,8.5,16.0,13.5,55.1,3.6
4,Adonal Foyle,GSW,31,6-10,270,Colgate,St. Vincent & Grenadines,1997,1,8,77.0,4.5,5.5,0.4,0.2,7.6,14.8,10.0,52.4,2.8
5,Adrian Griffin,DAL,31,6-5,230,Seton Hall,USA,Undrafted,Undrafted,Undrafted,52.0,4.6,4.4,1.7,8.6,6.7,13.3,9.9,52.1,10.7
6,Al Harrington,ATL,26,6-9,245,None,USA,1998,1,25,76.0,18.6,6.9,3.1,-6.5,5.0,15.7,25.7,51.3,15.5
7,Al Jefferson,BOS,21,6-10,265,None,USA,2004,1,15,59.0,7.9,5.1,0.5,-4.5,9.9,19.8,21.5,53.0,5.5
8,Alan Anderson,CHA,23,6-6,220,Michigan State,USA,Undrafted,Undrafted,Undrafted,36.0,5.8,1.9,0.9,1.2,3.9,8.9,17.8,52.0,9.3
9,Alan Henderson,CLE,33,6-9,240,Indiana,USA,1995,1,16,51.0,2.5,2.7,0.2,-3.6,11.3,14.8,11.4,56.4,3.2
10,Alex Acker,DET,23,6-5,185,Pepperdine,USA,2005,2,60,5.0,1.8,1.0,0.8,-44.5,2.5,12.1,21.5,28.1,19.0
11,Alex Scales,SAS,27,6-4,195,Oregon,USA,Undrafted,Undrafted,Undrafted,1.0,0.0,0.0,0.0,0.0,0.0,0.0,0.0,0.0,0.0
12,Allen Iverson,PHI,31,6-0,165,Georgetown,USA,1996,1,1,72.0,33.0,3.2,7.4,0.1,1.5,6.2,35.0,54.3,33.1
13,Alonzo Mourning,MIA,36,6-10,261,Georgetown,USA,1992,1,2,65.0,7.8,5.5,0.2,9.5,10.1,17.0,17.1,61.5,1.4
14,Alvin Williams,TOR,31,6-5,195,Villanova,USA,1997,2,47,1.0,1.0,3.0,0.0,-27.7,0.0,27.3,17.4,12.9,0.0
15,Amar'e Stoudemire,PHX,23,6-10,245,None,USA,2002,1,9,3.0,8.7,5.3,0.7,-0.9,10.7,19.2,27.4,42.0,6.3
16,Amir Johnson,DET,19,6-9,210,No College,USA,2005,2,56,3.0,6.7,1.3,1.0,-25.3,7.7,2.4,16.8,85.0,12.5
17,Anderson Varejao,CLE,23,6-10,240,None,Brazil,2004,2,30,48.0,4.6,4.9,0.4,6.1,10.1,21.4,13.3,54.1,4.0
18,Andray Blatche,WAS,19,6-11,235,None,USA,2005,2,49,29.0,2.2,1.3,0.3,-3.2,6.9,15.1,20.7,45.0,10.3
19,Andre Barrett,TOR,24,5-10,173,Seton Hall,USA,Undrafted,Undrafted,Undrafted,19.0,4.6,1.3,2.7,-4.2,2.8,6.0,18.5,39.8,28.0
20,Andre Iguodala,PHI,22,6-6,207,Arizona,USA,2004,1,9,82.0,12.3,5.9,3.1,0.5,4.0,12.0,14.5,59.8,12.6
21,Andre Miller,DEN,30,6-2,205,Utah,USA,1999,1,8,82.0,13.7,4.3,8.2,2.5,3.4,8.8,20.2,53.2,35.5
22,Andre Owens,UTA,25,6-4,200,Houston,USA,Undrafted,Undrafted,Undrafted,23.0,3.0,0.9,0.3,-7.9,4.8,5.6,19.8,42.1,7.9
23,Andrei Kirilenko,UTA,25,6-9,225,None,Russia,1999,1,24,69.0,15.3,8.0,4.3,1.0,6.6,16.1,20.5,55.6,20.2
24,Andres Nocioni,CHI,26,6-7,225,None,Argentina,Undrafted,Undrafted,Undrafted,82.0,13.0,6.1,1.4,-1.6,3.9,18.6,20.8,56.7,9.1
25,Andrew Bogut,MIL,21,7-0,245,Utah,Australia,2005,1,1,82.0,9.4,7.0,2.3,1.9,8.4,17.6,15.7,55.5,13.3
26,Andrew Bynum,LAL,18,7-0,275,None,USA,2005,1,10,46.0,1.6,1.7,0.2,-5.1,9.6,13.8,14.6,39.4,4.4
27,Andris Biedrins,GSW,20,6-11,245,None,Latvia,2004,1,11,68.0,3.8,4.2,0.4,2.4,12.1,16.6,11.0,59.5,3.8
28,Anfernee Hardaway,NYK,34,6-7,215,Memphis,USA,1993,1,3,4.0,2.5,2.5,2.0,3.6,0.0,15.2,13.5,33.6,17.4
29,Antawn Jamison,WAS,30,6-9,235,North Carolina,USA,1998,1,4,82.0,20.5,9.3,1.9,3.3,5.0,19.3,23.3,51.8,8.3
30,Anthony Carter,MIN,31,6-2,195,Hawaii,USA,Undrafted,Undrafted,Undrafted,45.0,3.3,1.4,2.2,-2.8,1.6,9.1,15.7,46.5,27.7
31,Anthony Goldwire,LAC,34,6-2,182,Houston,USA,1994,2,52,3.0,0.7,0.3,0.7,-4.7,0.0,5.0,17.0,14.3,18.2
32,Anthony Grundy,ATL,27,6-3,185,North Carolina State,USA,Undrafted,Undrafted,Undrafted,12.0,4.3,1.4,0.8,11.7,0.9,13.7,20.9,58.9,13.0
33,Anthony Johnson,IND,31,6-3,200,College of Charleston,USA,1997,2,39,75.0,9.2,2.2,4.3,3.1,1.7,6.8,18.1,52.0,27.9
34,Anthony Roberson,MEM,23,6-2,180,Florida,USA,Undrafted,Undrafted,Undrafted,16.0,2.2,0.4,0.3,1.4,0.0,6.0,18.9,54.9,12.2
35,Antoine Walker,MIA,29,6-9,245,Kentucky,USA,1996,1,6,82.0,12.2,5.1,2.0,2.6,4.9,14.5,22.5,52.4,12.9
36,Antoine Wright,NJN,22,6-7,210,Texas A&M,USA,2005,1,15,39.0,1.8,0.8,0.3,-8.8,2.4,6.2,14.2,38.6,5.7
37,Antonio Burks,MEM,26,6-0,195,Memphis,USA,2004,2,36,57.0,2.0,0.6,1.3,-3.0,0.8,6.0,15.5,36.7,24.0
38,Antonio Daniels,WAS,31,6-4,205,Bowling Green,USA,1997,1,4,80.0,9.6,2.2,3.6,2.7,0.9,7.2,15.3,55.0,19.6
39,Antonio Davis,TOR,37,6-9,245,Texas-El Paso,USA,1990,2,45,44.0,4.9,4.7,0.5,-10.1,9.9,14.3,13.3,47.9,3.5
40,Antonio McDyess,DET,31,6-9,245,Alabama,USA,1995,1,2,82.0,7.8,5.3,1.1,4.4,9.1,17.7,18.3,52.0,8.9
41,Arvydas Macijauskas,NOK,26,6-4,214,None,Lithuania,Undrafted,Undrafted,Undrafted,19.0,2.3,0.5,0.3,-2.8,2.3,6.0,19.3,46.2,7.1
42,Austin Croshere,IND,31,6-10,235,Providence,USA,1997,1,12,50.0,8.2,5.3,1.2,4.1,5.9,17.8,15.1,61.8,8.9
43,Awvee Storey,WAS,29,6-6,225,Arizona State,USA,Undrafted,Undrafted,Undrafted,25.0,1.7,0.9,0.2,7.8,6.5,13.5,19.1,45.6,5.9
44,Baron Davis,GSW,27,6-3,215,UCLA,USA,1999,1,3,54.0,17.9,4.4,8.9,0.7,2.2,9.8,25.8,48.9,41.2
45,Ben Gordon,CHI,23,6-3,200,Connecticut,USA,2004,1,3,80.0,16.9,2.7,3.0,1.4,1.7,6.9,25.8,53.1,17.0
46,Ben Wallace,DET,31,6-9,240,Virginia Union,USA,Undrafted,Undrafted,Undrafted,82.0,7.3,11.3,1.9,11.6,10.9,22.5,11.3,50.1,8.1
47,Beno Udrih,SAS,23,6-3,200,None,Slovenia,2004,1,28,55.0,5.0,0.9,1.7,3.9,3.3,6.3,24.2,53.9,27.3
48,Bernard Robinson,CHA,25,6-6,210,Michigan,USA,2004,2,45,66.0,6.4,3.3,1.2,-3.5,4.6,12.9,16.4,49.8,9.6
49,Billy Thomas,WAS,30,6-5,220,Kansas,USA,Undrafted,Undrafted,Undrafted,17.0,2.2,0.8,0.5,-1.8,3.4,7.0,15.0,46.5,10.8
50,Bo Outlaw,ORL,35,6-8,220,Houston,USA,Undrafted,Undrafted,Undrafted,32.0,2.3,2.4,0.4,-1.1,9.5,13.0,10.3,61.0,6.5
51,Bobby Jackson,MEM,33,6-1,185,Minnesota,USA,1997,1,23,71.0,11.4,3.1,2.7,5.4,2.7,10.9,24.4,49.7,20.5
52,Bobby Simmons,MIL,26,6-6,228,DePaul,USA,2001,2,41,75.0,13.4,4.4,2.3,1.0,3.8,10.1,18.1,55.9,11.2
53,Boniface Ndong,LAC,28,7-0,205,None,Senegal,Undrafted,Undrafted,Undrafted,23.0,2.2,1.6,0.3,-14.4,9.6,16.9,17.9,43.9,8.0
54,Bonzi Wells,SAC,29,6-5,210,Ball State,USA,1998,1,11,52.0,13.6,7.7,2.8,3.8,8.9,16.1,21.9,50.7,13.9
55,Boris Diaw,PHX,24,6-8,215,None,France,2003,1,21,81.0,13.3,6.9,6.2,8.7,5.8,13.4,17.7,56.4,24.5
56,Bostjan Nachbar,NJN,25,6-9,221,None,Slovenia,2002,1,15,36.0,4.4,1.7,0.8,0.1,1.6,11.0,18.2,44.8,9.4
57,Bracey Wright,MIN,21,6-3,210,Indiana,USA,2005,2,47,7.0,8.9,2.6,0.7,-5.7,2.2,10.9,22.3,53.4,7.2
58,Brad Miller,SAC,30,7-0,261,Purdue,USA,Undrafted,Undrafted,Undrafted,79.0,15.0,7.8,4.7,3.9,4.4,17.2,18.6,57.6,20.5
59,Brandon Bass,NOK,21,6-8,240,Louisiana State,USA,2005,2,33,29.0,2.3,2.3,0.1,-7.9,7.3,18.9,15.5,43.4,2.0
60,Brendan Haywood,WAS,26,7-0,263,North Carolina,USA,2001,1,20,79.0,7.3,5.9,0.6,2.7,10.4,14.7,14.8,54.2,3.8
61,Brent Barry,SAS,34,6-7,210,Oregon State,USA,1995,1,15,74.0,5.8,2.1,1.7,7.9,2.4,10.2,15.2,58.1,15.7
62,Brevin Knight,CHA,30,5-10,170,Stanford,USA,1997,1,16,69.0,12.6,3.2,8.8,-4.9,1.4,8.7,20.0,47.8,41.2
63,Brian Cardinal,MEM,29,6-8,245,Purdue,USA,2000,2,44,36.0,3.4,1.5,0.9,6.7,3.1,12.1,17.9,50.5,13.6
64,Brian Cook,LAL,25,6-9,258,Illinois,USA,2003,1,24,81.0,7.9,3.4,0.9,4.0,5.8,13.0,18.1,57.8,7.9
65,Brian Grant,PHX,34,6-9,254,Xavier,USA,1994,1,8,21.0,2.9,2.7,0.3,-2.4,4.4,17.9,13.4,44.5,3.9
66,Brian Scalabrine,BOS,28,6-9,235,Southern California,USA,2001,2,34,71.0,2.9,1.6,0.7,-1.5,3.2,9.6,12.6,49.1,9.0
67,Brian Skinner,POR,30,6-9,265,Baylor,USA,1998,1,22,65.0,2.9,3.5,0.5,-12.2,8.4,16.1,11.2,51.7,5.6
68,Bruce Bowen,SAS,35,6-7,200,California State-Fullerton,USA,Undrafted,Undrafted,Undrafted,82.0,7.5,3.9,1.5,7.4,1.4,10.5,11.0,54.0,6.7
69,Bryon Russell,DEN,35,6-7,225,Long Beach State,USA,1993,2,45,1.0,0.0,1.0,1.0,66.7,0.0,50.0,0.0,0.0,33.3
70,CJ Miles,UTA,19,6-6,210,No College,USA,2005,2,34,23.0,3.4,1.7,0.7,-1.3,8.6,11.0,21.3,45.6,14.2
71,Calbert Cheaney,GSW,34,6-7,210,Indiana,USA,1993,1,6,42.0,2.2,1.5,0.5,-9.1,4.1,9.7,12.6,41.2,7.4
72,Calvin Booth,WAS,30,6-11,250,Penn State,USA,1999,2,35,33.0,1.4,1.6,0.4,-2.6,7.8,14.3,10.3,45.1,7.5
73,Carlos Arroyo,ORL,26,6-2,202,Florida International,Puerto Rico,Undrafted,Undrafted,Undrafted,77.0,5.8,1.7,3.0,2.1,2.9,8.2,19.9,51.2,32.0
74,Carlos Boozer,UTA,24,6-9,258,Duke,USA,2002,2,34,33.0,16.3,8.6,2.7,-2.7,7.6,22.7,23.1,58.5,15.4
75,Carlos Delfino,DET,23,6-6,230,None,Argentina,2003,1,25,68.0,3.6,1.7,0.6,-5.8,3.8,12.5,18.3,48.3,10.5
76,Carmelo Anthony,DEN,22,6-8,230,Syracuse,USA,2003,1,3,80.0,26.5,4.9,2.7,0.6,4.4,9.2,31.3,56.3,14.1
77,Caron Butler,WAS,26,6-7,228,Connecticut,USA,2002,1,10,75.0,17.6,6.2,2.5,1.8,4.2,13.9,22.8,53.5,12.0
78,Channing Frye,NYK,23,6-11,248,Arizona,USA,2005,1,8,65.0,12.3,5.8,0.8,-1.0,8.9,15.9,23.3,54.1,6.6
79,Charles Smith,DEN,30,6-4,200,New Mexico,USA,1997,1,26,22.0,3.6,0.7,0.4,-0.3,1.4,6.6,17.4,53.0,7.4
80,Charlie Bell,MIL,27,6-3,200,Michigan State,USA,Undrafted,Undrafted,Undrafted,59.0,8.4,2.0,2.2,1.1,1.7,8.3,17.3,55.0,16.5
81,Charlie Villanueva,TOR,21,6-11,240,Connecticut,USA,2005,1,7,81.0,13.0,6.4,1.1,-0.7,8.0,15.9,21.3,52.1,6.3
82,Chauncey Billups,DET,29,6-3,202,Colorado,USA,1997,1,3,81.0,18.5,3.1,8.6,10.8,1.5,7.7,22.5,60.2,39.2
83,Chris Andersen,NOK,27,6-10,228,Blinn J.C.,USA,Undrafted,Undrafted,Undrafted,32.0,5.0,4.8,0.2,1.3,10.7,18.6,13.7,56.2,1.8
84,Chris Bosh,TOR,22,6-10,230,Georgia Tech,USA,2003,1,4,70.0,22.5,9.2,2.6,-1.0,7.9,18.4,25.2,58.5,11.7
85,Chris Duhon,CHI,23,6-1,185,Duke,USA,2004,2,38,74.0,8.7,3.0,5.0,-1.2,1.3,9.1,14.9,53.8,26.9
86,Chris Kaman,LAC,24,7-0,265,Central Michigan,USA,2003,1,6,78.0,11.9,9.6,1.0,3.9,8.0,21.5,18.0,57.0,5.0
87,Chris Mihm,LAL,26,7-0,265,Texas-Austin,USA,2000,1,7,59.0,10.2,6.3,1.0,2.3,9.3,15.7,18.4,55.2,6.3
88,Chris Paul,NOK,21,6-0,175,Wake Forest,USA,2005,1,4,78.0,16.1,5.1,7.8,-3.2,2.2,13.1,21.6,54.6,37.8
89,Chris Taft,GSW,21,6-10,261,Pittsburgh,USA,2005,2,42,17.0,2.8,2.1,0.1,4.9,13.0,13.7,13.2,57.8,2.4
90,Chris Webber,PHI,33,6-10,245,Michigan,USA,1993,1,1,75.0,20.2,9.9,3.4,-2.5,6.7,20.3,27.1,48.2,15.7
91,Chris Wilcox,SEA,23,6-10,235,Maryland,USA,2002,1,8,77.0,8.1,5.3,0.7,1.5,8.3,19.3,17.2,60.5,5.4
92,Chuck Hayes,HOU,23,6-6,242,Kentucky,USA,Undrafted,Undrafted,Undrafted,40.0,3.7,4.5,0.4,9.0,12.2,22.0,11.6,58.9,4.4
93,Chucky Atkins,MEM,31,5-11,185,South Florida,USA,Undrafted,Undrafted,Undrafted,71.0,9.5,1.7,2.8,1.1,1.4,5.9,19.7,52.6,20.6
94,Clifford Robinson,NJN,39,6-10,240,Connecticut,USA,1989,2,36,80.0,6.9,3.3,1.1,0.6,3.0,11.7,15.0,50.2,8.5
95,Corey Maggette,LAC,26,6-6,225,Duke,USA,1999,1,13,32.0,17.8,5.3,2.1,6.8,3.3,13.8,27.1,58.4,12.0
96,Corliss Williamson,SAC,32,6-7,245,Arkansas,USA,1995,1,13,37.0,3.4,1.8,0.4,2.8,6.5,11.8,19.6,50.6,6.8
97,Cuttino Mobley,LAC,30,6-4,215,Rhode Island,USA,1998,2,41,79.0,14.8,4.3,3.0,2.2,1.8,9.5,19.4,51.9,12.9
98,DJ Mbenga,DAL,25,7-0,245,None,Belgium,Undrafted,Undrafted,Undrafted,43.0,1.7,1.3,0.0,-0.2,9.0,16.4,16.2,53.8,1.4
99,Dahntay Jones,MEM,25,6-6,210,Duke,USA,2003,1,20,71.0,4.0,1.5,0.5,-7.3,2.1,9.5,17.1,46.2,7.5
100,Dale Davis,DET,37,6-11,252,Clemson,USA,1991,1,13,28.0,0.9,1.9,0.2,-7.5,11.4,19.6,8.9,42.5,5.4
101,Damien Wilkins,SEA,26,6-6,225,Georgia,USA,Undrafted,Undrafted,Undrafted,82.0,6.5,2.3,1.3,-5.4,5.3,8.2,17.0,52.9,11.4
102,Damon Jones,CLE,29,6-3,190,Houston,USA,Undrafted,Undrafted,Undrafted,82.0,6.7,1.6,2.1,2.1,0.7,6.0,12.1,53.8,12.4
103,Damon Stoudamire,MEM,32,5-10,174,Arizona,USA,1995,1,7,27.0,11.7,3.5,4.7,4.9,2.8,8.8,20.1,50.4,26.3
104,Dan Dickau,BOS,27,6-0,190,Gonzaga,USA,2002,1,28,19.0,3.3,0.8,2.1,2.8,2.5,4.8,13.7,57.5,23.3
105,Dan Gadzuric,MIL,28,6-11,240,UCLA,Netherlands,2002,2,33,74.0,5.2,3.1,0.3,-1.3,10.1,17.8,19.2,55.0,4.8
106,Daniel Ewing,LAC,23,6-3,185,Duke,USA,2005,2,32,66.0,3.8,1.3,1.3,-2.4,2.5,6.3,15.5,45.8,14.5
107,Danny Fortson,SEA,30,6-8,260,Cincinnati,USA,1997,1,10,23.0,3.8,3.4,0.1,9.6,12.3,19.6,15.2,62.2,1.1
108,Danny Granger,IND,23,6-9,228,New Mexico,USA,2005,1,17,78.0,7.5,4.9,1.2,-1.3,7.7,14.1,16.0,54.0,9.2
109,Darius Miles,POR,24,6-9,210,None,USA,2000,1,3,40.0,14.0,4.6,1.8,-8.5,2.0,12.4,25.3,48.0,10.6
110,Darius Songaila,CHI,28,6-8,240,Wake Forest,Lithuania,2002,2,49,62.0,9.2,4.0,1.4,2.3,5.9,12.9,21.2,52.4,11.3
111,Darko Milicic,ORL,21,7-0,245,None,Serbia,2003,1,2,55.0,4.8,2.7,0.7,-3.6,6.2,14.1,18.5,52.0,9.6
112,Darrell Armstrong,DAL,38,6-1,180,Fayetteville State,USA,Undrafted,Undrafted,Undrafted,62.0,2.1,1.3,1.4,-1.3,3.1,10.4,14.3,44.4,21.6
113,Darrick Martin,TOR,35,5-11,170,UCLA,USA,Undrafted,Undrafted,Undrafted,40.0,2.6,0.5,1.4,8.6,0.7,5.9,16.6,47.4,24.7
114,David Harrison,IND,23,7-0,280,Colorado,USA,2004,1,29,67.0,5.7,3.8,0.2,-1.0,8.2,16.5,19.8,51.9,2.6
115,David Lee,NYK,23,6-9,249,Florida,USA,2005,1,30,67.0,5.1,4.5,0.6,-3.2,10.5,18.4,13.1,60.9,6.2
116,David Wesley,HOU,35,6-1,203,Baylor,USA,Undrafted,Undrafted,Undrafted,71.0,9.9,2.5,2.9,-1.6,1.1,6.6,14.9,54.6,14.7
117,David West,NOK,25,6-9,240,Xavier,USA,2003,1,18,74.0,17.1,7.4,1.2,-3.0,6.8,16.6,22.6,55.4,7.0
118,DeSagana Diop,DAL,24,7-0,280,None,Senegal,2001,1,8,81.0,2.3,4.6,0.3,10.0,10.7,16.1,6.9,51.2,2.2
119,DeShawn Stevenson,ORL,25,6-5,210,None,USA,2000,1,23,82.0,11.0,2.9,2.0,-4.8,2.5,7.3,17.8,50.7,10.1
120,Delonte West,BOS,22,6-4,180,St. Joseph's (PA),USA,2004,1,24,71.0,11.8,4.1,4.6,1.3,2.6,10.0,16.2,57.4,21.3
121,Deng Gai,PHI,24,6-9,250,Fairfield,South Sudan,Undrafted,Undrafted,Undrafted,2.0,0.0,0.0,0.0,-10.0,0.0,0.0,0.0,0.0,0.0
122,DerMarr Johnson,DEN,26,6-9,210,Cincinnati,USA,2000,1,6,58.0,6.1,1.7,0.9,-1.3,2.0,8.4,17.5,54.5,9.5
123,Derek Anderson,MIA,31,6-5,195,Kentucky,USA,1997,1,13,43.0,8.1,3.3,2.3,-1.9,2.2,12.0,18.2,49.6,16.5
124,Derek Fisher,GSW,31,6-1,205,Arkansas-Little Rock,USA,1996,1,24,82.0,13.3,2.6,4.3,-0.5,1.3,6.9,19.8,53.6,23.0
125,Deron Williams,UTA,22,6-3,210,Illinois,USA,2005,1,3,80.0,10.8,2.4,4.5,-1.7,1.6,7.3,19.8,50.0,27.4
126,Derrick Zimmerman,NJN,24,6-3,195,Mississippi State,USA,2003,2,40,2.0,2.0,2.0,3.5,-20.0,3.3,14.3,10.4,66.7,46.7
127,Desmond Mason,NOK,28,6-5,222,Oklahoma State,USA,2000,1,17,70.0,10.8,4.3,0.9,-5.9,3.1,12.0,20.6,46.0,5.5
128,Devean George,LAL,28,6-8,235,Augsburg,USA,1999,1,23,71.0,6.3,3.9,1.0,2.5,5.2,12.7,15.1,48.4,7.3
129,Devin Brown,UTA,27,6-5,220,Texas-San Antonio,USA,Undrafted,Undrafted,Undrafted,81.0,7.5,2.6,1.3,-3.4,4.3,8.5,18.9,49.3,10.8
130,Devin Green,LAL,23,6-7,212,Hampton,USA,Undrafted,Undrafted,Undrafted,27.0,0.9,0.9,0.3,-15.0,6.9,10.7,13.9,33.6,9.7
131,Devin Harris,DAL,23,6-3,185,Wisconsin,USA,2004,1,5,56.0,9.9,2.2,3.2,6.5,2.2,7.9,21.1,54.4,24.7
132,Dijon Thompson,PHX,23,6-7,195,UCLA,USA,2005,2,54,10.0,2.8,1.1,0.1,-11.6,8.9,14.0,25.2,54.1,4.2
133,Dikembe Mutombo,HOU,40,7-2,265,Georgetown,Congo,1991,1,4,64.0,2.6,4.8,0.1,-4.3,11.5,22.3,8.7,62.6,0.7
134,Dirk Nowitzki,DAL,28,7-0,245,None,Germany,1998,1,9,81.0,26.6,9.0,2.8,8.6,4.1,20.9,29.3,58.9,14.2
135,Donell Taylor,WAS,23,6-5,183,Alabama-Birmingham,USA,Undrafted,Undrafted,Undrafted,51.0,2.7,1.0,0.9,0.0,3.6,8.7,17.9,45.2,17.0
136,Donta Smith,ATL,22,6-7,215,Southeastern Illinois,USA,2004,2,34,23.0,1.7,0.6,0.4,6.3,2.6,9.9,11.8,58.9,10.2
137,Donyell Marshall,CLE,33,6-9,230,Connecticut,USA,1994,1,4,81.0,9.3,6.1,0.7,2.0,5.2,19.6,17.7,51.7,4.8
138,Dorell Wright,MIA,20,6-8,205,None,USA,2004,1,19,20.0,2.9,1.6,0.4,-17.9,1.6,23.1,21.6,57.4,12.9
139,Doug Christie,DAL,36,6-6,205,Pepperdine,USA,1992,1,17,7.0,3.7,1.9,2.0,-2.0,1.2,6.4,9.5,41.6,11.5
140,Drew Gooden,CLE,24,6-10,242,Kansas,USA,2002,1,4,79.0,10.7,8.4,0.7,0.8,11.3,21.0,18.5,55.2,4.4
141,Dwayne Jones,BOS,23,6-11,250,St. Joseph's (PA),USA,Undrafted,Undrafted,Undrafted,14.0,1.0,2.2,0.1,10.1,13.2,23.6,9.6,44.5,3.4
142,Dwight Howard,ORL,20,6-11,265,None,USA,2004,1,1,82.0,15.8,12.5,1.5,0.5,10.8,26.0,21.1,56.5,7.0
143,Dwyane Wade,MIA,24,6-4,212,Marquette,USA,2003,1,5,75.0,27.2,5.7,6.7,8.4,4.0,11.2,31.8,57.7,31.2
144,Earl Barron,MIA,24,7-0,270,Memphis,USA,Undrafted,Undrafted,Undrafted,8.0,1.6,1.3,0.0,-37.9,4.3,18.6,22.3,36.6,0.0
145,Earl Boykins,DEN,30,5-5,133,Eastern Michigan,USA,Undrafted,Undrafted,Undrafted,60.0,12.6,1.4,3.8,-2.3,1.3,4.1,22.9,51.3,25.4
146,Earl Watson,SEA,27,6-1,195,UCLA,USA,2001,2,39,70.0,8.9,2.3,4.1,4.9,1.6,8.3,19.3,55.8,28.9
147,Eddie Basden,CHI,23,6-5,215,North Carolina-Charlotte,USA,Undrafted,Undrafted,Undrafted,19.0,2.1,1.5,0.4,7.5,5.0,13.8,15.6,47.1,9.4
148,Eddie Gill,IND,27,6-0,190,Weber State,USA,Undrafted,Undrafted,Undrafted,41.0,1.1,0.4,0.3,2.4,0.0,11.1,21.5,40.8,17.6
149,Eddie Griffin,MIN,24,6-10,240,Seton Hall,USA,2001,1,7,70.0,4.6,5.6,0.6,-5.8,8.2,20.4,15.4,39.7,4.9
150,Eddie House,PHX,28,6-1,175,Arizona State,USA,2000,2,37,81.0,9.8,1.6,1.8,2.0,1.1,7.8,26.5,51.2,17.0
151,Eddie Jones,MEM,34,6-6,200,Temple,USA,1994,1,10,75.0,11.8,3.7,2.4,7.5,1.6,10.6,17.8,54.2,12.4
152,Eddy Curry,NYK,23,6-11,285,None,USA,2001,1,4,72.0,13.6,6.0,0.3,-11.0,8.5,16.5,24.2,60.4,2.0
153,Eduardo Najera,DEN,29,6-8,220,Oklahoma,Mexico,2000,2,38,64.0,5.4,5.1,0.8,1.4,8.5,13.8,12.1,49.4,5.4
154,Elton Brand,LAC,27,6-8,254,Duke,USA,1999,1,1,79.0,24.7,10.0,2.6,2.9,8.2,17.3,27.2,58.0,12.7
155,Emeka Okafor,CHA,23,6-10,252,Connecticut,USA,2004,1,2,26.0,13.2,10.0,1.2,-3.9,10.4,20.1,21.6,46.4,6.0
156,Eric Piatkowski,CHI,35,6-7,215,Nebraska,USA,1994,1,15,29.0,2.0,0.8,0.4,4.5,1.6,8.3,13.6,46.7,8.6
157,Eric Snow,CLE,33,6-3,205,Michigan State,USA,1995,2,43,82.0,4.8,2.4,4.2,2.5,1.7,7.1,11.0,44.4,22.4
158,Eric Williams,TOR,33,6-8,220,Providence,USA,1995,1,14,28.0,3.3,1.8,0.5,-5.9,3.1,12.9,14.3,49.6,6.5
159,Erick Dampier,DAL,30,6-11,265,Mississippi State,USA,1996,1,10,82.0,5.7,7.8,0.6,7.2,15.2,20.3,13.2,53.1,4.1
160,Ervin Johnson,MIL,38,6-11,245,New Orleans,USA,1993,1,23,18.0,0.8,1.3,0.1,-23.7,6.8,21.6,12.8,41.9,4.5
161,Esteban Batista,ATL,22,6-10,270,None,Uruguay,Undrafted,Undrafted,Undrafted,57.0,1.8,2.5,0.1,0.3,11.8,18.6,12.1,48.9,2.1
162,Etan Thomas,WAS,28,6-10,260,Syracuse,USA,2000,1,12,71.0,4.7,3.9,0.2,0.8,8.9,17.2,14.0,56.0,2.0
163,Fabricio Oberto,SAS,31,6-10,245,None,Argentina,Undrafted,Undrafted,Undrafted,59.0,1.7,2.1,0.5,-3.5,12.2,14.0,12.1,49.1,8.9
164,Flip Murray,CLE,26,6-3,197,Shaw,USA,2002,2,41,76.0,11.2,2.0,2.6,-2.3,1.6,5.9,21.6,48.7,16.0
165,Francisco Elson,DEN,30,7-0,235,California,Netherlands,1999,2,41,72.0,4.9,4.7,0.7,2.6,6.9,15.6,11.1,55.6,4.4
166,Francisco Garcia,SAC,24,6-7,195,Louisville,Dominican Republic,2005,1,23,67.0,5.6,2.8,1.4,-0.9,3.1,11.1,15.4,51.0,11.8
167,Fred Jones,IND,27,6-2,220,Oregon,USA,2002,1,14,68.0,9.6,2.5,2.3,0.5,1.0,8.2,18.3,51.7,15.4
168,Gary Payton,MIA,37,6-4,190,Oregon State,USA,1990,1,2,81.0,7.7,2.9,3.2,2.6,1.5,8.7,13.9,52.0,17.6
169,Gerald Fitch,MIA,23,6-3,188,Kentucky,USA,Undrafted,Undrafted,Undrafted,18.0,4.7,1.7,1.8,-1.7,2.8,9.1,21.1,42.4,22.8
170,Gerald Green,BOS,20,6-8,200,No College,USA,2005,1,18,32.0,5.2,1.3,0.6,-2.8,3.1,8.3,21.4,54.1,9.3
171,Gerald Wallace,CHA,23,6-7,215,Alabama,USA,2001,1,25,55.0,15.2,7.5,1.7,-2.0,6.3,16.8,18.8,57.8,8.2
172,Gilbert Arenas,WAS,24,6-4,210,Arizona,USA,2001,2,30,80.0,29.3,3.5,6.1,2.9,1.7,6.9,29.7,58.1,26.1
173,Gordan Giricek,UTA,29,6-5,210,None,Croatia,1999,2,40,37.0,10.6,1.9,1.7,-4.1,1.7,6.4,22.7,48.2,12.8
174,Grant Hill,ORL,33,6-8,225,Duke,USA,1994,1,3,21.0,15.1,3.8,2.3,-3.9,2.6,12.2,24.3,55.2,14.2
175,Greg Buckner,DEN,29,6-4,205,Clemson,USA,1998,2,53,73.0,6.7,2.9,1.7,0.7,1.8,10.5,12.2,55.6,11.0
176,Greg Ostertag,UTA,33,7-2,280,Kansas,USA,1995,1,28,60.0,2.4,3.8,1.0,-9.2,10.8,18.8,11.1,50.3,12.2
177,Ha Ha,POR,20,7-3,305,None,South Korea,2004,2,46,27.0,1.6,1.8,0.0,-11.5,6.6,18.0,11.3,57.2,0.8
178,Hakim Warrick,MEM,23,6-9,219,Syracuse,USA,2005,1,19,68.0,4.1,2.1,0.4,-5.5,6.3,14.7,21.3,49.9,8.0
179,Hedo Turkoglu,ORL,27,6-10,220,None,Turkey,2000,1,16,78.0,14.9,4.3,2.8,-1.0,3.0,10.6,20.2,57.8,14.2
180,Howard Eisley,DEN,33,6-2,185,Boston College,USA,1994,2,30,32.0,3.2,1.0,2.2,-7.9,0.8,8.1,15.1,44.5,29.4
181,Ike Diogu,GSW,22,6-8,255,Arizona State,USA,2005,1,9,69.0,7.0,3.3,0.4,-3.3,8.9,13.6,20.4,59.6,5.1
182,Ime Udoka,NYK,28,6-5,220,Portland State,USA,Undrafted,Undrafted,Undrafted,8.0,2.8,2.1,0.8,-3.3,3.2,13.0,11.9,41.3,8.2
183,Ira Newble,CLE,31,6-7,220,Miami (Ohio),USA,Undrafted,Undrafted,Undrafted,36.0,1.3,1.6,0.3,1.1,6.2,9.6,9.6,37.5,3.9
184,JR Smith,NOK,20,6-6,220,No College,USA,2004,1,18,55.0,7.7,2.0,1.1,-6.3,2.0,10.1,21.5,51.5,10.2
185,Jackie Butler,NYK,21,6-10,260,None,USA,Undrafted,Undrafted,Undrafted,55.0,5.3,3.3,0.5,8.1,10.9,16.5,18.8,58.7,5.6
186,Jackson Vroman,NOK,25,6-10,220,Iowa State,USA,2004,2,31,41.0,1.8,2.1,0.3,3.2,8.5,14.4,12.1,42.8,4.2
187,Jacque Vaughn,NJN,31,6-1,190,Kansas,USA,1997,1,27,80.0,3.4,1.1,1.5,-6.8,1.4,6.3,12.4,48.8,18.2
188,Jake Tsakalidis,MEM,27,7-2,290,None,Greece,2000,1,25,51.0,5.0,4.2,0.3,9.2,12.5,19.2,15.9,63.2,3.0
189,Jake Voskuhl,CHA,28,6-11,255,Connecticut,USA,2000,2,33,51.0,5.3,3.6,0.8,-0.4,7.1,16.4,17.1,47.0,8.0
190,Jalen Rose,NYK,33,6-8,215,Michigan,USA,1994,1,13,72.0,12.3,2.9,2.5,-7.3,1.5,10.3,21.3,53.8,15.8
191,Jamaal Magloire,MIL,28,6-11,259,Kentucky,Canada,2000,1,19,82.0,9.2,9.5,0.7,-1.8,9.6,24.4,17.4,49.4,3.6
192,Jamaal Tinsley,IND,28,6-3,185,Iowa State,USA,2001,1,27,42.0,9.3,3.2,5.0,0.6,3.2,8.7,21.9,45.8,33.6
193,Jamal Crawford,NYK,26,6-5,190,Michigan,USA,2000,1,8,79.0,14.3,3.1,3.8,-6.1,1.5,9.2,20.9,54.4,21.2
194,Jamal Sampson,SAC,23,6-11,235,California,USA,2002,2,46,12.0,0.8,1.5,0.4,7.4,12.2,33.3,8.4,63.5,23.8
195,Jameer Nelson,ORL,24,6-0,190,St. Joseph's (PA),USA,2004,1,20,62.0,14.6,2.9,4.9,1.8,2.5,8.4,24.4,56.7,29.7
196,James Jones,PHX,25,6-8,220,Miami,USA,2003,2,49,75.0,9.3,3.4,0.8,5.7,2.6,11.4,16.6,55.1,4.4
197,James Posey,MIA,29,6-8,217,Xavier,USA,1999,1,18,67.0,7.2,4.8,1.3,6.0,1.9,15.1,11.4,57.2,6.6
198,James Singleton,LAC,24,6-8,215,Murray State,USA,Undrafted,Undrafted,Undrafted,59.0,3.4,3.3,0.5,-1.7,9.1,18.4,12.1,58.7,5.9
199,James Thomas,CHI,25,6-9,245,Texas-Austin,USA,Undrafted,Undrafted,Undrafted,22.0,1.3,1.8,0.0,3.9,8.0,17.9,9.2,55.6,1.1
200,Jannero Pargo,CHI,26,6-1,175,Arkansas,USA,Undrafted,Undrafted,Undrafted,57.0,4.8,1.1,1.6,-0.3,1.2,7.9,23.9,45.5,26.6
201,Jared Jeffries,WAS,24,6-11,240,Indiana,USA,2002,1,11,77.0,6.4,4.9,1.9,2.3,8.3,11.4,13.3,50.0,11.4
202,Jarrett Jack,POR,22,6-3,202,Georgia Tech,USA,2005,1,22,79.0,6.7,2.0,2.8,-12.8,1.2,9.3,17.3,52.8,24.9
203,Jarron Collins,UTA,27,6-11,255,Stanford,USA,2001,2,52,79.0,5.3,4.2,1.2,0.1,8.1,12.8,11.8,55.1,9.6
204,Jarvis Hayes,WAS,24,6-8,220,Georgia,USA,2003,1,10,21.0,9.3,3.6,1.3,1.0,3.4,11.2,18.0,49.9,8.7
205,Jason Collins,NJN,27,7-0,255,Stanford,USA,2001,1,18,71.0,3.6,4.8,1.0,4.8,5.1,13.8,9.0,42.5,5.6
206,Jason Hart,SAC,28,6-3,185,Syracuse,USA,2000,2,49,66.0,3.3,1.1,1.1,-3.3,1.6,7.3,16.4,44.4,15.2
207,Jason Kapono,MIA,25,6-8,215,UCLA,USA,2003,2,31,51.0,4.1,1.4,0.7,-6.7,1.8,9.1,13.9,54.0,9.4
208,Jason Kidd,NJN,33,6-4,210,California,USA,1994,1,2,80.0,13.3,7.3,8.4,4.3,3.0,17.4,18.4,52.6,36.9
209,Jason Maxiell,DET,23,6-7,260,Cincinnati,USA,2005,1,26,26.0,2.3,1.1,0.1,-29.7,7.4,10.7,21.6,41.4,3.1
210,Jason Richardson,GSW,25,6-6,225,Michigan State,USA,2001,1,5,75.0,23.2,5.8,3.1,1.1,3.5,11.6,27.5,53.8,14.9
211,Jason Terry,DAL,28,6-2,180,Arizona,USA,1999,1,10,80.0,17.1,2.0,3.8,9.0,1.2,4.8,21.9,57.5,18.9
212,Jason Williams,MIA,30,6-1,180,Florida,USA,1998,1,7,59.0,12.3,2.4,4.9,5.9,0.4,7.0,18.1,56.1,23.4
213,Jeff Foster,IND,29,6-11,250,Southwest Texas State,USA,1999,1,21,63.0,5.9,9.1,0.8,2.7,14.6,22.7,11.0,58.1,5.0
214,Jeff McInnis,NJN,31,6-4,179,North Carolina,USA,1996,2,37,28.0,5.3,1.8,1.9,-18.3,2.4,8.7,17.5,47.8,21.2
215,Jermaine Jackson,MIL,30,6-5,204,Detroit,USA,Undrafted,Undrafted,Undrafted,30.0,1.2,0.9,0.8,-25.3,4.3,9.5,9.7,54.4,21.7
216,Jermaine O'Neal,IND,27,6-11,260,None,USA,1996,1,17,51.0,20.1,9.3,2.6,3.3,6.1,20.4,28.9,53.0,14.8
217,Jerome James,NYK,30,7-1,280,Florida A&M,USA,1998,2,36,45.0,3.0,2.0,0.3,-16.7,9.7,14.2,20.5,49.4,5.8
218,Jerry Stackhouse,DAL,31,6-6,218,North Carolina,USA,1995,1,3,55.0,13.0,2.8,2.9,4.3,2.2,8.2,24.2,51.1,18.6
219,Jim Jackson,LAL,35,6-6,220,Ohio State,USA,1992,1,4,40.0,3.0,1.9,0.9,-0.4,2.1,11.2,16.8,36.5,9.9
220,Jiri Welsch,MIL,26,6-7,208,None,Czech Republic,2002,1,16,58.0,4.3,1.9,1.1,-10.7,2.5,11.2,15.4,48.2,12.2
221,Joe Johnson,ATL,25,6-7,230,Arkansas,USA,2001,1,10,82.0,20.2,4.1,6.5,-6.1,3.0,7.8,24.1,53.7,29.0
222,Joe Smith,MIL,30,6-10,225,Maryland,USA,1995,1,1,44.0,8.6,5.2,0.7,-0.8,9.5,18.7,19.8,53.3,5.8
223,Joel Przybilla,POR,26,7-1,255,Minnesota,USA,2000,1,9,56.0,6.1,7.0,0.8,-9.3,11.1,18.8,13.1,56.1,4.9
224,Joey Graham,TOR,24,6-7,225,Oklahoma State,USA,2005,1,16,80.0,6.7,3.1,0.8,-4.8,3.8,12.5,16.4,56.4,6.1
225,Johan Petro,SEA,20,7-0,247,None,France,2005,1,25,68.0,5.2,4.4,0.2,-5.1,8.9,15.5,14.0,53.0,1.8
226,John Edwards,ATL,24,7-0,275,Kent State,USA,Undrafted,Undrafted,Undrafted,40.0,1.8,1.2,0.1,-14.7,6.5,11.1,12.2,50.8,2.8
227,John Lucas III,HOU,23,5-11,180,Oklahoma State,USA,Undrafted,Undrafted,Undrafted,13.0,2.3,0.4,0.9,-6.9,1.7,3.3,17.6,41.7,20.0
228,John Salmons,PHI,26,6-6,207,Miami,USA,2002,1,26,82.0,7.5,2.7,2.7,-4.1,2.4,8.7,15.9,50.8,17.2
229,John Thomas,NJN,30,6-9,265,Minnesota,USA,1997,1,25,16.0,0.9,1.3,0.1,-5.1,9.6,9.4,9.1,44.7,2.6
230,Jon Barry,HOU,36,6-5,210,Georgia Tech,USA,1992,1,21,20.0,4.3,1.6,1.3,-8.0,0.3,9.0,13.3,55.3,12.9
231,Jonathan Bender,IND,25,7-0,219,None,USA,1999,1,5,2.0,5.0,2.0,1.0,-14.2,0.0,23.5,14.6,85.0,16.7
232,Jose Calderon,TOR,24,6-3,210,None,Spain,Undrafted,Undrafted,Undrafted,64.0,5.5,2.2,4.5,-3.2,2.1,7.9,13.8,49.5,30.1
233,Josh Childress,ATL,23,6-8,210,Stanford,USA,2004,1,6,74.0,10.0,5.2,1.8,-4.9,6.3,11.9,13.7,62.6,9.5
234,Josh Davis,PHX,25,6-8,242,Wyoming,USA,Undrafted,Undrafted,Undrafted,6.0,1.0,0.7,0.2,-36.1,12.0,5.6,19.1,36.1,12.5
235,Josh Howard,DAL,26,6-7,210,Wake Forest,USA,2003,1,29,59.0,15.6,6.3,1.9,9.3,7.0,13.8,22.5,53.6,10.0
236,Josh Powell,DAL,23,6-9,225,North Carolina State,USA,Undrafted,Undrafted,Undrafted,37.0,3.0,2.2,0.2,-0.2,7.7,13.4,13.2,54.6,3.4
237,Josh Smith,ATL,20,6-9,225,None,USA,2004,1,17,80.0,11.3,6.6,2.4,-5.7,7.0,14.6,18.7,50.0,12.4
238,Juan Dixon,POR,27,6-3,164,Maryland,USA,2002,1,17,76.0,12.3,2.3,2.0,-9.1,1.6,8.2,24.2,51.6,14.4
239,Julius Hodge,DEN,22,6-7,210,North Carolina State,USA,2005,1,20,14.0,0.9,0.5,0.4,6.4,15.2,5.4,31.3,39.3,33.3
240,Jumaine Jones,CHA,27,6-8,218,Georgia,USA,1999,1,27,76.0,10.5,4.9,0.8,-6.0,4.7,14.3,17.9,50.6,5.0
241,Justin Reed,MIN,24,6-8,240,Mississippi,USA,2004,2,40,72.0,4.5,1.7,0.6,-7.2,5.6,7.3,18.3,46.7,7.2
242,Juwan Howard,HOU,33,6-9,230,Michigan,USA,1994,1,5,80.0,11.8,6.7,1.4,-5.4,6.8,14.8,19.8,49.9,8.4
243,Kareem Rush,CHA,25,6-6,215,Missouri,USA,2002,1,20,47.0,10.1,2.2,1.1,-7.9,1.5,8.3,22.1,47.1,7.9
244,Keith Bogans,HOU,26,6-5,215,Kentucky,USA,2003,2,43,72.0,8.6,3.5,1.8,-5.7,2.9,10.9,16.9,49.7,11.7
245,Keith McLeod,UTA,26,6-2,190,Bowling Green,USA,Undrafted,Undrafted,Undrafted,66.0,5.6,1.2,2.3,-5.1,1.0,6.4,18.0,46.4,21.9
246,Keith Van Horn,DAL,30,6-10,245,Utah,USA,1997,1,2,53.0,8.9,3.6,0.7,4.4,5.2,13.0,21.1,54.0,6.0
247,Kelvin Cato,DET,31,6-11,275,Iowa State,USA,1997,1,15,27.0,3.6,2.6,0.1,-8.1,6.2,16.2,16.4,49.3,2.2
248,Kendrick Perkins,BOS,21,6-10,280,None,USA,2003,1,27,68.0,5.2,5.9,1.0,-1.7,11.5,21.2,14.5,54.8,8.1
249,Kenny Thomas,SAC,28,6-7,245,New Mexico,USA,1999,1,22,82.0,9.1,7.5,2.0,-0.8,8.9,18.8,16.3,53.9,12.2
250,Kenyon Martin,DEN,28,6-9,240,Cincinnati,USA,2000,1,1,56.0,12.9,6.3,1.4,2.0,6.4,17.0,21.6,53.3,8.6
251,Kevin Burleson,CHA,27,6-3,205,Minnesota,USA,Undrafted,Undrafted,Undrafted,39.0,1.8,0.7,1.2,0.6,1.1,7.1,15.1,36.7,24.2
252,Kevin Garnett,MIN,30,6-11,220,None,USA,1995,1,5,76.0,21.8,12.7,4.1,1.1,8.1,26.0,25.2,58.9,19.4
253,Kevin Martin,SAC,23,6-7,185,Western Carolina,USA,2004,1,26,72.0,10.8,3.6,1.3,1.2,3.2,10.7,16.9,60.4,8.5
254,Kevin Ollie,PHI,33,6-2,195,Connecticut,USA,Undrafted,Undrafted,Undrafted,70.0,2.7,1.4,1.4,-8.1,1.3,8.5,9.6,49.1,15.4
255,Keyon Dooling,ORL,26,6-3,195,Missouri,USA,2000,1,10,50.0,9.4,1.6,2.2,2.3,1.1,5.9,22.2,51.3,16.6
256,Kirk Hinrich,CHI,25,6-3,190,Kansas,USA,2003,1,7,81.0,15.9,3.6,6.3,0.0,1.0,8.7,21.2,52.8,28.9
257,Kirk Snyder,NOK,23,6-6,225,Nevada-Reno,USA,2004,1,16,68.0,8.0,2.4,1.5,1.0,4.5,8.8,20.4,53.7,13.0
258,Kobe Bryant,LAL,27,6-6,220,None,USA,1996,1,13,80.0,35.4,5.3,4.5,4.7,2.2,11.2,37.8,55.9,22.8
259,Kris Humphries,UTA,21,6-9,235,Minnesota,USA,2004,1,14,62.0,3.0,2.5,0.5,-6.1,8.7,17.6,18.7,40.6,9.0
260,Kurt Thomas,PHX,33,6-9,235,TCU,USA,1995,1,10,53.0,8.6,7.8,1.1,9.2,7.6,21.1,15.6,52.7,5.7
261,Kwame Brown,LAL,24,6-11,248,None,USA,2001,1,1,72.0,7.4,6.6,1.0,2.5,9.6,15.2,13.6,54.5,5.6
262,Kyle Korver,PHI,25,6-6,211,Creighton,USA,2003,2,51,82.0,11.5,3.3,2.0,-1.5,1.1,9.9,15.5,57.7,10.1
263,Lamar Odom,LAL,26,6-10,230,Rhode Island,USA,1999,1,4,80.0,14.8,9.2,5.5,3.8,5.8,17.6,17.9,55.8,22.0
264,Lamond Murray,NJN,33,6-7,235,California,USA,1994,1,7,57.0,3.4,2.3,0.2,-4.4,5.3,18.8,17.7,49.3,4.2
265,Laron Profit,LAL,28,6-5,204,Maryland,USA,1999,2,38,25.0,4.2,1.7,0.6,-6.9,2.9,12.7,19.0,55.0,10.4
266,Larry Hughes,CLE,27,6-5,184,St. Louis,USA,1998,1,8,36.0,15.5,4.5,3.6,1.5,2.1,11.1,23.4,50.4,17.4
267,Lawrence Roberts,MEM,23,6-9,240,Mississippi State,USA,2005,2,55,33.0,1.5,1.5,0.2,-0.2,14.9,13.1,14.1,47.1,4.8
268,LeBron James,CLE,21,6-8,240,None,USA,2003,1,1,79.0,31.4,7.0,6.6,3.8,2.3,15.0,32.9,56.8,31.5
269,Leandro Barbosa,PHX,23,6-3,188,None,Brazil,2003,1,28,57.0,13.1,2.6,2.8,3.1,2.0,7.2,19.7,58.9,14.3
270,Lee Nailon,PHI,31,6-9,241,TCU,USA,1999,2,43,22.0,4.2,1.9,0.3,0.7,10.1,8.4,17.8,53.7,4.8
271,Linas Kleiza,DEN,21,6-8,245,Missouri,Lithuania,2005,1,27,61.0,3.5,1.9,0.2,-1.3,6.9,15.1,18.3,51.0,4.7
272,Lindsey Hunter,DET,35,6-2,195,Jackson State,USA,1993,1,10,30.0,2.9,1.3,2.1,5.2,2.8,8.8,15.7,42.7,28.3
273,Linton Johnson,NOK,26,6-8,225,Tulane,USA,Undrafted,Undrafted,Undrafted,36.0,4.3,3.4,0.4,-4.4,7.9,17.3,16.4,47.6,4.2
274,Lonny Baxter,CHA,27,6-8,260,Maryland,USA,2002,2,43,41.0,2.9,2.9,0.1,2.0,11.4,19.8,15.2,49.4,1.7
275,Loren Woods,TOR,28,7-2,260,Arizona,USA,2001,2,45,27.0,2.3,4.1,0.1,-0.9,13.4,21.6,11.1,47.6,1.8
276,Lorenzen Wright,MEM,30,6-11,240,Memphis,USA,1996,1,7,78.0,5.8,5.1,0.6,4.9,9.1,16.3,14.9,49.6,4.9
277,Lou Williams,PHI,19,6-1,175,None,USA,2005,2,45,30.0,1.9,0.6,0.3,-6.0,2.2,11.9,21.8,48.5,12.0
278,Luke Jackson,CLE,24,6-7,215,Oregon,USA,2004,1,10,36.0,2.7,1.1,0.7,-5.9,4.9,8.3,17.6,48.2,13.7
279,Luke Ridnour,SEA,25,6-1,167,Oregon,USA,2003,1,14,79.0,11.5,3.0,7.0,-4.4,1.8,7.8,17.7,50.6,31.2
280,Luke Schenscher,CHI,24,7-1,265,Georgia Tech,USA,Undrafted,Undrafted,Undrafted,20.0,1.8,1.5,0.4,1.8,5.1,14.4,10.9,56.7,7.2
281,Luke Walton,LAL,26,6-8,232,Arizona,USA,2003,2,32,69.0,5.0,3.6,2.3,1.9,6.7,12.5,14.8,47.7,18.9
282,Luol Deng,CHI,21,6-9,220,Duke,United Kingdom,2004,1,7,78.0,14.3,6.6,1.9,2.3,4.8,14.5,20.2,51.7,9.5
283,Luther Head,HOU,23,6-3,185,Illinois,USA,2005,1,24,80.0,8.8,3.3,2.7,-1.3,1.5,10.2,16.3,51.7,16.7
284,Maciej Lampe,HOU,21,6-11,275,None,Poland,2003,2,30,6.0,0.7,1.5,0.3,-7.2,14.8,21.7,23.4,16.8,13.3
285,Malik Allen,CHI,28,6-10,255,Villanova,USA,Undrafted,Undrafted,Undrafted,54.0,4.9,2.6,0.4,3.0,5.9,13.1,18.3,50.4,4.7
286,Malik Rose,NYK,31,6-7,255,Drexel,USA,1996,2,44,72.0,4.4,3.6,0.9,-11.5,7.7,17.8,16.9,46.6,9.9
287,Manu Ginobili,SAS,28,6-6,205,None,Argentina,1999,2,57,65.0,15.1,3.5,3.6,11.4,2.5,10.8,23.8,59.3,21.5
288,Marc Jackson,NOK,31,6-10,253,Temple,USA,1997,2,37,64.0,6.5,3.4,0.7,-6.5,8.9,14.3,20.9,51.2,7.8
289,Marcus Banks,MIN,24,6-2,200,UNLV,USA,2003,1,13,58.0,10.0,2.3,3.8,-3.6,1.7,7.7,19.9,54.3,25.1
290,Marcus Camby,DEN,32,6-11,230,Massachusetts,USA,1996,1,2,56.0,12.8,11.9,2.1,1.4,7.3,27.6,18.9,49.9,9.9
291,Marcus Fizer,NOK,27,6-8,260,Iowa State,USA,2000,1,4,3.0,6.7,2.3,0.3,-17.8,2.9,18.8,23.8,55.9,5.0
292,Mario Kasun,ORL,26,7-1,260,None,Croatia,2002,2,40,28.0,2.9,2.1,0.1,-6.2,12.1,18.5,19.3,50.6,2.4
293,Mark Blount,MIN,30,7-0,250,Pittsburgh,USA,1997,2,54,81.0,11.3,4.5,1.2,-3.8,4.9,12.4,21.1,54.9,7.6
294,Mark Madsen,MIN,30,6-9,236,Stanford,USA,2000,1,29,62.0,1.2,2.3,0.2,-1.5,7.2,13.9,7.6,42.7,2.5
295,Marko Jaric,MIN,27,6-7,217,None,Serbia,2000,2,30,75.0,7.8,3.1,3.9,0.6,3.1,8.5,16.9,46.8,22.3
296,Marquis Daniels,DAL,25,6-6,200,Auburn,USA,Undrafted,Undrafted,Undrafted,62.0,10.2,3.6,2.8,5.4,5.0,8.4,18.0,53.5,16.2
297,Martell Webster,POR,19,6-7,210,None,USA,2005,1,6,61.0,6.6,2.1,0.6,-12.4,2.6,10.5,17.9,53.3,5.5
298,Martynas Andriuskevicius,CLE,20,7-2,240,None,Lithuania,2005,2,44,6.0,0.0,0.7,0.0,54.5,11.1,30.0,4.0,0.0,0.0
299,Marvin Williams,ATL,20,6-9,230,North Carolina,USA,2005,1,2,79.0,8.5,4.8,0.8,-2.8,6.4,14.2,16.1,52.3,5.2
300,Mateen Cleaves,SEA,28,6-2,210,Michigan State,USA,2000,1,14,27.0,2.7,0.5,1.6,-8.0,0.8,5.5,18.0,44.8,31.8
301,Matt Barnes,PHI,26,6-7,225,UCLA,USA,2002,2,45,56.0,3.1,2.2,0.5,1.1,7.7,11.5,13.0,54.5,7.5
302,Matt Bonner,TOR,26,6-10,240,Florida,USA,2003,2,45,78.0,7.5,3.6,0.7,-3.3,5.2,13.1,14.2,58.2,5.3
303,Matt Carroll,CHA,25,6-6,212,Notre Dame,USA,Undrafted,Undrafted,Undrafted,78.0,7.6,2.0,0.4,-1.7,2.5,10.5,19.8,54.0,4.8
304,Matt Harpring,UTA,30,6-7,231,Georgia Tech,USA,1998,1,15,71.0,12.5,5.2,1.4,-3.0,8.5,11.5,21.4,54.2,9.5
305,Matt Walsh,MIA,23,6-6,220,Florida,USA,Undrafted,Undrafted,Undrafted,2.0,1.0,0.0,0.0,-146.7,0.0,0.0,30.0,53.2,0.0
306,Maurice Evans,DET,27,6-5,220,Texas,USA,Undrafted,Undrafted,Undrafted,80.0,5.0,2.0,0.8,1.5,6.6,8.1,16.0,54.5,8.8
307,Maurice Taylor,NYK,29,6-9,265,Michigan,USA,1997,1,14,67.0,6.3,3.4,0.8,-5.9,6.0,14.5,19.8,49.6,7.8
308,Mehmet Okur,UTA,27,6-11,249,None,Turkey,2001,2,37,82.0,18.0,9.1,2.4,-1.8,7.7,19.8,23.1,55.4,12.6
309,Melvin Ely,CHA,28,6-10,261,Fresno State,USA,2002,1,12,57.0,9.8,4.9,1.3,-2.5,6.8,14.6,20.1,55.0,10.0
310,Melvin Sanders,SAS,25,6-5,210,Oklahoma State,USA,Undrafted,Undrafted,Undrafted,16.0,2.6,1.4,0.2,-6.5,4.0,17.3,18.3,54.8,4.8
311,Metta World Peace,SAC,26,6-7,260,St. John's,USA,1999,1,16,56.0,17.6,5.1,3.6,8.0,3.6,9.8,23.4,49.1,15.7
312,Michael Bradley,PHI,27,6-10,245,Villanova,USA,2001,1,17,46.0,1.5,2.3,0.4,-8.7,10.8,19.0,12.0,41.7,8.5
313,Michael Doleac,MIA,29,6-11,262,Utah,USA,1998,1,12,31.0,3.2,2.7,0.3,-15.2,6.6,17.4,14.1,48.4,3.9
314,Michael Finley,SAS,33,6-7,225,Wisconsin,USA,1995,1,21,77.0,10.1,3.2,1.5,5.5,1.7,10.8,18.2,52.3,9.6
315,Michael Olowokandi,BOS,31,7-0,270,Pacific,Nigeria,1998,1,1,48.0,5.0,4.6,0.5,-5.2,6.1,20.1,16.9,45.6,4.4
316,Michael Redd,MIL,26,6-6,215,Ohio State,USA,2000,2,43,80.0,25.4,4.3,2.9,1.0,2.6,9.0,27.7,57.4,13.3
317,Michael Ruffin,WAS,29,6-8,248,Tulsa,USA,1999,2,32,76.0,1.4,3.6,0.4,-2.2,12.1,16.3,6.4,47.9,4.2
318,Michael Sweetney,CHI,23,6-8,270,Georgetown,USA,2003,1,9,66.0,8.1,5.3,0.9,-1.5,9.9,19.0,23.3,49.9,8.4
319,Mickael Pietrus,GSW,24,6-6,215,None,France,2003,1,11,52.0,9.3,3.1,0.8,-5.3,4.6,9.2,20.6,50.0,6.6
320,Mike Bibby,SAC,28,6-2,190,Arizona,USA,1998,1,2,82.0,21.1,2.9,5.4,2.6,1.0,6.7,24.9,55.4,24.4
321,Mike Dunleavy,GSW,25,6-9,230,Duke,USA,2002,1,3,81.0,11.5,4.9,2.9,-0.7,2.9,12.5,17.8,50.3,14.7
322,Mike James,TOR,31,6-2,190,Duquesne,USA,Undrafted,Undrafted,Undrafted,79.0,20.3,3.3,5.8,-2.3,1.6,8.4,24.5,58.3,27.6
323,Mike Miller,MEM,26,6-8,218,Florida,USA,2000,1,5,74.0,13.7,5.4,2.7,1.9,2.0,16.8,20.6,59.5,17.1
324,Mike Wilks,SEA,27,5-10,180,Rice,USA,Undrafted,Undrafted,Undrafted,47.0,1.8,0.8,0.7,1.0,2.6,8.5,16.9,39.8,15.8
325,Mikki Moore,SEA,30,7-0,223,Nebraska,USA,Undrafted,Undrafted,Undrafted,47.0,3.3,2.8,0.6,0.3,7.8,15.5,14.6,50.9,6.9
326,Milt Palacio,UTA,28,6-4,210,Colorado State,Belize,Undrafted,Undrafted,Undrafted,71.0,6.2,1.9,2.7,-3.0,1.3,9.1,19.2,47.0,25.7
327,Mo Williams,MIL,23,6-1,185,Alabama,USA,2003,2,47,58.0,12.1,2.5,4.0,-3.1,1.9,8.2,22.4,51.8,25.9
328,Monta Ellis,GSW,20,6-3,177,None,USA,2005,2,40,49.0,6.8,2.1,1.6,0.5,2.3,9.3,19.1,48.6,15.2
329,Moochie Norris,NOK,32,6-1,185,West Florida,USA,1996,2,33,45.0,2.8,1.2,1.1,-6.1,2.9,10.6,17.8,47.9,21.5
330,Morris Peterson,TOR,28,6-7,220,Michigan State,USA,2000,1,21,82.0,16.8,4.6,2.3,-3.8,2.1,11.5,19.6,56.1,10.0
331,Nate Robinson,NYK,22,5-9,180,Washington,USA,2005,1,21,72.0,9.3,2.3,2.0,-2.0,3.9,7.6,22.2,51.2,17.0
332,Nazr Mohammed,SAS,28,6-10,250,Kentucky,USA,1998,1,29,80.0,6.2,5.2,0.5,5.0,12.7,19.3,17.5,56.0,4.7
333,Nenad Krstic,NJN,22,7-0,240,None,Serbia,2002,1,24,80.0,13.5,6.4,1.1,6.5,7.8,14.2,21.4,54.1,6.3
334,Nene,DEN,23,6-11,268,None,Brazil,2002,1,7,1.0,0.0,0.0,0.0,-100.0,0.0,0.0,42.9,0.0,0.0
335,Nick Collison,SEA,25,6-9,255,Kansas,USA,2003,1,12,66.0,7.5,5.6,1.1,1.1,10.2,16.8,15.7,55.6,7.9
336,Nick Van Exel,SAS,34,6-1,190,Cincinnati,USA,1993,2,37,65.0,5.5,1.4,1.9,-0.2,0.6,8.9,19.9,49.2,22.0
337,Nikoloz Tskitishvili,PHX,23,7-0,225,None,Georgia,2002,1,5,17.0,2.1,1.3,0.2,-16.6,7.8,11.8,20.6,41.7,5.7
338,Noel Felix,SEA,24,6-9,225,Fresno State,USA,Undrafted,Undrafted,Undrafted,12.0,1.5,1.1,0.2,1.2,3.7,12.8,19.7,31.6,4.3
339,Orien Greene,BOS,24,6-4,208,Louisiana-Lafayette,USA,2005,2,53,80.0,3.2,1.8,1.6,-2.8,3.1,9.1,14.2,44.9,17.8
340,Othella Harrington,CHI,32,6-9,235,Georgetown,USA,1996,2,30,72.0,4.8,2.1,0.5,1.6,6.6,12.3,21.1,53.0,7.9
341,P.J. Brown,NOK,36,6-11,239,Louisiana Tech,USA,1992,2,29,75.0,9.0,7.3,1.2,-3.2,7.9,16.7,14.5,51.5,6.2
342,Pape Sow,TOR,24,6-10,250,California State-Fullerton,Senegal,2004,2,47,42.0,3.5,3.5,0.2,-10.6,9.3,18.5,13.5,49.6,2.2
343,Pat Burke,PHX,32,6-11,250,Auburn,Ireland,Undrafted,Undrafted,Undrafted,42.0,3.4,1.7,0.4,-6.4,6.0,13.1,20.7,51.7,7.1
344,Pat Garrity,ORL,29,6-9,238,Notre Dame,USA,1998,1,19,57.0,4.9,1.9,0.7,-2.4,3.6,9.0,14.4,54.6,7.1
345,Pau Gasol,MEM,25,7-0,240,None,Spain,2001,1,3,80.0,20.4,8.9,4.6,5.1,6.7,17.6,26.1,55.5,23.4
346,Paul Pierce,BOS,28,6-6,230,Kansas,USA,1998,1,10,79.0,26.8,6.7,4.7,-0.7,2.8,15.3,30.7,58.2,22.4
347,Pavel Podkolzin,DAL,21,7-5,260,None,Russia,2004,1,21,1.0,3.0,7.0,0.0,5.9,0.0,36.8,18.4,32.3,0.0
348,Peja Stojakovic,IND,29,6-10,229,None,Serbia,1996,1,14,71.0,18.2,5.8,1.9,1.1,3.2,13.0,21.3,57.0,8.9
349,Primoz Brezec,CHA,26,7-1,252,None,Slovenia,2000,1,27,79.0,12.4,5.6,0.6,-8.1,8.0,13.6,19.9,55.2,3.7
350,Quentin Richardson,NYK,26,6-6,230,DePaul,USA,2000,1,18,55.0,8.2,4.2,1.6,-10.3,4.6,12.3,17.2,45.2,10.5
351,Quinton Ross,LAC,25,6-6,193,Southern Methodist,USA,Undrafted,Undrafted,Undrafted,67.0,4.7,2.5,1.2,4.7,2.8,8.4,11.8,46.5,7.7
352,Qyntel Woods,NYK,25,6-8,220,Northeast Mississippi CC,USA,2002,1,21,49.0,6.7,3.9,1.0,-3.7,4.7,16.0,15.4,57.2,8.0
353,Raef LaFrentz,BOS,30,6-11,245,Kansas,USA,1998,1,3,82.0,7.8,5.0,1.4,-0.5,4.2,16.8,14.4,54.6,8.7
354,Rafael Araujo,TOR,25,6-11,280,Brigham Young,Brazil,2004,1,8,52.0,2.3,2.8,0.3,-8.9,7.2,19.5,15.1,38.5,3.8
355,Rafer Alston,HOU,29,6-2,170,Fresno State,USA,1998,2,39,63.0,12.1,4.0,6.7,-2.0,1.5,9.2,18.5,47.5,30.0
356,Raja Bell,PHX,29,6-5,210,Florida International,U.S. Virgin Islands,Undrafted,Undrafted,Undrafted,79.0,14.7,3.2,2.6,6.0,1.6,6.9,16.3,58.4,9.8
357,Randy Holcomb,CHI,26,6-9,220,San Diego State,USA,2002,2,56,4.0,0.5,0.3,0.0,-10.2,16.7,0.0,4.3,100,0.0
358,Randy Livingston,CHI,31,6-4,209,Louisiana State,USA,1996,2,42,5.0,0.0,0.8,0.2,20.3,3.8,12.0,5.4,0.0,5.3
359,Rashad McCants,MIN,21,6-4,207,North Carolina,USA,2005,1,14,79.0,7.9,1.8,0.8,-4.2,2.3,8.2,22.8,53.9,8.8
360,Rashard Lewis,SEA,26,6-10,215,None,USA,1998,2,32,78.0,20.1,5.0,2.3,-3.7,3.9,10.6,22.8,58.5,10.6
361,Rasheed Wallace,DET,31,6-11,230,North Carolina,USA,1995,1,4,80.0,15.1,6.8,2.3,12.4,3.4,17.3,21.2,52.7,10.9
362,Rasho Nesterovic,SAS,30,7-0,255,None,Slovenia,1998,1,17,80.0,4.5,3.9,0.4,8.7,8.4,12.8,12.5,52.1,3.3
363,Rasual Butler,NOK,27,6-7,205,La Salle,USA,2002,2,52,79.0,8.7,2.9,0.5,-1.7,2.8,10.6,18.4,50.1,3.7
364,Rawle Marshall,DAL,24,6-7,190,Oakland,USA,Undrafted,Undrafted,Undrafted,23.0,3.1,1.3,0.4,-3.7,3.7,9.7,16.8,48.8,7.0
365,Ray Allen,SEA,30,6-5,205,Connecticut,USA,1996,1,5,78.0,25.1,4.3,3.7,-0.6,2.5,9.4,26.9,59.0,16.6
366,Raymond Felton,CHA,22,6-1,198,North Carolina,USA,2005,1,5,80.0,11.9,3.3,5.6,-2.6,3.1,8.6,21.0,48.3,29.8
367,Reece Gaines,MIL,25,6-6,205,Louisville,USA,2003,1,15,12.0,1.1,0.0,0.3,-21.7,0.0,0.0,13.4,47.2,11.1
368,Reggie Evans,DEN,26,6-8,245,Iowa,USA,Undrafted,Undrafted,Undrafted,67.0,5.6,7.5,0.6,-7.4,12.1,26.8,14.3,51.9,4.2
369,Richard Hamilton,DET,28,6-7,193,Connecticut,USA,1999,1,7,80.0,20.1,3.2,3.4,9.6,3.2,6.4,27.2,55.3,18.3
370,Richard Jefferson,NJN,26,6-7,225,Arizona,USA,2001,1,13,78.0,19.5,6.8,3.8,3.8,3.2,14.9,21.7,60.3,17.5
371,Richie Frahm,HOU,28,6-5,210,Gonzaga,USA,Undrafted,Undrafted,Undrafted,33.0,3.3,1.0,0.6,-0.9,0.9,9.3,14.5,51.7,9.7
372,Rick Brunson,HOU,34,6-4,190,Temple,USA,Undrafted,Undrafted,Undrafted,27.0,2.0,0.8,1.3,-7.7,0.5,8.3,15.4,45.5,24.3
373,Ricky Davis,MIN,26,6-7,195,Iowa,USA,1998,1,21,78.0,19.4,4.5,5.1,-0.8,2.2,9.0,23.6,52.1,21.1
374,Robert Horry,SAS,35,6-10,240,Alabama,USA,1992,1,11,63.0,5.1,3.8,1.3,9.8,6.5,15.2,14.4,49.9,10.6
375,Robert Swift,SEA,20,7-0,245,None,USA,2004,1,12,47.0,6.4,5.6,0.2,-3.0,9.9,17.6,14.6,53.6,1.2
376,Robert Whaley,UTA,24,6-10,260,Walsh,USA,2005,2,51,23.0,2.1,1.9,0.7,-8.4,7.3,12.9,15.4,41.1,13.8
377,Ronald Dupree,MIN,25,6-7,209,Louisiana State,USA,Undrafted,Undrafted,Undrafted,36.0,2.2,1.4,0.4,-10.9,7.6,11.1,16.5,49.4,9.2
378,Ronnie Price,SAC,23,6-2,190,Utah Valley,USA,Undrafted,Undrafted,Undrafted,29.0,2.1,0.5,0.4,-12.1,3.2,6.3,21.2,47.4,15.3
379,Ronny Turiaf,LAL,23,6-10,249,Gonzaga,France,2005,2,37,23.0,2.0,1.6,0.3,-3.4,7.0,16.7,13.6,53.7,7.8
380,Royal Ivey,ATL,24,6-3,200,Texas-Austin,USA,2004,2,37,73.0,3.6,1.3,1.0,-6.6,3.2,7.8,13.7,46.7,11.9
381,Ruben Patterson,DEN,30,6-5,223,Cincinnati,USA,1998,2,31,71.0,12.1,3.4,1.8,-5.3,6.9,7.2,23.6,54.7,12.6
382,Ryan Bowen,HOU,30,6-9,220,Iowa,USA,1998,2,55,68.0,1.3,1.3,0.4,-6.8,4.8,8.9,10.1,33.8,6.2
383,Ryan Gomes,BOS,23,6-7,250,Providence,USA,2005,2,50,61.0,7.6,4.9,1.0,0.2,8.1,15.1,15.9,54.8,6.9
384,Salim Stoudamire,ATL,23,6-1,179,Arizona,USA,2005,2,31,61.0,9.7,1.9,1.2,-5.4,1.0,8.9,21.8,54.5,10.7
385,Sam Cassell,LAC,36,6-3,185,Florida State,USA,1993,1,24,78.0,17.2,3.7,6.3,3.9,1.6,9.1,24.4,53.4,31.0
386,Samaki Walker,IND,30,6-9,260,Louisville,USA,1996,1,9,7.0,0.3,0.4,0.0,-29.2,0.0,14.3,10.2,34.7,0.0
387,Samuel Dalembert,PHI,26,6-11,250,Seton Hall,Haiti,2001,1,26,66.0,7.3,8.2,0.4,-1.6,9.5,22.3,13.9,56.8,2.2
388,Sarunas Jasikevicius,IND,30,6-4,197,Maryland,Lithuania,Undrafted,Undrafted,Undrafted,75.0,7.3,2.0,3.0,1.0,1.2,8.4,17.1,56.1,25.7
389,Sasha Pavlovic,CLE,22,6-7,210,None,Montenegro,2003,1,19,53.0,4.5,1.5,0.5,1.0,2.0,8.6,15.3,51.6,5.1
390,Sasha Vujacic,LAL,22,6-7,195,None,Slovenia,2004,1,27,82.0,3.9,1.9,1.7,1.3,2.3,9.1,11.9,47.9,15.2
391,Scot Pollard,IND,31,6-11,265,Kansas,USA,1997,1,19,45.0,3.8,4.8,0.5,4.8,10.0,19.4,11.5,49.5,4.6
392,Scott Padgett,NJN,30,6-9,240,Kentucky,USA,1999,1,28,62.0,3.4,2.7,0.7,-7.0,7.9,16.3,15.3,48.9,10.4
393,Sean Marks,SAS,30,6-10,250,California,New Zealand,1998,2,44,25.0,3.2,1.7,0.3,-10.7,7.1,19.1,20.5,53.1,7.4
394,Sean May,CHA,22,6-9,266,North Carolina,USA,2005,1,13,23.0,8.2,4.7,1.0,-2.8,9.7,18.0,24.3,47.4,10.5
395,Sebastian Telfair,POR,21,6-0,160,None,USA,2004,1,13,68.0,9.5,1.8,3.6,-10.1,1.2,6.7,21.7,49.1,27.3
396,Sergei Monia,SAC,23,6-8,220,None,Russia,2004,1,23,26.0,3.0,2.0,0.7,-23.8,3.3,13.4,13.9,41.3,9.1
397,Shandon Anderson,MIA,32,6-6,215,Georgia,USA,1996,2,54,48.0,2.6,1.7,0.6,0.4,3.2,10.2,11.5,47.0,7.2
398,Shane Battier,MEM,27,6-8,220,Duke,USA,2001,1,6,81.0,10.1,5.3,1.7,7.0,6.3,9.7,13.5,57.4,8.1
399,Shaquille O'Neal,MIA,34,7-1,325,Louisiana State,USA,1992,1,1,59.0,20.0,9.2,1.9,7.6,10.8,21.0,29.6,58.6,11.1
400,Shareef Abdur-Rahim,SAC,29,6-9,245,California,USA,1996,1,3,72.0,12.3,5.0,2.1,4.4,5.7,13.3,19.9,58.8,13.0
401,Sharrod Ford,PHX,24,6-9,235,Clemson,USA,Undrafted,Undrafted,Undrafted,3.0,1.3,1.0,0.0,-39.3,11.1,11.8,15.2,66.7,0.0
402,Shaun Livingston,LAC,20,6-7,182,None,USA,2004,1,4,61.0,5.8,3.0,4.5,-1.6,2.8,9.2,14.8,46.0,28.3
403,Shavlik Randolph,PHI,22,6-10,240,Duke,USA,Undrafted,Undrafted,Undrafted,57.0,2.3,2.3,0.3,4.2,11.9,16.0,13.6,51.1,6.2
404,Shawn Marion,PHX,28,6-7,228,UNLV,USA,1999,1,9,81.0,21.8,11.8,1.8,6.2,7.8,21.0,21.8,59.1,6.8
405,Slava Medvedenko,LAL,27,6-10,250,None,Ukraine,Undrafted,Undrafted,Undrafted,2.0,1.0,0.0,0.5,96.7,0.0,0.0,12.5,50.0,12.5
406,Smush Parker,LAL,25,6-4,180,Fordham,USA,Undrafted,Undrafted,Undrafted,82.0,11.5,3.3,3.7,3.9,1.4,8.7,16.2,54.8,16.5
407,Speedy Claxton,NOK,28,5-11,170,Hofstra,USA,2000,1,20,71.0,12.3,2.7,4.8,1.3,2.0,8.1,23.4,49.7,30.6
408,Stacey Augmon,ORL,37,6-8,213,UNLV,USA,1991,1,9,36.0,2.0,1.5,0.6,5.7,5.1,9.4,11.8,41.2,9.2
409,Stephen Graham,CLE,24,6-6,215,Oklahoma State,USA,Undrafted,Undrafted,Undrafted,22.0,2.6,1.2,0.3,2.8,2.7,13.5,17.9,47.9,6.3
410,Stephen Jackson,IND,28,6-8,218,Butler C.C. (KS),USA,1997,2,42,81.0,16.4,3.9,2.8,0.1,1.7,9.2,23.7,51.2,14.1
411,Stephon Marbury,NYK,29,6-2,205,Georgia Tech,USA,1996,1,4,60.0,16.3,2.9,6.4,-6.6,1.2,7.2,21.6,53.2,30.5
412,Steve Blake,POR,26,6-3,172,Maryland,USA,2003,2,38,68.0,8.2,2.1,4.5,-11.1,1.5,7.4,15.3,54.9,27.7
413,Steve Francis,NYK,29,6-3,200,Maryland,USA,1999,1,2,70.0,14.4,4.1,4.9,-5.5,3.4,9.6,22.2,53.4,25.7
414,Steve Nash,PHX,32,6-3,195,Santa Clara,Canada,1996,1,15,79.0,18.8,4.2,10.5,8.2,1.8,9.9,22.7,63.2,43.5
415,Steven Hunter,PHI,24,7-0,240,DePaul,USA,2001,1,15,69.0,6.1,3.9,0.2,-1.5,8.7,12.4,14.1,59.8,2.1
416,Stromile Swift,HOU,26,6-9,230,Louisiana State,USA,2000,1,2,66.0,8.9,4.4,0.4,-5.0,8.2,14.0,22.5,53.3,4.0
417,T.J. Ford,MIL,23,6-0,165,Texas-Austin,USA,2003,1,8,72.0,12.2,4.3,6.6,0.4,2.5,10.5,19.7,48.9,29.8
418,Tayshaun Prince,DET,26,6-9,215,Kentucky,USA,2002,1,23,82.0,14.1,4.2,2.3,12.5,3.7,8.8,19.6,52.4,10.6
419,Terence Morris,ORL,27,6-9,221,Maryland,USA,2001,2,33,22.0,1.6,1.7,0.2,0.0,3.4,18.5,13.2,34.8,3.4
420,Theo Ratliff,POR,33,6-10,235,Wyoming,USA,1995,1,18,55.0,4.9,5.1,0.5,-7.4,7.3,15.3,9.8,59.9,3.6
421,Tim Duncan,SAS,30,6-11,260,Wake Forest,US Virgin Islands,1997,1,1,80.0,18.6,11.0,3.2,9.5,9.1,23.9,27.4,52.3,16.2
422,Tim Thomas,PHX,29,6-10,240,Villanova,USA,1997,1,7,29.0,10.3,4.5,0.7,1.6,3.4,17.0,20.6,53.5,4.2
423,Toni Kukoc,MIL,37,6-11,235,None,Croatia,1990,2,29,65.0,4.9,2.3,2.1,-2.7,2.6,13.3,16.9,49.1,20.9
424,Tony Allen,BOS,24,6-4,213,Oklahoma State,USA,2004,1,25,51.0,7.2,2.2,1.3,-2.3,3.7,8.5,18.1,55.4,11.9
425,Tony Battie,ORL,30,6-11,240,Texas Tech,USA,1997,1,5,82.0,7.9,5.6,0.6,-2.9,7.5,14.9,15.0,53.1,3.5
426,Tony Delk,DET,32,6-2,189,Kentucky,USA,1996,1,16,24.0,7.6,2.2,1.4,-4.0,3.4,11.8,21.8,52.6,15.1
427,Tony Parker,SAS,24,6-2,177,None,France,2001,1,28,80.0,18.9,3.3,5.8,10.1,1.6,8.2,26.6,58.4,31.1
428,Tracy McGrady,HOU,27,6-8,210,None,USA,1997,1,9,47.0,24.4,6.5,4.8,1.6,2.7,15.3,33.8,49.4,26.8
429,Travis Diener,ORL,24,6-1,175,Marquette,USA,2005,2,38,23.0,3.8,0.9,0.7,-11.8,1.5,7.6,14.4,61.4,12.6
430,Travis Outlaw,POR,21,6-8,220,None,USA,2003,1,23,69.0,5.8,2.7,0.5,-12.3,4.3,12.3,18.0,49.1,5.5
431,Trenton Hassell,MIN,27,6-5,200,Austin Peay,USA,2001,2,29,77.0,9.2,2.8,2.6,-1.9,3.6,5.5,15.3,51.2,12.9
432,Trevor Ariza,ORL,20,6-8,210,UCLA,USA,2004,2,43,57.0,4.6,3.8,1.1,0.8,8.1,15.0,15.2,46.8,9.6
433,Troy Hudson,MIN,30,6-1,170,Southern Illinois,USA,Undrafted,Undrafted,Undrafted,36.0,9.5,1.2,2.9,-2.4,1.1,4.6,22.9,48.0,23.9
434,Troy Murphy,GSW,26,6-11,245,Notre Dame,USA,2001,1,14,74.0,14.0,10.0,1.4,-2.4,7.5,22.5,19.1,52.9,6.6
435,Tyronn Lue,ATL,29,6-0,178,Nebraska,USA,1998,1,23,51.0,11.0,1.6,3.1,-4.8,1.1,6.0,19.9,58.5,22.5
436,Tyson Chandler,CHI,23,7-1,235,None,USA,2001,1,2,79.0,5.3,9.0,1.0,3.0,12.6,20.9,10.4,56.7,5.6
437,Udonis Haslem,MIA,26,6-8,235,Florida,USA,Undrafted,Undrafted,Undrafted,81.0,9.3,7.8,1.2,5.9,7.5,19.0,13.8,55.8,5.7
438,Viktor Khryapa,POR,23,6-9,210,None,Russia,2004,1,22,69.0,5.8,4.4,1.3,-10.3,8.4,15.0,15.0,51.6,9.4
439,Vin Baker,LAC,34,6-11,240,Hartford,USA,1993,1,8,8.0,3.4,2.4,0.5,11.7,2.8,21.0,17.7,58.9,7.8
440,Vince Carter,NJN,29,6-6,220,North Carolina,USA,1998,1,5,79.0,24.2,5.8,4.3,5.8,4.8,11.6,31.6,53.6,23.5
441,Vitaly Potapenko,SAC,31,6-10,285,Wright State,Ukraine,1996,1,12,33.0,2.5,1.9,0.3,-10.0,8.0,13.7,12.3,53.5,4.1
442,Vladimir Radmanovic,LAC,25,6-10,234,None,Serbia,2001,1,12,77.0,9.8,4.6,1.8,-3.6,3.3,15.5,17.5,54.5,11.2
443,Von Wafer,LAL,20,6-5,210,Florida State,USA,2005,2,39,16.0,1.3,0.5,0.3,-15.4,5.7,3.9,25.6,24.1,11.4
444,Voshon Lenard,POR,33,6-4,215,Minnesota,USA,1994,2,46,26.0,7.3,1.8,1.6,-4.7,1.1,9.9,22.8,46.7,15.5
445,Wally Szczerbiak,BOS,29,6-7,244,Miami (Ohio),USA,1999,1,6,72.0,19.0,4.3,3.0,0.5,3.1,9.2,22.0,59.5,13.9
446,Walter McCarty,LAC,32,6-10,245,Kentucky,USA,1996,1,19,36.0,2.4,1.9,0.6,1.4,4.2,15.5,16.3,40.7,11.2
447,Wayne Simien,MIA,23,6-9,250,Kansas,USA,2005,1,29,43.0,3.4,2.0,0.2,-5.2,9.5,12.2,17.1,54.1,3.1
448,Will Bynum,GSW,23,6-0,185,Georgia Tech,USA,Undrafted,Undrafted,Undrafted,15.0,3.6,0.8,1.3,-17.1,1.7,5.7,19.1,45.7,21.8
449,Willie Green,PHI,24,6-2,201,Detroit,USA,2003,2,41,10.0,7.0,1.5,0.5,-8.4,0.7,8.6,24.1,51.3,6.5
450,Yao Ming,HOU,25,7-6,310,None,China,2002,1,1,57.0,22.3,10.2,1.5,2.2,8.3,22.3,29.3,59.2,9.2
451,Yaroslav Korolev,LAC,19,6-9,245,None,Russia,2005,1,12,24.0,1.1,0.5,0.4,-2.0,3.7,7.4,13.0,39.2,12.0
452,Zach Randolph,POR,24,6-9,253,Michigan State,USA,2001,1,19,74.0,18.0,8.0,1.9,-9.9,7.9,17.5,28.4,48.3,11.1
453,Zarko Cabarkapa,GSW,25,6-11,230,None,Serbia,2003,1,17,61.0,3.3,1.8,0.3,-9.1,7.0,16.6,21.6,47.2,6.9
454,Zaza Pachulia,ATL,22,6-11,265,None,Georgia,2003,2,42,78.0,11.7,7.9,1.7,-4.7,11.3,16.0,19.3,53.0,8.4
455,Zeljko Rebraca,LAC,34,7-0,265,None,Serbia,1994,2,54,29.0,4.7,2.2,0.3,-14.8,3.4,14.0,15.2,59.2,3.9
456,Zendon Hamilton,PHI,31,6-11,254,St. John's,USA,Undrafted,Undrafted,Undrafted,12.0,2.2,0.9,0.0,-22.4,6.8,25.0,26.2,59.3,0.0
457,Zoran Planinic,NJN,23,6-7,200,None,Croatia,2003,1,22,56.0,3.4,1.3,0.9,-6.0,2.5,10.8,20.1,45.0,17.9
458,Zydrunas Ilgauskas,CLE,31,7-3,260,None,Lithuania,1996,1,20,78.0,15.6,7.6,1.2,4.0,11.5,15.8,24.3,57.6,7.3
