,Player,Team,Age,Height,Weight,COLLEGE,COUNTRY,DRAFT YEAR,DRAFT ROUND,DRAFT NUMBER,GP,PTS,REB,AST,NETRTG,OREB%,DREB%,USG%,TS%,AST%
0,,,,,,,,,,,,,,,,,,,,
1,AJ Price,IND,25,6-2,185,Connecticut,USA,2009,2,52,44.0,3.9,1.4,2.0,1.2,2.1,9.2,17.1,45.4,26.4
2,Aaron Gray,TOR,27,7-0,270,Pittsburgh,USA,2007,2,49,49.0,3.9,5.7,0.6,-10.0,10.5,26.5,13.4,52.6,5.5
3,Al Harrington,DEN,32,6-9,250,None,USA,1998,1,25,64.0,14.2,6.1,1.4,5.0,4.2,18.1,24.1,53.5,8.3
4,Al Horford,ATL,26,6-10,250,Florida,Dominican Republic,2007,1,3,11.0,12.4,7.0,2.2,8.3,7.7,15.6,17.4,58.5,11.3
5,Al Jefferson,UTA,27,6-10,289,None,USA,2004,1,15,61.0,19.2,9.6,2.2,4.1,6.7,22.3,25.8,52.0,11.3
6,Al-Farouq Aminu,NOH,21,6-9,215,Wake Forest,USA,2010,1,8,66.0,6.0,4.7,1.0,-0.2,7.0,14.8,15.9,48.1,7.4
7,Alan Anderson,TOR,29,6-6,220,Michigan State,USA,Undrafted,Undrafted,Undrafted,17.0,9.6,2.0,1.5,-2.7,1.8,5.7,18.6,51.9,10.0
8,Alec Burks,UTA,20,6-6,202,Colorado,USA,2011,1,12,59.0,7.2,2.2,0.9,-1.9,5.9,8.1,21.2,50.6,10.0
9,Alonzo Gee,CLE,25,6-6,219,Alabama,USA,Undrafted,Undrafted,Undrafted,63.0,10.6,5.1,1.8,-5.9,5.3,12.3,18.4,51.6,10.9
10,Amar'e Stoudemire,NYK,29,6-11,260,None,USA,2002,1,9,47.0,17.5,7.8,1.1,-1.9,6.9,17.6,24.8,54.1,6.3
11,Amir Johnson,TOR,25,6-9,210,No College,USA,2005,2,56,64.0,7.1,6.4,1.2,0.6,10.2,16.6,14.1,60.0,8.5
12,Anderson Varejao,CLE,29,6-11,260,None,Brazil,2004,2,30,25.0,10.8,11.5,1.7,-1.0,13.5,24.1,16.3,54.2,8.6
13,Andray Blatche,WAS,25,6-11,260,None,USA,2005,2,49,26.0,8.5,5.8,1.1,-12.4,6.2,19.6,21.4,41.5,7.6
14,Andre Emmett,NJN,29,6-5,230,Texas Tech,USA,2004,2,35,6.0,2.2,1.0,0.2,-5.9,6.1,7.8,14.0,61.8,3.6
15,Andre Iguodala,PHI,28,6-6,207,Arizona,USA,2004,1,9,62.0,12.4,6.1,5.5,5.2,2.5,14.4,17.6,53.7,24.1
16,Andre Miller,DEN,36,6-2,200,Utah,USA,1999,1,8,66.0,9.7,3.3,6.7,4.6,3.2,9.2,19.8,51.0,36.5
17,Andrea Bargnani,TOR,26,7-0,256,None,Italy,2006,1,1,31.0,19.5,5.5,2.0,-2.3,2.6,14.8,28.8,53.8,11.3
18,Andres Nocioni,PHI,32,6-7,225,None,Argentina,Undrafted,Undrafted,Undrafted,11.0,1.5,1.3,0.1,-18.9,1.7,23.6,22.8,34.2,3.3
19,Andrew Bogut,MIL,27,7-0,260,Utah,Australia,2005,1,1,12.0,11.3,8.3,2.6,3.4,6.1,21.4,21.4,46.5,14.8
20,Andrew Bynum,LAL,24,7-0,285,None,USA,2005,1,10,60.0,18.7,11.8,1.4,2.1,9.6,23.4,23.4,59.4,7.4
21,Andrew Goudelock,LAL,23,6-3,200,College of Charleston,USA,2011,2,46,40.0,4.4,0.8,0.5,-4.0,1.2,6.1,22.0,48.8,8.5
22,Andris Biedrins,GSW,26,7-0,242,None,Latvia,2004,1,11,47.0,1.7,3.7,0.3,-7.7,6.4,18.5,5.1,58.1,2.9
23,Antawn Jamison,CLE,36,6-9,235,North Carolina,USA,1998,1,4,65.0,17.2,6.3,2.0,-7.2,5.3,13.9,25.5,48.1,11.0
24,Anthony Carter,TOR,37,6-1,190,Hawaii,USA,Undrafted,Undrafted,Undrafted,24.0,2.0,1.4,1.4,-11.2,2.4,13.5,15.9,40.9,29.6
25,Anthony Morrow,NJN,26,6-5,210,Georgia Tech,USA,Undrafted,Undrafted,Undrafted,62.0,12.0,2.0,1.0,-4.2,1.9,6.3,20.8,53.1,6.5
26,Anthony Parker,CLE,37,6-6,210,Bradley,USA,1997,1,21,51.0,7.2,2.7,2.4,-10.1,0.8,10.8,13.8,52.3,14.4
27,Anthony Randolph,MIN,22,6-11,225,Louisiana State,USA,2008,1,14,34.0,7.4,3.6,0.6,-3.0,8.1,14.7,23.5,53.2,6.6
28,Anthony Tolliver,MIN,27,6-8,240,Creighton,USA,Undrafted,Undrafted,Undrafted,51.0,4.1,3.0,0.4,-2.0,5.6,11.3,12.0,50.4,4.0
29,Armon Johnson,NJN,23,6-3,195,Nevada-Reno,USA,2010,2,34,9.0,5.2,1.4,1.2,-4.9,0.7,9.4,17.8,51.5,16.7
30,Arron Afflalo,DEN,26,6-5,215,UCLA,USA,2007,1,27,62.0,15.2,3.2,2.4,1.1,2.0,7.6,18.6,58.4,11.5
31,Austin Daye,DET,24,6-11,200,Gonzaga,USA,2009,1,15,41.0,4.7,2.2,0.8,-11.5,2.2,13.8,21.1,39.4,10.0
32,Avery Bradley,BOS,21,6-2,180,Texas-Austin,USA,2010,1,19,64.0,7.6,1.8,1.4,4.1,2.9,5.7,17.9,55.5,10.9
33,Baron Davis,NYK,33,6-3,212,UCLA,USA,1999,1,3,29.0,6.1,1.9,4.7,3.8,2.4,7.5,20.5,45.7,34.7
34,Ben Gordon,DET,29,6-3,200,Connecticut,USA,2004,1,3,52.0,12.5,2.3,2.4,-7.3,1.0,8.6,22.7,54.9,17.2
35,Ben Uzoh,TOR,24,6-3,205,Tulsa,USA,Undrafted,Undrafted,Undrafted,18.0,4.5,3.7,3.4,1.2,5.3,12.5,15.9,37.7,28.0
36,Ben Wallace,DET,37,6-9,240,Virginia Union,USA,Undrafted,Undrafted,Undrafted,62.0,1.4,4.3,0.7,-5.0,8.2,21.2,6.8,39.8,7.3
37,Beno Udrih,MIL,29,6-3,203,None,Slovenia,2004,1,28,59.0,5.9,1.7,3.8,10.7,2.4,6.6,17.7,48.8,31.7
38,Bismack Biyombo,CHA,19,6-9,245,None,DRC,2011,1,7,63.0,5.2,5.8,0.4,-15.8,7.5,17.7,12.9,48.0,3.2
39,Blake Ahearn,UTA,28,6-2,190,Missouri State,USA,Undrafted,Undrafted,Undrafted,4.0,2.5,0.5,0.3,-22.4,0.0,7.4,27.1,35.7,6.3
40,Blake Griffin,LAC,23,6-10,251,Oklahoma,USA,2009,1,1,66.0,20.7,10.9,3.2,7.4,9.3,21.7,26.2,55.7,15.6
41,Bobby Simmons,LAC,32,6-6,235,DePaul,USA,2001,2,41,28.0,2.9,2.0,0.4,-2.0,4.0,9.9,11.0,43.0,3.9
42,Boris Diaw,SAS,30,6-8,235,None,France,2003,1,21,57.0,6.4,4.9,3.6,-7.8,4.9,14.8,15.1,49.8,22.4
43,Brad Miller,MIN,36,7-0,261,Purdue,USA,Undrafted,Undrafted,Undrafted,15.0,2.3,1.3,1.6,-5.9,2.6,11.0,13.6,54.2,25.5
44,Brandan Wright,DAL,24,6-10,210,North Carolina,USA,2007,1,8,49.0,6.9,3.6,0.3,1.3,8.3,13.4,16.7,63.2,2.9
45,Brandon Bass,BOS,27,6-8,250,Louisiana State,USA,2005,2,33,59.0,12.5,6.2,0.9,4.3,5.7,14.4,19.5,52.4,5.0
46,Brandon Jennings,MIL,22,6-1,169,None,USA,2009,1,10,66.0,19.1,3.4,5.5,-2.0,2.0,7.7,25.3,51.4,26.4
47,Brandon Knight,DET,20,6-3,189,Kentucky,USA,2011,1,8,66.0,12.8,3.2,3.8,-6.2,1.6,9.1,21.5,51.1,20.2
48,Brandon Rush,GSW,26,6-6,225,Kansas,USA,2008,1,13,65.0,9.8,3.9,1.4,-2.1,2.0,12.6,15.3,62.8,8.1
49,Brendan Haywood,DAL,32,7-0,263,North Carolina,USA,2001,1,20,54.0,5.2,6.0,0.4,1.4,12.3,16.0,12.6,52.0,2.5
50,Brian Cardinal,DAL,35,6-8,240,Purdue,USA,2000,2,44,44.0,1.0,0.8,0.4,-10.0,1.4,10.6,10.3,37.3,9.4
51,Brian Cook,WAS,31,6-9,250,Illinois,USA,2003,1,24,32.0,2.5,2.0,0.3,-0.7,3.5,18.5,18.2,39.6,5.6
52,Brian Scalabrine,CHI,34,6-9,235,Southern California,USA,2001,2,34,28.0,1.1,0.8,0.5,2.5,6.0,11.2,14.4,49.0,19.5
53,Brian Skinner,MEM,36,6-9,255,Baylor,USA,1998,1,22,1.0,0.0,0.0,0.0,-77.8,0.0,0.0,10.0,0.0,0.0
54,Brook Lopez,NJN,24,7-0,265,Stanford,USA,2008,1,10,5.0,19.2,3.6,1.2,-10.6,5.5,7.2,30.9,52.7,9.4
55,Byron Mullens,CHA,23,7-0,275,Ohio State,USA,2009,1,24,65.0,9.3,5.0,0.9,-12.9,6.5,16.3,22.1,47.3,7.3
56,C.J. Watson,CHI,28,6-2,175,Tennessee,USA,Undrafted,Undrafted,Undrafted,49.0,9.7,2.1,4.1,1.4,1.8,7.2,22.4,49.1,28.3
57,CJ Miles,UTA,25,6-6,222,No College,USA,2005,2,34,56.0,9.1,2.1,1.2,0.0,2.4,8.0,21.8,48.4,9.6
58,Carl Landry,NOH,28,6-9,248,Purdue,USA,2007,2,31,41.0,12.5,5.2,0.9,-3.7,8.5,14.8,23.6,57.7,7.1
59,Carldell Johnson,NOH,29,5-10,180,Alabama-Birmingham,USA,Undrafted,Undrafted,Undrafted,15.0,1.8,0.6,1.5,6.2,0.9,6.8,17.6,37.2,31.4
60,Carlos Boozer,CHI,30,6-9,266,Duke,USA,2002,2,34,66.0,15.0,8.5,1.9,6.2,6.0,23.1,23.5,54.9,11.2
61,Carlos Delfino,MIL,29,6-6,230,None,Argentina,2003,1,25,54.0,9.0,3.9,2.3,-5.3,1.2,13.0,15.5,51.5,11.8
62,Carmelo Anthony,NYK,28,6-8,230,Syracuse,USA,2003,1,3,55.0,22.6,6.3,3.6,2.5,4.7,13.9,31.1,52.5,20.9
63,Caron Butler,LAC,32,6-7,228,Connecticut,USA,2002,1,10,63.0,12.0,3.7,1.2,7.5,2.4,10.3,20.1,50.1,6.5
64,Cartier Martin,WAS,27,6-7,220,Kansas State,USA,Undrafted,Undrafted,Undrafted,17.0,9.3,3.4,0.6,4.2,3.1,11.8,17.9,55.5,4.1
65,Chandler Parsons,HOU,23,6-9,227,Florida,USA,2011,2,38,63.0,9.5,4.8,2.1,1.9,5.1,11.8,16.3,51.3,11.4
66,Channing Frye,PHX,29,6-11,245,Arizona,USA,2005,1,8,64.0,10.5,5.9,1.4,5.1,4.6,17.8,19.2,51.9,7.7
67,Charles Jenkins,GSW,23,6-3,220,Hofstra,USA,2011,2,44,51.0,5.8,1.3,3.3,-11.7,0.9,6.7,18.4,48.2,30.6
68,Charlie Villanueva,DET,27,6-11,232,Connecticut,USA,2005,1,7,13.0,7.0,3.7,0.5,-13.4,4.5,21.8,24.2,48.4,6.7
69,Chase Budinger,HOU,24,6-7,218,Arizona,USA,2009,2,44,58.0,9.6,3.7,1.3,0.3,2.9,14.3,19.0,55.6,9.3
70,Chauncey Billups,LAC,35,6-3,210,Colorado,USA,1997,1,3,20.0,15.0,2.5,4.0,6.4,0.7,7.7,22.6,55.4,21.0
71,Chris Andersen,DEN,33,6-10,228,Blinn J.C.,USA,Undrafted,Undrafted,Undrafted,32.0,5.3,4.6,0.2,5.0,10.1,19.2,14.5,58.3,1.9
72,Chris Bosh,MIA,28,6-11,235,Georgia Tech,USA,2003,1,4,57.0,18.0,7.9,1.8,10.0,5.4,17.7,23.9,55.1,8.6
73,Chris Duhon,ORL,29,6-1,190,Duke,USA,2004,2,38,63.0,3.8,1.6,2.4,-0.3,1.2,7.3,11.2,55.8,20.8
74,Chris Johnson,NOH,26,6-11,210,Louisiana State,USA,Undrafted,Undrafted,Undrafted,27.0,2.0,1.5,0.1,-11.6,8.5,14.0,15.5,55.7,1.7
75,Chris Kaman,NOH,30,7-0,265,Central Michigan,USA,2003,1,6,47.0,13.1,7.7,2.1,-2.7,7.1,20.7,26.2,47.8,13.4
76,Chris Paul,LAC,27,6-0,175,Wake Forest,USA,2005,1,4,60.0,19.8,3.6,9.1,7.4,2.0,8.4,23.7,58.1,41.3
77,Chris Singleton,WAS,22,6-8,230,Florida State,USA,2011,1,18,66.0,4.6,3.5,0.7,-3.9,3.0,13.4,11.5,46.2,5.1
78,Chris Wilcox,BOS,29,6-10,235,Maryland,USA,2002,1,8,28.0,5.4,4.4,0.4,-3.5,8.4,17.5,14.7,61.2,4.2
79,Chris Wright,GSW,23,6-8,226,University of Dayton,USA,Undrafted,Undrafted,Undrafted,24.0,2.9,1.9,0.2,-4.5,9.4,13.4,15.2,59.7,3.5
80,Christian Eyenga,LAL,23,6-7,210,None,Congo,2009,1,30,7.0,2.4,2.0,0.7,-19.0,3.5,9.3,14.2,29.8,9.3
81,Chuck Hayes,SAC,29,6-6,250,Kentucky,USA,Undrafted,Undrafted,Undrafted,54.0,3.2,4.3,1.4,-7.1,6.6,15.8,10.2,45.9,10.9
82,Cole Aldrich,OKC,23,6-11,240,Kansas,USA,2010,1,11,26.0,2.2,1.8,0.1,-10.7,8.0,19.2,14.9,59.2,3.4
83,Corey Brewer,DEN,26,6-9,188,Florida,USA,2007,1,7,59.0,8.9,2.5,1.5,2.0,3.4,8.3,19.1,50.5,10.3
84,Corey Maggette,CHA,32,6-6,225,Duke,USA,1999,1,13,32.0,15.0,3.9,1.2,-15.9,2.2,12.0,26.4,51.7,8.2
85,Cory Higgins,CHA,23,6-5,180,Colorado,USA,Undrafted,Undrafted,Undrafted,38.0,3.9,0.9,0.9,-13.3,1.7,7.1,24.6,40.2,15.9
86,Cory Joseph,SAS,20,6-3,185,Texas,Canada,2011,1,29,29.0,2.0,0.9,1.2,-9.0,1.8,8.0,14.8,37.4,18.9
87,Courtney Fortson,HOU,24,5-11,185,Arkansas,USA,Undrafted,Undrafted,Undrafted,10.0,3.5,1.5,1.0,-21.8,5.1,9.9,20.4,45.3,22.2
88,Courtney Lee,HOU,26,6-5,200,Western Kentucky,USA,2008,1,22,58.0,11.4,2.7,1.5,1.2,1.5,8.0,17.3,53.4,7.9
89,Craig Brackins,PHI,24,6-10,230,Iowa State,USA,2010,1,21,14.0,1.6,1.1,0.6,-30.1,4.8,12.0,18.4,32.5,17.4
90,Craig Smith,POR,28,6-7,265,Boston College,USA,2006,2,36,47.0,3.3,2.3,0.4,-8.1,6.8,17.0,15.4,55.6,6.7
91,D.J. Augustin,CHA,24,6-0,180,University of Texas at Austin,USA,2008,1,9,48.0,11.1,2.3,6.4,-14.9,1.7,6.2,20.6,49.3,37.0
92,D.J. Kennedy,CLE,22,6-5,214,St. John's,USA,Undrafted,Undrafted,Undrafted,2.0,6.0,3.5,1.5,-28.8,1.6,10.0,13.0,46.6,8.8
93,DJ White,CHA,25,6-9,235,Indiana,USA,2008,1,29,58.0,6.8,3.6,0.8,-16.0,4.4,15.7,17.6,51.6,8.0
94,DaJuan Summers,NOH,24,6-8,240,Georgetown,USA,2009,2,35,15.0,4.5,1.5,0.7,-7.0,4.0,8.0,17.0,49.3,8.3
95,Daequan Cook,OKC,25,6-5,210,Ohio State,USA,2007,1,21,57.0,5.5,2.1,0.3,4.1,1.3,10.9,14.6,50.9,2.4
96,Dahntay Jones,IND,31,6-6,225,Duke,USA,2003,1,20,65.0,5.3,1.8,1.0,-4.2,2.1,9.3,15.6,53.3,10.6
97,Damien Wilkins,DET,32,6-6,225,Georgia,USA,Undrafted,Undrafted,Undrafted,60.0,3.2,1.7,0.7,-1.0,2.4,8.9,12.3,44.5,7.9
98,Damion James,NJN,24,6-7,225,Texas-Austin,USA,2010,1,24,7.0,4.9,4.7,0.4,-7.6,3.8,14.9,13.8,42.2,3.2
99,Dan Gadzuric,NYK,34,6-11,240,UCLA,Netherlands,2002,2,33,2.0,0.0,2.5,0.0,-7.4,7.7,33.3,12.9,0.0,0.0
100,Daniel Gibson,CLE,26,6-2,200,Texas,USA,2006,2,42,35.0,7.5,2.9,2.2,-3.2,1.1,9.7,14.8,49.3,13.6
101,Daniel Orton,ORL,21,6-10,255,Kentucky,USA,2010,1,29,16.0,2.8,2.4,0.3,-10.9,10.1,11.4,12.0,54.9,4.7
102,Danilo Gallinari,DEN,23,6-10,225,None,Italy,2008,1,6,43.0,14.6,4.7,2.7,7.8,2.3,12.8,20.7,56.3,13.1
103,Danny Granger,IND,29,6-8,228,New Mexico,USA,2005,1,17,62.0,18.7,5.0,1.8,7.0,3.9,10.8,25.2,54.2,9.1
104,Danny Green,SAS,25,6-6,210,North Carolina,USA,2009,2,46,66.0,9.1,3.5,1.3,7.8,3.6,11.2,17.0,57.9,8.6
105,Dante Cunningham,MEM,25,6-8,230,Villanova,USA,2009,2,33,64.0,5.2,3.8,0.6,-1.6,8.1,14.2,13.4,53.8,5.4
106,Darington Hobson,MIL,24,6-7,210,New Mexico,USA,2010,2,37,5.0,0.8,0.6,1.2,7.8,0.0,8.1,16.7,15.4,25.0
107,Darius Morris,LAL,21,6-4,190,Michigan,USA,2011,2,41,19.0,2.4,0.8,1.1,-14.4,1.2,7.7,18.4,50.0,22.1
108,Darko Milicic,MIN,27,7-0,275,None,Serbia,2003,1,2,29.0,4.6,3.3,0.6,-4.8,7.1,13.0,17.0,45.8,6.2
109,Darren Collison,IND,24,6-0,160,UCLA,USA,2009,1,21,60.0,10.4,3.1,4.8,3.4,1.6,8.2,16.7,52.6,23.9
110,Darryl Watkins,NOH,27,6-11,258,Syracuse,USA,Undrafted,Undrafted,Undrafted,5.0,4.6,5.4,0.6,-12.8,9.2,19.2,14.9,52.5,6.5
111,David Lee,GSW,29,6-9,240,Florida,USA,2005,1,30,57.0,20.1,9.6,2.8,-3.0,8.4,17.9,25.6,54.9,13.2
112,David West,IND,31,6-9,240,Xavier,USA,2003,1,18,66.0,12.8,6.6,2.1,5.6,6.2,16.0,20.7,53.1,12.3
113,DeAndre Jordan,LAC,23,6-11,265,Texas A&M,USA,2008,2,35,66.0,7.4,8.3,0.3,5.5,11.6,19.5,11.9,62.6,1.4
114,DeAndre Liggins,ORL,24,6-6,209,Kentucky,USA,2011,2,53,17.0,1.9,0.9,0.3,-27.1,5.2,9.1,17.3,49.5,9.1
115,DeJuan Blair,SAS,23,6-7,270,Pittsburgh,USA,2009,2,37,64.0,9.5,5.5,1.2,1.7,11.5,14.8,21.0,54.9,9.1
116,DeMar DeRozan,TOR,22,6-7,216,Southern California,USA,2009,1,9,63.0,16.7,3.3,2.0,-2.5,1.9,8.1,25.0,50.3,10.5
117,DeMarcus Cousins,SAC,21,6-11,270,Kentucky,USA,2010,1,5,64.0,18.1,11.0,1.6,-3.9,12.4,23.4,28.6,49.9,9.2
118,DeMarre Carroll,UTA,25,6-8,212,Missouri,USA,2009,1,27,24.0,4.5,2.2,0.8,-2.1,8.3,8.1,15.7,47.8,7.8
119,DeSagana Diop,CHA,30,7-0,280,None,Senegal,2001,1,8,27.0,1.1,3.1,0.9,-19.5,8.9,17.0,8.7,34.7,12.4
120,DeShawn Stevenson,NJN,31,6-5,218,None,USA,2000,1,23,51.0,2.9,2.0,0.8,-7.6,0.7,9.8,9.3,41.3,6.8
121,Delonte West,DAL,28,6-3,180,St. Joseph's (PA),USA,2004,1,24,44.0,9.6,2.3,3.2,-1.0,1.2,8.3,20.1,53.9,22.9
122,Dennis Horner,NJN,24,6-9,230,North Carolina State,USA,Undrafted,Undrafted,Undrafted,8.0,0.6,0.6,0.0,-32.0,9.5,17.6,14.0,43.4,0.0
123,Derek Fisher,OKC,37,6-1,210,Arkansas-Little Rock,USA,1996,1,24,63.0,5.6,1.9,2.7,4.4,0.9,6.9,13.4,46.4,17.0
124,Deron Williams,NJN,28,6-3,209,Illinois,USA,2005,1,3,55.0,21.0,3.3,8.7,-4.7,1.1,8.5,29.4,52.7,45.8
125,Derrick Brown,CHA,24,6-8,233,Xavier,USA,2009,2,40,65.0,8.1,3.6,1.0,-13.2,6.4,10.4,16.6,55.6,8.6
126,Derrick Byars,SAS,28,6-7,220,Vanderbilt,USA,2007,2,42,2.0,5.0,5.5,0.5,-9.2,11.3,14.7,13.4,39.2,4.0
127,Derrick Favors,UTA,20,6-10,248,Georgia Tech,USA,2010,1,3,65.0,8.8,6.5,0.7,-0.5,11.3,19.9,20.0,53.7,5.3
128,Derrick Rose,CHI,23,6-3,190,Memphis,USA,2008,1,1,39.0,21.8,3.4,7.9,10.2,1.9,7.3,29.6,53.2,37.9
129,Derrick Williams,MIN,21,6-8,241,Arizona,USA,2011,1,2,66.0,8.8,4.7,0.6,-3.2,5.4,16.1,20.5,49.9,4.6
130,Devin Ebanks,LAL,22,6-9,215,West Virginia,USA,2010,2,43,24.0,4.0,2.3,0.5,-0.2,6.5,7.2,13.6,46.5,4.3
131,Devin Harris,UTA,29,6-3,192,Wisconsin,USA,2004,1,5,63.0,11.3,1.8,5.0,2.8,0.7,6.0,19.5,56.4,27.1
132,Dexter Pittman,MIA,24,6-11,285,Texas-Austin,USA,2010,2,32,35.0,3.0,2.0,0.3,1.2,9.1,15.0,17.9,49.8,4.9
133,Dirk Nowitzki,DAL,34,7-0,245,None,Germany,1998,1,9,62.0,21.6,6.7,2.2,5.9,2.3,18.1,28.4,56.4,11.9
134,Dominic McGuire,GSW,26,6-9,235,Fresno State,USA,2007,2,47,64.0,3.5,3.8,1.7,-5.6,7.0,14.8,11.8,48.6,14.6
135,Dominique Jones,DAL,23,6-5,215,South Florida,USA,2010,1,25,33.0,2.7,1.3,1.3,-14.6,3.2,12.2,19.3,49.3,29.8
136,Donald Sloan,CLE,24,6-3,205,Texas A&M,USA,Undrafted,Undrafted,Undrafted,33.0,5.5,2.0,3.2,-17.5,2.5,7.7,17.6,43.3,29.0
137,Donte Greene,SAC,24,6-11,226,Syracuse,USA,2008,1,28,53.0,5.4,2.5,0.6,-5.8,2.2,13.7,17.9,49.1,6.9
138,Dorell Wright,GSW,26,6-9,205,None,USA,2004,1,19,61.0,10.3,4.6,1.5,-5.3,3.7,13.3,16.8,55.3,8.5
139,Drew Gooden,MIL,30,6-10,250,Kansas,USA,2002,1,4,56.0,13.7,6.5,2.6,-4.7,8.6,16.7,25.5,51.2,16.2
140,Dwight Howard,ORL,26,6-11,265,None,USA,2004,1,1,54.0,20.6,14.5,1.9,4.1,10.0,28.4,25.9,56.9,9.8
141,Dwyane Wade,MIA,30,6-4,220,Marquette,USA,2003,1,5,49.0,22.1,4.8,4.6,10.4,5.0,9.8,30.5,55.9,25.1
142,E'Twaun Moore,BOS,23,6-4,191,Purdue,USA,2011,2,55,38.0,2.9,0.9,0.9,3.1,1.2,8.3,19.0,47.4,18.8
143,Earl Barron,GSW,30,7-0,250,Memphis,USA,Undrafted,Undrafted,Undrafted,2.0,2.0,0.5,0.0,-11.1,11.1,0.0,20.0,50.0,0.0
144,Earl Boykins,HOU,36,5-5,133,Eastern Michigan,USA,Undrafted,Undrafted,Undrafted,8.0,4.9,1.4,2.1,-6.2,0.0,8.1,20.8,45.8,27.4
145,Earl Clark,ORL,24,6-10,225,Louisville,USA,2009,1,14,45.0,2.7,2.8,0.4,-15.5,6.2,17.0,14.7,40.5,5.9
146,Earl Watson,UTA,33,6-1,199,UCLA,USA,2001,2,39,50.0,3.0,2.4,4.3,-0.7,2.9,9.2,11.2,41.3,30.6
147,Ed Davis,TOR,23,6-10,232,North Carolina,USA,2010,1,13,66.0,6.3,6.6,0.9,-8.4,8.8,20.7,13.3,54.4,6.8
148,Eddy Curry,MIA,29,7-0,295,None,USA,2001,1,4,14.0,2.1,0.9,0.1,-41.4,5.3,10.7,21.6,50.8,2.6
149,Eduardo Najera,CHA,35,6-8,235,Oklahoma,Mexico,2000,2,38,22.0,2.6,2.3,0.5,-8.0,4.1,16.0,12.3,44.1,7.2
150,Edwin Ubiles,WAS,25,6-6,204,Siena,Puerto Rico,Undrafted,Undrafted,Undrafted,4.0,3.5,2.5,0.3,-18.8,3.6,15.7,17.9,36.2,3.6
151,Ekpe Udoh,MIL,25,6-10,245,Baylor,USA,2010,1,6,61.0,5.6,4.2,0.9,8.9,7.8,11.6,13.9,49.3,6.4
152,Elliot Williams,POR,23,6-5,180,Memphis,USA,2010,1,22,24.0,3.7,0.8,0.3,-9.4,4.9,7.8,25.2,53.7,7.7
153,Elton Brand,PHI,33,6-9,254,Duke,USA,1999,1,1,60.0,11.0,7.2,1.6,6.1,8.6,16.2,18.9,52.1,9.2
154,Emeka Okafor,NOH,29,6-10,255,Connecticut,USA,2004,1,2,27.0,9.9,7.9,0.9,-8.6,9.2,20.0,17.1,53.9,5.5
155,Enes Freedom,UTA,20,6-11,267,None,Turkey,2011,1,3,66.0,4.6,4.2,0.1,-8.4,11.8,20.2,16.4,53.9,1.6
156,Eric Bledsoe,LAC,22,6-1,195,Kentucky,USA,2010,1,18,40.0,3.3,1.6,1.7,3.3,5.0,9.8,19.1,45.4,22.8
157,Eric Dawson,SAS,27,6-9,250,Midwestern State,USA,Undrafted,Undrafted,Undrafted,4.0,3.8,2.5,0.0,-26.2,12.2,14.7,17.0,58.2,0.0
158,Eric Gordon,NOH,23,6-3,215,Indiana,USA,2008,1,7,9.0,20.6,2.8,3.4,4.7,0.8,8.0,28.5,54.9,17.2
159,Eric Maynor,OKC,25,6-3,175,Va Commonwealth,USA,2009,1,20,9.0,4.2,1.4,2.4,7.8,2.4,6.7,17.7,46.6,25.6
160,Erick Dampier,ATL,36,6-11,265,Mississippi State,USA,1996,1,10,15.0,0.1,1.7,0.3,1.8,12.8,20.8,5.7,12.5,6.1
161,Ersan Ilyasova,MIL,25,6-10,235,None,Turkey,2005,2,36,60.0,13.0,8.8,1.2,1.6,11.0,20.2,19.7,57.7,6.9
162,Evan Turner,PHI,23,6-7,205,Ohio State,USA,2010,1,2,65.0,9.4,5.8,2.8,2.1,1.6,20.5,19.7,47.8,16.4
163,Francisco Elson,PHI,36,7-0,240,California,Netherlands,1999,2,41,5.0,0.4,0.2,0.2,-44.4,0.0,5.9,11.4,33.3,11.1
164,Francisco Garcia,SAC,30,6-7,195,Louisville,Dominican Republic,2005,1,23,49.0,4.8,2.0,0.6,-6.8,1.2,11.3,14.3,48.3,6.1
165,Gary Forbes,TOR,27,6-7,220,Massachusetts,Panama,Undrafted,Undrafted,Undrafted,48.0,6.6,2.1,1.1,-4.8,3.9,10.5,23.0,51.3,14.4
166,Gary Neal,SAS,27,6-4,210,Towson,USA,Undrafted,Undrafted,Undrafted,56.0,9.9,2.1,2.1,5.5,1.1,8.8,21.3,54.2,15.0
167,George Hill,IND,26,6-2,180,Indiana-Purdue Indianapolis,USA,2008,1,26,50.0,9.6,3.0,2.9,4.2,2.4,9.1,16.9,55.7,19.4
168,Gerald Green,NJN,26,6-8,200,No College,USA,2005,1,18,31.0,12.9,3.5,1.1,0.1,1.9,11.9,22.7,57.4,7.7
169,Gerald Henderson,CHA,24,6-5,215,Duke,USA,2009,1,12,55.0,15.1,4.1,2.3,-13.9,3.4,9.1,22.4,51.1,13.0
170,Gerald Wallace,NJN,29,6-7,220,Alabama,USA,2001,1,25,58.0,13.8,6.7,2.8,2.5,4.2,14.6,18.3,54.7,12.9
171,Gilbert Arenas,MEM,30,6-4,215,Arizona,USA,2001,2,30,17.0,4.2,1.1,1.1,7.3,0.9,8.0,16.7,52.6,13.7
172,Glen Davis,ORL,26,6-9,289,Louisiana State,USA,2007,2,35,61.0,9.3,5.4,0.8,-2.1,7.6,16.7,22.2,46.6,6.2
173,Goran Dragic,HOU,26,6-3,190,None,Slovenia,2008,2,45,66.0,11.7,2.5,5.3,2.0,3.1,6.9,21.6,56.7,31.6
174,Gordon Hayward,UTA,22,6-8,210,Butler,USA,2010,1,9,66.0,11.8,3.5,3.1,1.1,3.0,8.5,17.5,56.8,15.5
175,Grant Hill,PHX,39,6-8,225,Duke,USA,1994,1,3,49.0,10.2,3.5,2.2,4.3,2.2,9.9,18.5,50.0,11.6
176,Greg Monroe,DET,22,6-11,250,Georgetown,USA,2010,1,7,66.0,15.4,9.7,2.3,-5.5,11.9,21.4,23.2,56.3,13.0
177,Greg Smith,HOU,21,6-10,250,Fresno State,USA,Undrafted,Undrafted,Undrafted,8.0,1.8,2.5,0.1,-2.4,6.5,21.1,8.1,63.6,2.6
178,Greg Stiemsma,BOS,26,6-11,260,Wisconsin,USA,Undrafted,Undrafted,Undrafted,55.0,2.9,3.2,0.5,-2.9,6.8,16.2,10.9,57.9,6.1
179,Greivis Vasquez,NOH,25,6-6,211,Maryland,Venezuela,2010,1,28,66.0,8.9,2.6,5.4,0.0,1.5,9.1,19.5,51.3,34.9
180,Gustavo Ayon,NOH,27,6-10,250,None,Mexico,Undrafted,Undrafted,Undrafted,54.0,5.9,4.9,1.4,-0.5,8.6,16.9,14.2,55.2,10.9
181,Hakim Warrick,PHX,29,6-9,219,Syracuse,USA,2005,1,19,35.0,6.4,2.6,0.9,-12.9,6.1,12.4,23.2,50.3,11.1
182,Hamady Ndiaye,WAS,25,7-0,235,Rutgers,Senegal,2010,2,56,3.0,0.0,0.0,0.0,114.3,0.0,0.0,11.1,0.0,0.0
183,Hamed Haddadi,MEM,27,7-2,265,None,Iran,Undrafted,Undrafted,Undrafted,35.0,2.0,2.0,0.2,5.1,12.8,19.2,16.4,58.9,6.4
184,Hasheem Thabeet,POR,25,7-3,263,Connecticut,Tanzania,2009,1,2,20.0,1.8,2.1,0.0,-34.9,10.9,17.8,12.4,58.7,0.0
185,Hassan Whiteside,SAC,23,7-0,235,Marshall,USA,2010,2,33,18.0,1.6,2.2,0.0,6.2,14.4,17.6,15.0,44.9,0.0
186,Hedo Turkoglu,ORL,33,6-10,220,None,Turkey,2000,1,16,53.0,10.9,3.8,4.4,3.9,1.5,10.9,19.1,52.8,22.6
187,Henry Walker,NYK,24,6-6,235,Kansas State,USA,2008,2,47,32.0,5.9,2.5,1.2,-0.6,1.4,12.2,15.3,52.6,10.1
188,Ian Mahinmi,DAL,25,6-11,230,None,France,2005,1,28,61.0,5.8,4.7,0.2,2.8,9.5,16.2,14.2,58.5,1.8
189,Ike Diogu,SAS,28,6-9,250,Arizona State,USA,2005,1,9,2.0,1.0,0.5,0.0,39.3,0.0,7.7,12.5,34.7,0.0
190,Iman Shumpert,NYK,22,6-5,220,Georgia Tech,USA,2011,1,17,59.0,9.5,3.2,2.8,3.7,2.5,8.9,17.8,48.4,15.2
191,Isaiah Thomas,SAC,23,5-9,185,Washington,USA,2011,2,60,65.0,11.5,2.6,4.1,-2.3,2.7,7.5,19.3,57.4,24.6
192,Ish Smith,ORL,23,6-0,175,Wake Forest,USA,Undrafted,Undrafted,Undrafted,26.0,2.8,1.3,1.6,-8.9,2.6,13.2,18.3,42.2,32.8
193,Ivan Johnson,ATL,28,6-8,255,California State-San Bernardino,USA,Undrafted,Undrafted,Undrafted,56.0,6.4,4.0,0.6,2.9,7.3,17.7,18.8,55.8,5.9
194,J.J. Barea,MIN,28,6-0,175,Northeastern,Puerto Rico,Undrafted,Undrafted,Undrafted,41.0,11.3,2.8,5.7,-4.2,1.3,9.1,23.9,50.2,39.7
195,JJ Hickson,POR,23,6-9,242,North Carolina State,USA,2008,1,19,54.0,8.4,6.2,0.8,-7.7,10.5,16.9,18.8,50.1,6.2
196,JJ Redick,ORL,28,6-4,190,Duke,USA,2006,1,11,65.0,11.6,2.3,2.5,0.1,1.0,7.8,18.7,57.5,16.6
197,JR Smith,NYK,26,6-6,220,No College,USA,2004,1,18,35.0,12.5,3.9,2.4,5.7,3.0,11.2,22.2,50.8,15.5
198,JaJuan Johnson,BOS,23,6-10,221,Purdue,USA,2011,1,27,36.0,3.2,1.6,0.2,-6.7,7.0,11.6,21.6,45.6,4.0
199,JaVale McGee,DEN,24,7-0,252,Nevada,USA,2008,1,18,61.0,11.3,7.8,0.5,-10.1,10.3,20.1,20.2,55.2,3.5
200,Jamaal Magloire,TOR,34,6-11,265,Kentucky,Canada,2000,1,19,34.0,1.2,3.3,0.2,5.4,7.6,23.8,10.0,36.0,2.3
201,Jamaal Tinsley,UTA,34,6-3,197,Iowa State,USA,2001,1,27,37.0,3.7,1.2,3.3,-3.4,1.2,7.5,17.0,46.1,36.1
202,Jamal Crawford,POR,32,6-5,200,Michigan,USA,2000,1,8,60.0,14.0,2.0,3.2,-1.5,1.0,6.7,25.6,50.6,20.9
203,Jamario Moon,CHA,32,6-8,205,Meridian CC,USA,Undrafted,Undrafted,Undrafted,8.0,2.3,2.8,0.6,-37.1,1.5,17.7,12.3,36.2,9.6
204,Jameer Nelson,ORL,30,6-0,190,St. Joseph's (PA),USA,2004,1,20,57.0,11.9,3.2,5.7,4.8,1.7,9.4,20.7,52.4,30.9
205,James Anderson,SAS,23,6-6,215,Oklahoma State,USA,2010,1,20,51.0,3.7,1.5,0.8,7.1,2.8,10.3,16.4,48.3,9.4
206,James Harden,OKC,22,6-5,220,Arizona State,USA,2009,1,3,62.0,16.8,4.1,3.7,9.8,1.7,10.9,21.3,66.0,19.0
207,James Johnson,TOR,25,6-9,248,Wake Forest,USA,2009,1,16,62.0,9.1,4.7,2.0,-5.1,5.0,14.5,19.8,49.8,13.8
208,James Jones,MIA,31,6-8,215,Miami,USA,2003,2,49,51.0,3.6,1.0,0.4,0.5,1.0,6.7,11.8,56.7,4.5
209,James Singleton,WAS,30,6-8,230,Murray State,USA,Undrafted,Undrafted,Undrafted,12.0,8.2,6.8,1.3,7.0,9.8,22.5,15.6,60.0,9.1
210,Jan Vesely,WAS,22,6-11,240,None,Czech Republic,2011,1,6,57.0,4.7,4.4,0.8,-3.6,9.1,14.2,12.5,54.4,6.7
211,Jannero Pargo,ATL,32,6-1,185,Arkansas,USA,Undrafted,Undrafted,Undrafted,50.0,5.6,1.5,1.9,3.7,1.4,9.6,21.3,53.9,26.1
212,Jared Dudley,PHX,26,6-7,225,Boston College,USA,2007,1,22,65.0,12.7,4.6,1.7,2.0,4.8,10.0,17.2,57.5,8.4
213,Jared Jeffries,NYK,30,6-11,240,Indiana,USA,2002,1,11,39.0,4.4,3.9,0.7,2.5,9.2,11.6,12.5,48.4,5.8
214,Jarrett Jack,NOH,28,6-3,197,Georgia Tech,USA,2005,1,22,45.0,15.6,3.9,6.3,-9.0,1.5,10.5,22.7,54.0,34.2
215,Jason Collins,ATL,33,7-0,255,Stanford,USA,2001,1,18,30.0,1.3,1.6,0.3,1.8,4.1,11.5,8.9,41.8,4.9
216,Jason Kapono,LAL,31,6-8,215,UCLA,USA,2003,2,31,27.0,2.0,0.5,0.4,6.4,0.9,4.1,10.7,47.6,6.2
217,Jason Kidd,DAL,39,6-4,210,California,USA,1994,1,2,48.0,6.2,4.1,5.5,2.4,1.1,13.4,12.2,52.4,28.1
218,Jason Maxiell,DET,29,6-7,260,Cincinnati,USA,2005,1,26,65.0,6.5,5.1,0.6,-2.4,8.8,14.9,15.6,49.3,4.5
219,Jason Richardson,ORL,31,6-6,225,Michigan State,USA,2001,1,5,54.0,11.6,3.6,2.0,2.6,2.2,10.3,19.6,50.2,11.2
220,Jason Smith,NOH,26,7-0,240,Colorado State,USA,2007,1,20,40.0,9.9,4.9,0.9,-2.0,8.3,13.3,20.2,53.7,6.6
221,Jason Terry,DAL,34,6-2,180,Arizona,USA,1999,1,10,63.0,15.1,2.4,3.6,0.0,0.8,6.7,22.8,54.0,20.4
222,Jason Thompson,SAC,25,6-11,250,Rider University,USA,2008,1,12,64.0,9.1,6.9,1.2,-2.4,9.5,17.6,15.1,55.8,7.0
223,Jeff Adrien,HOU,26,6-7,243,Connecticut,USA,Undrafted,Undrafted,Undrafted,8.0,2.6,2.8,0.1,-12.7,7.2,20.7,16.2,49.3,3.4
224,Jeff Ayres,IND,25,6-9,240,Arizona State,USA,2009,2,31,20.0,1.7,1.7,0.2,2.3,10.1,20.0,16.2,43.5,6.3
225,Jeff Foote,NOH,24,7-0,265,Cornell,USA,Undrafted,Undrafted,Undrafted,4.0,1.0,1.5,0.0,-1.3,2.9,13.9,9.2,33.3,0.0
226,Jeff Foster,IND,35,6-11,250,Southwest Texas State,USA,1999,1,21,11.0,2.3,3.8,0.4,8.3,12.6,18.5,9.1,56.9,5.1
227,Jeff Teague,ATL,24,6-2,181,Wake Forest,USA,2009,1,19,66.0,12.6,2.4,4.9,5.6,1.0,6.6,18.8,55.1,23.1
228,Jeremy Evans,UTA,24,6-9,194,Western Kentucky,USA,2010,2,55,29.0,2.1,1.7,0.4,-10.2,9.1,13.7,10.9,63.2,9.9
229,Jeremy Lin,NYK,23,6-3,200,Harvard,USA,Undrafted,Undrafted,Undrafted,35.0,14.6,3.1,6.2,7.1,2.0,9.3,27.2,55.2,38.2
230,Jeremy Pargo,MEM,26,6-2,219,Gonzaga,USA,2009,0,0,44.0,2.9,0.8,1.3,-14.2,2.5,6.0,20.7,38.9,23.0
231,Jeremy Tyler,GSW,21,6-10,260,None,USA,2011,2,39,42.0,4.9,3.3,0.4,-10.0,9.1,15.9,20.4,44.2,4.4
232,Jermaine O'Neal,BOS,33,6-11,255,None,USA,1996,1,17,25.0,5.0,5.4,0.4,2.7,7.2,17.7,13.1,46.8,2.9
233,Jerome Dyson,NOH,25,6-3,180,Connecticut,USA,Undrafted,Undrafted,Undrafted,9.0,7.4,2.1,2.0,2.4,1.2,8.1,22.2,52.5,20.2
234,Jerome Jordan,NYK,25,7-0,240,Tulsa,Jamaica,2010,2,44,21.0,2.0,1.3,0.2,10.0,12.6,12.1,15.2,56.1,5.1
235,Jerry Smith,NJN,24,6-2,190,Louisville,USA,1963,2,12,5.0,1.4,1.4,0.8,-11.4,4.0,11.1,13.9,25.0,15.4
236,Jerry Stackhouse,ATL,37,6-6,218,North Carolina,USA,1995,1,3,30.0,3.6,0.8,0.5,0.3,2.2,5.9,19.6,49.0,9.2
237,Jerryd Bayless,TOR,23,6-3,208,Arizona,USA,2008,1,11,31.0,11.4,2.1,3.8,-3.6,1.2,8.9,23.9,56.1,30.5
238,Jimmer Fredette,SAC,23,6-2,195,Brigham Young,USA,2011,1,10,61.0,7.6,1.2,1.8,-9.6,1.4,4.9,20.3,49.5,15.5
239,Jimmy Butler,CHI,22,6-7,220,Marquette,USA,2011,1,30,42.0,2.6,1.3,0.3,12.2,6.1,8.5,14.3,52.6,6.1
240,Joakim Noah,CHI,27,6-11,232,Florida,USA,2007,1,9,64.0,10.2,9.8,2.5,7.4,12.9,19.4,15.6,56.1,12.2
241,Jodie Meeks,PHI,24,6-4,208,Kentucky,USA,2009,2,41,66.0,8.4,2.4,0.8,5.5,1.0,8.6,14.7,55.1,4.9
242,Joe Johnson,ATL,31,6-7,240,Arkansas,USA,2001,1,10,60.0,18.8,3.7,3.9,5.5,2.6,8.1,24.7,55.7,18.9
243,Joel Anthony,MIA,29,6-9,245,UNLV,Canada,Undrafted,Undrafted,Undrafted,64.0,3.4,3.9,0.1,9.7,8.5,11.1,7.8,59.8,0.9
244,Joel Przybilla,POR,32,7-1,245,Minnesota,USA,2000,1,9,27.0,2.0,5.1,0.2,-4.9,6.8,26.5,8.3,49.2,1.9
245,Johan Petro,NJN,26,7-0,247,None,France,2005,1,25,59.0,4.2,3.8,0.8,-8.5,7.1,18.0,15.3,45.2,8.5
246,John Lucas III,CHI,29,5-11,165,Oklahoma State,USA,Undrafted,Undrafted,Undrafted,49.0,7.5,1.6,2.2,15.7,2.9,7.0,25.4,49.6,27.8
247,John Salmons,SAC,32,6-6,207,Miami,USA,2002,1,26,46.0,7.5,2.9,2.0,-8.0,1.5,9.4,14.3,47.1,11.7
248,John Wall,WAS,21,6-4,195,Kentucky,USA,2010,1,1,66.0,16.3,4.5,8.0,-6.0,1.9,10.7,24.3,50.2,36.2
249,Jon Brockman,MIL,25,6-7,255,Washington,USA,2009,2,38,35.0,1.1,2.1,0.3,-0.4,13.0,18.1,10.9,35.9,5.4
250,Jon Leuer,MIL,23,6-10,228,Wisconsin,USA,2011,2,40,46.0,4.7,2.6,0.5,1.9,7.7,14.0,17.0,53.6,7.2
251,Jonas Jerebko,DET,25,6-10,231,None,Sweden,2009,2,39,64.0,8.7,4.8,0.7,-4.3,6.8,15.8,18.0,54.8,5.3
252,Jonny Flynn,POR,23,6-0,185,Syracuse,USA,2009,1,6,29.0,4.5,1.3,3.3,-17.0,1.9,7.5,20.0,44.2,36.8
253,Jordan Crawford,WAS,23,6-4,195,Xavier,USA,2010,1,27,64.0,14.7,2.6,3.0,-8.0,2.4,7.3,27.5,48.8,18.8
254,Jordan Farmar,NJN,25,6-2,180,UCLA,USA,2006,1,26,39.0,10.4,1.6,3.3,-10.0,0.9,7.3,22.0,59.2,29.9
255,Jordan Hamilton,DEN,21,6-7,220,Texas-Austin,USA,2011,1,26,26.0,4.4,2.4,0.8,8.0,4.6,18.4,21.5,50.8,11.4
256,Jordan Hill,LAL,24,6-10,235,Arizona,USA,2009,1,8,39.0,5.0,4.8,0.4,-2.3,11.2,23.6,17.6,52.2,4.4
257,Jordan Williams,NJN,21,6-10,260,Maryland,USA,2011,2,36,43.0,4.6,3.6,0.3,2.6,10.3,15.1,14.4,54.4,2.7
258,Jose Calderon,TOR,30,6-3,211,None,Spain,Undrafted,Undrafted,Undrafted,53.0,10.5,3.0,8.8,-4.6,1.1,8.2,15.7,54.7,42.7
259,Josh Childress,PHX,29,6-8,210,Stanford,USA,2004,1,6,34.0,2.9,2.8,1.0,-5.4,6.3,14.0,9.8,50.1,10.5
260,Josh Davis,MEM,31,6-8,235,Wyoming,USA,Undrafted,Undrafted,Undrafted,15.0,1.9,1.8,0.4,-17.0,11.4,9.1,11.1,45.9,7.7
261,Josh Harrellson,NYK,23,6-10,275,Kentucky,USA,2011,2,45,37.0,4.4,3.9,0.3,9.1,8.3,18.2,14.6,50.5,3.3
262,Josh Howard,UTA,32,6-7,210,Wake Forest,USA,2003,1,29,43.0,8.7,3.7,1.2,-1.5,3.9,12.9,20.2,46.1,8.1
263,Josh McRoberts,LAL,25,6-10,240,Duke,USA,2007,2,37,50.0,2.8,3.4,1.0,-6.3,8.7,15.4,10.3,51.6,10.6
264,Josh Selby,MEM,21,6-2,183,Kansas,USA,2011,2,49,28.0,2.3,0.5,1.1,-6.1,0.9,5.5,19.4,40.3,19.7
265,Josh Smith,ATL,26,6-9,225,None,USA,2004,1,17,66.0,18.8,9.6,3.9,6.2,6.1,21.9,27.8,49.9,19.6
266,Jrue Holiday,PHI,22,6-4,180,UCLA,USA,2009,1,17,65.0,13.5,3.3,4.5,5.2,2.6,7.1,21.5,49.6,21.5
267,Julyan Stone,DEN,23,6-6,200,Texas-El Paso,USA,Undrafted,Undrafted,Undrafted,22.0,1.6,1.1,1.7,9.0,2.6,11.4,10.5,50.2,25.7
268,Justin Dentmon,TOR,26,5-11,185,Washington,USA,Undrafted,Undrafted,Undrafted,6.0,4.3,1.3,1.7,-13.5,0.0,8.4,19.8,42.4,25.6
269,Justin Harper,ORL,22,6-10,225,Richmond,USA,2011,2,32,14.0,1.4,0.9,0.1,-21.8,3.5,13.4,20.4,31.8,4.7
270,Juwan Howard,MIA,39,6-9,250,Michigan,USA,1994,1,5,28.0,1.5,1.7,0.4,-13.4,9.5,16.3,18.2,35.4,9.8
271,Kawhi Leonard,SAS,21,6-7,225,San Diego State,USA,2011,1,15,64.0,7.9,5.1,1.1,5.1,7.0,14.7,14.1,57.3,6.6
272,Keith Benson,GSW,23,6-11,230,Oakland,USA,2011,2,48,3.0,0.0,1.0,0.0,36.8,18.2,9.1,4.5,0.0,0.0
273,Keith Bogans,NJN,32,6-5,215,Kentucky,USA,2003,2,43,5.0,4.2,2.2,0.6,-23.4,5.3,7.1,12.4,45.3,5.8
274,Kelenna Azubuike,DAL,28,6-5,215,Kentucky,United Kingdom,Undrafted,Undrafted,Undrafted,3.0,2.3,0.0,0.0,-25.7,0.0,0.0,29.3,43.8,0.0
275,Kemba Walker,CHA,22,6-1,184,Connecticut,USA,2011,1,9,66.0,12.1,3.5,4.4,-14.8,1.6,11.9,24.9,46.4,30.7
276,Kendrick Perkins,OKC,27,6-10,270,None,USA,2003,1,27,65.0,5.1,6.6,1.2,3.7,7.3,16.4,10.9,52.8,6.4
277,Kenneth Faried,DEN,22,6-8,228,Morehead State,USA,2011,1,22,46.0,10.2,7.7,0.8,0.7,13.9,20.5,18.1,61.8,5.5
278,Kenyon Martin,LAC,34,6-9,240,Cincinnati,USA,2000,1,1,42.0,5.2,4.3,0.4,2.2,5.2,14.8,13.6,44.5,3.1
279,Kevin Durant,OKC,23,6-9,235,Texas,USA,2007,1,2,66.0,28.0,8.0,3.5,7.2,1.7,17.7,30.3,61.0,17.0
280,Kevin Garnett,BOS,36,6-11,253,None,USA,1995,1,5,60.0,15.8,8.2,2.9,7.0,4.0,23.1,24.6,55.0,17.1
281,Kevin Love,MIN,23,6-10,260,UCLA,USA,2008,1,5,55.0,26.0,13.3,2.0,0.6,10.2,23.6,28.2,56.8,9.8
282,Kevin Martin,HOU,29,6-7,185,Western Carolina,USA,2004,1,26,40.0,17.1,2.7,2.8,-0.6,1.0,7.5,24.2,55.4,14.6
283,Kevin Seraphin,WAS,22,6-9,275,None,France,2010,1,17,57.0,7.9,4.9,0.6,-0.7,8.8,14.9,18.1,54.9,4.8
284,Keyon Dooling,BOS,32,6-3,195,Missouri,USA,2000,1,10,46.0,4.0,0.8,1.1,-10.0,0.5,5.5,15.3,51.5,13.8
285,Kirk Hinrich,ATL,31,6-4,190,Kansas,USA,2003,1,7,48.0,6.6,2.1,2.8,2.2,0.9,7.7,13.8,51.1,16.2
286,Klay Thompson,GSW,22,6-7,205,Washington State,USA,2011,1,11,66.0,12.5,2.4,2.0,-4.4,1.5,8.6,24.3,54.5,14.2
287,Kobe Bryant,LAL,33,6-6,205,None,USA,1996,1,13,58.0,27.9,5.4,4.6,2.7,3.1,10.4,34.6,52.7,23.7
288,Kosta Koufos,DEN,23,7-0,265,Ohio State,USA,2008,1,23,48.0,5.5,5.4,0.3,7.0,12.6,20.9,13.9,60.8,2.8
289,Kris Humphries,NJN,27,6-9,235,Minnesota,USA,2004,1,14,62.0,13.8,11.0,1.5,-4.1,11.0,21.7,19.1,53.9,7.3
290,Kurt Thomas,POR,39,6-9,230,TCU,USA,1995,1,10,53.0,3.0,3.5,0.9,-0.3,4.8,19.2,11.0,48.3,9.2
291,Kwame Brown,GSW,30,6-11,270,None,USA,2001,1,1,9.0,6.3,6.3,0.4,-6.2,8.9,22.4,16.4,51.9,3.4
292,Kyle Korver,CHI,31,6-7,212,Creighton,USA,2003,2,51,65.0,8.1,2.4,1.7,10.0,1.7,8.9,14.7,60.0,11.9
293,Kyle Lowry,HOU,26,6-0,205,Villanova,USA,2006,1,24,47.0,14.3,4.5,6.6,1.7,2.5,12.0,21.4,55.8,32.4
294,Kyrie Irving,CLE,20,6-3,191,Duke,Australia,2011,1,1,51.0,18.5,3.7,5.4,-5.6,2.7,9.9,27.5,56.6,32.4
295,Kyrylo Fesenko,IND,25,7-1,280,None,Ukraine,2007,2,38,3.0,2.7,3.0,0.3,14.5,10.5,41.2,19.5,52.4,10.0
296,LaMarcus Aldridge,POR,26,6-11,240,Texas-Austin,USA,2006,1,2,55.0,21.7,8.0,2.4,3.8,7.7,15.4,26.9,56.0,12.8
297,Lamar Odom,DAL,32,6-10,230,Rhode Island,USA,1999,1,4,50.0,6.6,4.2,1.7,-5.1,3.5,16.5,19.7,42.3,13.6
298,Lance Stephenson,IND,21,6-5,220,Cincinnati,USA,2010,2,40,42.0,2.5,1.3,1.1,-3.9,2.5,9.8,16.6,40.0,17.4
299,Lance Thomas,NOH,24,6-8,225,Duke,USA,Undrafted,Undrafted,Undrafted,42.0,4.0,3.0,0.3,-6.5,8.3,12.8,13.3,54.1,3.3
300,Landry Fields,NYK,24,6-7,215,Stanford,USA,2010,2,39,66.0,8.8,4.2,2.6,6.0,3.2,11.7,15.7,50.6,14.1
301,Larry Hughes,ORL,33,6-5,185,St. Louis,USA,1998,1,8,9.0,1.3,0.6,0.8,-25.7,0.9,3.6,14.5,26.2,13.0
302,Larry Owens,NJN,29,6-7,210,Oral Roberts,USA,Undrafted,Undrafted,Undrafted,7.0,1.9,1.9,0.6,-21.1,2.7,16.7,9.2,50.9,9.5
303,Larry Sanders,MIL,23,6-11,235,Va Commonwealth,USA,2010,1,15,52.0,3.6,3.1,0.6,9.3,9.3,13.8,16.7,46.3,7.9
304,Lavoy Allen,PHI,23,6-9,225,Temple,USA,2011,2,50,41.0,4.1,4.2,0.8,4.2,7.2,19.3,14.3,48.8,8.9
305,Lazar Hayward,OKC,25,6-6,225,Marquette,USA,2010,1,30,26.0,1.4,0.6,0.2,-21.5,1.5,9.0,17.2,42.7,5.4
306,LeBron James,MIA,27,6-8,250,None,USA,2003,1,1,62.0,27.1,7.9,6.2,10.2,4.4,17.1,31.1,60.5,31.8
307,Leandro Barbosa,IND,29,6-3,194,None,Brazil,2003,1,28,64.0,11.1,2.0,1.5,-2.7,2.3,7.0,24.9,51.2,13.5
308,Lester Hudson,MEM,27,6-3,190,Tennessee-Martin,USA,2009,2,58,16.0,10.9,2.9,2.3,0.3,2.1,12.5,28.3,48.3,20.9
309,Linas Kleiza,TOR,27,6-8,234,Missouri,Lithuania,2005,1,27,49.0,9.7,4.1,0.9,-0.8,4.2,14.4,22.3,52.1,8.1
310,Lou Amundson,IND,29,6-9,225,UNLV,USA,Undrafted,Undrafted,Undrafted,60.0,3.6,3.7,0.2,-2.7,11.6,17.5,16.6,43.8,3.3
311,Lou Williams,PHI,25,6-1,175,None,USA,2005,2,45,64.0,14.9,2.4,3.5,6.5,1.8,7.3,26.5,52.5,22.1
312,Luc Mbah a Moute,MIL,25,6-8,230,UCLA,Cameroon,2008,2,37,43.0,7.7,5.3,0.7,2.9,7.6,14.3,14.9,54.4,4.4
313,Luis Scola,HOU,32,6-9,245,None,Argentina,2002,2,55,66.0,15.5,6.5,2.1,1.7,6.1,15.1,24.6,52.6,11.8
314,Luke Babbitt,POR,23,6-9,225,Nevada-Reno,USA,2010,1,16,40.0,5.1,2.4,0.4,-14.1,2.9,15.1,17.0,55.6,5.2
315,Luke Harangody,CLE,24,6-7,245,Notre Dame,USA,2010,2,52,21.0,2.9,2.5,0.3,-8.4,8.6,14.7,14.7,42.7,4.5
316,Luke Ridnour,MIN,31,6-2,175,Oregon,USA,2003,1,14,53.0,12.1,2.7,4.8,-2.3,1.0,7.1,17.2,53.0,23.7
317,Luke Walton,CLE,32,6-8,235,Arizona,USA,2003,2,32,30.0,1.8,1.6,1.2,-7.6,3.8,10.1,11.5,42.3,16.1
318,Luol Deng,CHI,27,6-9,220,Duke,United Kingdom,2004,1,7,54.0,15.3,6.5,2.9,9.1,3.7,12.5,19.5,50.0,11.7
319,Malcolm Lee,MIN,22,6-5,200,UCLA,USA,2011,2,43,19.0,3.3,1.4,1.6,-5.2,3.6,7.4,15.3,46.6,22.1
320,Malcolm Thomas,SAS,23,6-9,225,San Diego State,USA,Undrafted,Undrafted,Undrafted,3.0,0.3,1.0,0.3,-12.9,8.3,14.3,11.4,12.9,8.3
321,Manny Harris,CLE,22,6-5,185,Michigan,USA,Undrafted,Undrafted,Undrafted,26.0,6.7,2.7,1.2,-5.8,2.3,13.1,20.2,49.2,13.0
322,Manu Ginobili,SAS,34,6-6,205,None,Argentina,1999,2,57,34.0,12.9,3.4,4.4,14.8,2.6,11.9,21.7,66.8,27.0
323,MarShon Brooks,NJN,23,6-5,200,Providence,USA,2011,1,25,56.0,12.6,3.6,2.3,-10.3,4.2,8.5,22.4,50.2,14.7
324,Marc Gasol,MEM,27,7-1,265,None,Spain,2007,2,48,65.0,14.6,8.9,3.1,5.9,5.2,20.4,19.1,54.1,13.8
325,Marcin Gortat,PHX,28,6-11,240,None,Poland,2005,2,57,66.0,15.4,10.0,0.9,2.1,9.1,21.9,20.5,57.8,4.5
326,Marco Belinelli,NOH,26,6-5,195,None,Italy,2007,1,18,66.0,11.8,2.6,1.5,-6.6,1.0,8.1,19.2,52.5,8.8
327,Marcus Camby,HOU,38,6-11,235,Massachusetts,USA,1996,1,2,59.0,4.9,9.0,1.8,1.3,11.7,29.0,12.4,45.5,11.3
328,Marcus Morris Sr.,HOU,22,6-9,235,Kansas,USA,2011,1,14,17.0,2.4,0.9,0.2,-11.3,3.7,8.2,21.7,34.8,4.2
329,Marcus Thornton,SAC,25,6-4,205,Louisiana State,USA,2009,2,43,51.0,18.7,3.7,1.9,-4.9,4.3,6.1,22.4,54.4,9.1
330,Mario Chalmers,MIA,26,6-2,190,Kansas,USA,2008,2,34,64.0,9.8,2.7,3.5,10.6,1.0,8.6,16.9,57.8,18.3
331,Markieff Morris,PHX,22,6-10,245,Kansas,USA,2011,1,13,63.0,7.4,4.4,1.0,-2.1,5.5,17.7,19.9,48.4,8.7
332,Marquis Daniels,BOS,31,6-6,200,Auburn,USA,Undrafted,Undrafted,Undrafted,38.0,3.2,1.7,1.2,-1.6,3.6,10.7,17.4,39.5,16.5
333,Marreese Speights,MEM,24,6-10,255,Florida,USA,2008,1,16,60.0,8.8,6.2,0.8,-2.2,10.0,19.5,20.4,49.1,5.9
334,Martell Webster,MIN,25,6-7,230,None,USA,2005,1,6,47.0,6.9,3.6,0.9,-3.2,3.6,10.6,13.5,53.3,5.2
335,Marvin Williams,ATL,26,6-9,245,North Carolina,USA,2005,1,2,57.0,10.2,5.2,1.2,2.6,5.2,14.6,17.5,54.2,7.8
336,Matt Barnes,LAL,32,6-7,226,UCLA,USA,2002,2,45,63.0,7.8,5.5,2.0,1.6,7.2,16.3,16.1,55.4,13.6
337,Matt Bonner,SAS,32,6-10,235,Florida,USA,2003,2,45,65.0,6.6,3.3,0.9,14.4,2.4,13.8,12.9,59.7,6.4
338,Matt Carroll,CHA,31,6-6,212,Notre Dame,USA,Undrafted,Undrafted,Undrafted,53.0,2.7,1.1,0.7,-12.3,1.3,8.9,14.8,40.9,10.8
339,Maurice Evans,WAS,33,6-5,220,Texas,USA,Undrafted,Undrafted,Undrafted,24.0,4.9,1.0,0.4,3.2,2.3,4.6,16.0,49.7,4.0
340,Mehmet Okur,NJN,33,6-11,260,None,Turkey,2001,2,37,17.0,7.6,4.8,1.8,-15.5,4.8,15.4,16.9,46.0,11.9
341,Metta World Peace,LAL,32,6-7,260,St. John's,USA,1999,1,16,64.0,7.7,3.4,2.2,1.4,4.3,8.0,15.3,47.8,12.7
342,Michael Beasley,MIN,23,6-10,235,Kansas State,USA,2008,1,2,47.0,11.5,4.4,1.0,-3.7,3.4,14.8,24.9,50.2,7.7
343,Michael Redd,PHX,32,6-6,215,Ohio State,USA,2000,2,43,51.0,8.2,1.5,0.6,-8.0,1.8,8.7,25.5,51.1,7.8
344,Mickael Pietrus,BOS,30,6-6,215,None,France,2003,1,11,42.0,6.9,3.1,0.6,2.2,2.1,11.7,15.9,50.9,4.5
345,Mickell Gladness,GSW,25,6-11,220,Alabama A&M,USA,Undrafted,Undrafted,Undrafted,26.0,2.2,2.2,0.2,-14.6,5.3,15.1,12.2,43.6,3.0
346,Mike Bibby,NYK,34,6-2,195,Arizona,USA,1998,1,2,39.0,2.6,1.5,2.1,-3.6,0.9,10.7,12.1,40.4,22.7
347,Mike Conley,MEM,24,6-1,185,Ohio State,USA,2007,1,4,62.0,12.7,2.5,6.5,5.9,1.1,6.6,18.1,52.3,28.9
348,Mike Dunleavy,MIL,31,6-9,230,Duke,USA,2002,1,3,55.0,12.3,3.7,2.1,5.7,1.9,11.6,18.6,59.7,13.2
349,Mike James,CHI,37,6-2,188,Duquesne,USA,Undrafted,Undrafted,Undrafted,11.0,4.8,0.9,2.6,29.2,1.7,5.4,24.1,50.5,36.3
350,Mike Miller,MIA,32,6-8,210,Florida,USA,2000,1,5,39.0,6.1,3.3,1.1,10.3,3.3,14.1,14.7,56.1,8.6
351,Mikki Moore,GSW,36,7-0,225,Nebraska,USA,Undrafted,Undrafted,Undrafted,7.0,3.4,3.1,0.7,-4.8,5.7,11.5,11.5,52.0,6.0
352,Mo Williams,LAC,29,6-1,195,Alabama,USA,2003,2,47,52.0,13.2,1.9,3.1,-1.2,1.6,5.7,22.2,53.0,19.6
353,Monta Ellis,MIL,26,6-3,185,None,USA,2005,2,40,58.0,20.4,3.4,6.0,-0.7,0.9,8.5,27.8,50.9,27.7
354,Morris Almond,WAS,27,6-6,225,Rice,USA,2007,1,25,4.0,3.5,2.0,0.5,26.0,1.5,12.7,12.2,38.2,3.9
355,Mychel Thompson,CLE,24,6-6,211,Pepperdine,USA,Undrafted,Undrafted,Undrafted,5.0,3.6,1.0,1.4,-1.1,0.0,5.9,13.6,37.5,11.9
356,Nate Robinson,GSW,28,5-9,180,Washington,USA,2005,1,21,51.0,11.2,2.0,4.5,1.1,1.3,7.4,23.4,53.4,31.7
357,Nazr Mohammed,OKC,34,6-10,250,Kentucky,USA,1998,1,29,63.0,2.7,2.7,0.2,6.4,9.8,15.5,13.6,47.7,3.2
358,Nene,WAS,29,6-11,250,None,Brazil,2002,1,7,39.0,13.7,7.5,2.1,4.3,6.1,21.4,22.9,57.3,12.3
359,Nick Collison,OKC,31,6-10,255,Kansas,USA,2003,1,12,63.0,4.5,4.3,1.3,11.0,10.2,11.5,10.1,62.2,9.3
360,Nick Young,LAC,27,6-7,210,Southern California,USA,2007,1,16,62.0,14.2,2.1,0.9,-6.4,1.7,6.0,23.7,51.2,5.7
361,Nicolas Batum,POR,23,6-8,200,None,France,2008,1,25,59.0,13.9,4.6,1.4,-1.5,4.6,11.3,20.2,57.5,7.9
362,Nikola Pekovic,MIN,26,6-11,290,None,Montenegro,2008,2,31,47.0,13.9,7.4,0.7,-1.6,14.2,12.9,21.6,60.7,4.3
363,Nikola Vucevic,PHI,21,7-0,240,Southern California,Montenegro,2011,1,16,51.0,5.5,4.8,0.6,1.4,10.4,19.3,18.8,46.2,6.3
364,Nolan Smith,POR,23,6-2,185,Duke,USA,2011,1,21,44.0,3.8,1.3,1.4,-14.9,2.9,7.7,18.5,43.4,19.6
365,Norris Cole,MIA,23,6-2,175,Cleveland State,USA,2011,1,28,65.0,6.8,1.4,2.0,-1.5,1.8,5.6,21.2,45.2,18.3
366,O.J. Mayo,MEM,24,6-4,210,Southern California,USA,2008,1,3,66.0,12.6,3.2,2.6,0.8,1.7,10.4,23.3,51.3,16.4
367,Omer Asik,CHI,25,7-0,255,None,Turkey,2008,2,36,66.0,3.1,5.3,0.5,7.9,12.8,21.5,12.5,50.9,5.3
368,Omri Casspi,CLE,24,6-9,225,None,Israel,2009,1,23,65.0,7.1,3.5,1.0,-11.1,4.5,12.9,17.4,49.9,8.4
369,Patrick Patterson,HOU,23,6-9,235,Kentucky,USA,2010,1,14,64.0,7.7,4.5,0.8,-1.6,7.3,12.2,17.5,45.7,5.9
370,Patty Mills,SAS,23,6-0,185,St. Mary's,Australia,2009,2,55,16.0,10.3,1.8,2.4,7.9,1.7,9.1,26.7,60.4,24.4
371,Pau Gasol,LAL,31,7-0,250,None,Spain,2001,1,3,65.0,17.4,10.4,3.6,3.1,7.8,19.4,21.7,54.7,17.0
372,Paul George,IND,22,6-8,215,Fresno State,USA,2010,1,10,66.0,12.1,5.6,2.4,6.4,2.9,15.7,19.1,55.5,13.3
373,Paul Millsap,UTA,27,6-8,253,Louisiana Tech,USA,2006,2,47,64.0,16.6,8.8,2.3,4.9,8.8,19.0,23.2,54.5,12.0
374,Paul Pierce,BOS,34,6-7,235,Kansas,USA,1998,1,10,61.0,19.4,5.2,4.5,4.7,2.0,13.4,27.2,56.7,23.3
375,Quentin Richardson,ORL,32,6-6,228,DePaul,USA,2000,1,18,48.0,4.5,2.6,0.8,-4.7,1.7,13.4,12.8,51.1,7.9
376,Quincy Pondexter,MEM,24,6-6,225,Washington,USA,2010,1,26,64.0,4.2,2.0,0.4,2.7,5.3,7.4,12.8,51.7,4.1
377,Raja Bell,UTA,35,6-5,210,Florida International,U.S. Virgin Islands,Undrafted,Undrafted,Undrafted,34.0,6.4,1.4,1.1,-0.6,0.8,5.9,11.8,58.6,6.9
378,Rajon Rondo,BOS,26,6-1,186,Kentucky,USA,2006,1,21,53.0,11.9,4.8,11.7,4.8,3.4,9.8,20.1,48.3,49.8
379,Ramon Sessions,LAL,26,6-3,190,Nevada-Reno,USA,2007,2,56,64.0,11.3,3.3,5.5,-1.1,1.9,10.4,20.8,53.5,35.3
380,Randy Foye,LAC,28,6-4,213,Villanova,USA,2006,1,7,65.0,11.0,2.1,2.2,1.4,1.5,7.0,20.4,52.2,14.3
381,Rashard Lewis,WAS,32,6-10,230,None,USA,1998,2,32,28.0,7.8,3.9,1.0,-11.1,4.4,10.2,16.1,45.7,5.9
382,Rasual Butler,TOR,33,6-7,215,La Salle,USA,2002,2,52,34.0,3.2,1.9,0.6,-11.6,1.3,13.3,15.4,39.8,7.5
383,Ray Allen,BOS,36,6-5,205,Connecticut,USA,1996,1,5,46.0,14.2,3.1,2.4,2.7,1.0,8.2,17.8,60.7,11.6
384,Raymond Felton,POR,28,6-1,205,North Carolina,USA,2005,1,5,60.0,11.4,2.5,6.5,3.4,1.5,6.8,20.6,49.1,32.0
385,Reggie Evans,LAC,32,6-8,245,Iowa,USA,Undrafted,Undrafted,Undrafted,56.0,1.9,4.8,0.3,-9.3,13.0,27.0,8.7,50.4,3.5
386,Reggie Jackson,OKC,22,6-3,208,Boston College,USA,2011,1,24,45.0,3.1,1.2,1.6,0.7,3.2,7.4,19.0,40.8,24.3
387,Reggie Williams,CHA,25,6-6,205,Virginia Military Institute,USA,Undrafted,Undrafted,Undrafted,33.0,8.3,2.8,1.8,-18.5,3.6,9.6,19.1,50.3,15.4
388,Renaldo Balkman,NYK,27,6-8,225,South Carolina,USA,2006,1,20,14.0,3.0,1.9,0.4,-0.8,5.4,17.9,16.2,57.0,7.5
389,Richard Hamilton,CHI,34,6-7,193,Connecticut,USA,1999,1,7,28.0,11.6,2.4,3.0,7.9,3.0,6.5,23.6,50.0,19.0
390,Richard Jefferson,GSW,32,6-7,230,Arizona,USA,2001,1,13,63.0,9.2,3.5,1.4,-0.1,1.5,11.3,15.2,55.0,7.7
391,Ricky Rubio,MIN,21,6-4,180,None,Spain,2009,1,5,41.0,10.6,4.2,8.2,2.1,1.5,10.5,18.3,47.6,38.0
392,Robin Lopez,PHX,24,7-0,255,Stanford,USA,2008,1,15,64.0,5.4,3.3,0.3,-2.9,9.7,13.5,18.7,52.6,3.9
393,Rodney Stuckey,DET,26,6-5,205,Eastern Washington,USA,2007,1,15,55.0,14.8,2.6,3.8,-1.0,2.4,6.8,23.3,55.0,21.9
394,Rodrigue Beaubois,DAL,24,6-2,185,None,France,2009,1,25,53.0,8.9,2.8,2.9,1.7,1.7,11.2,21.4,49.6,21.7
395,Roger Mason Jr.,WAS,31,6-5,205,Virginia,USA,2002,2,30,52.0,5.5,1.3,0.9,-0.4,1.0,9.1,19.2,53.0,11.4
396,Ronnie Brewer,CHI,27,6-7,227,Arkansas,USA,2006,1,14,66.0,6.9,3.5,2.1,7.1,4.5,9.2,15.1,46.5,12.8
397,Ronnie Price,PHX,29,6-2,190,Utah Valley,USA,Undrafted,Undrafted,Undrafted,36.0,3.6,1.6,1.9,-3.5,3.6,7.4,16.0,46.5,21.1
398,Ronny Turiaf,MIA,29,6-10,245,Gonzaga,France,2005,2,37,17.0,3.0,4.1,0.6,0.0,7.4,19.7,9.5,59.7,5.9
399,Roy Hibbert,IND,25,7-2,260,Georgetown,USA,2008,1,17,65.0,12.8,8.8,1.7,5.3,11.4,18.3,20.9,53.9,9.3
400,Royal Ivey,OKC,30,6-4,215,Texas-Austin,USA,2004,2,37,34.0,2.1,0.7,0.3,0.1,0.3,6.6,10.7,46.4,4.3
401,Rudy Fernandez,DEN,27,6-6,185,None,Spain,2007,1,24,31.0,8.6,2.1,2.4,4.2,1.4,8.2,17.7,54.9,16.3
402,Rudy Gay,MEM,25,6-8,230,Connecticut,USA,2006,1,8,65.0,19.0,6.4,2.3,2.3,5.4,12.6,24.8,52.1,10.8
403,Russell Westbrook,OKC,23,6-3,187,UCLA,USA,2008,1,4,66.0,23.6,4.6,5.5,7.6,4.4,8.2,31.8,53.8,28.4
404,Ryan Anderson,ORL,24,6-10,240,California,USA,2008,1,21,61.0,16.1,7.7,0.9,6.4,11.4,13.3,20.3,58.9,4.7
405,Ryan Gomes,LAC,29,6-7,245,Providence,USA,2005,2,50,32.0,2.3,1.9,0.4,-6.7,3.1,11.0,11.8,37.1,4.5
406,Ryan Hollins,BOS,27,7-0,240,UCLA,USA,2006,2,50,39.0,3.4,2.1,0.2,-1.1,6.3,9.0,13.3,56.0,2.9
407,Ryan Reid,OKC,25,6-8,235,Florida State,USA,2010,2,57,5.0,1.6,0.4,0.0,3.3,6.7,7.7,14.6,80.0,0.0
408,Sam Young,PHI,27,6-6,220,Pittsburgh,USA,2009,2,36,35.0,3.3,1.8,0.4,-9.0,4.8,11.4,18.0,41.2,6.6
409,Samardo Samuels,CLE,23,6-9,260,Louisville,Jamaica,Undrafted,Undrafted,Undrafted,54.0,5.4,3.3,0.4,-6.3,7.5,14.0,18.4,51.7,4.6
410,Samuel Dalembert,HOU,32,6-11,250,Seton Hall,Haiti,2001,1,26,65.0,7.5,7.0,0.5,1.7,11.4,21.4,16.4,55.1,3.6
411,Sasha Pavlovic,BOS,28,6-7,235,None,Montenegro,2003,1,19,45.0,2.7,1.6,0.4,-0.8,0.8,12.9,13.7,45.6,5.8
412,Sean Williams,BOS,25,6-10,235,Boston College,USA,2007,1,17,11.0,3.6,2.3,0.5,9.4,12.3,11.3,15.5,72.2,7.4
413,Sebastian Telfair,PHX,27,6-0,170,None,USA,2004,1,13,60.0,6.1,1.5,2.3,-7.0,2.1,8.4,21.8,49.5,28.5
414,Semih Erden,CLE,25,7-0,240,None,Turkey,2008,2,60,28.0,3.5,2.6,0.3,-13.2,5.9,16.8,14.5,53.8,4.9
415,Serge Ibaka,OKC,22,6-10,235,None,Republic of the Congo,2008,1,24,66.0,9.1,7.5,0.4,5.8,11.7,15.6,15.3,55.6,2.4
416,Shane Battier,MIA,33,6-8,225,Duke,USA,2001,1,6,65.0,4.8,2.4,1.3,4.1,3.9,6.9,10.5,50.4,8.3
417,Shannon Brown,PHX,26,6-4,210,Michigan State,USA,2006,1,25,59.0,11.0,2.7,1.2,-2.8,2.6,8.3,22.1,50.7,8.3
418,Shaun Livingston,MIL,26,6-7,175,None,USA,2004,1,4,58.0,5.5,2.1,2.1,-4.2,3.4,7.7,14.9,52.0,17.4
419,Shawn Marion,DAL,34,6-7,228,UNLV,USA,1999,1,9,63.0,10.6,7.4,2.1,-1.6,7.5,16.9,18.5,48.8,11.5
420,Shawne Williams,NJN,26,6-9,230,Memphis,USA,2006,1,17,25.0,4.5,2.7,0.6,-7.4,3.6,10.6,14.0,37.2,5.3
421,Shelden Williams,NJN,28,6-9,250,Duke,USA,2006,1,5,58.0,4.6,6.0,0.6,-9.2,11.1,17.4,11.2,54.3,4.4
422,Shelvin Mack,WAS,22,6-3,207,Butler,USA,2011,2,34,64.0,3.6,1.4,2.0,-0.8,1.5,10.4,17.1,46.8,27.1
423,Solomon Alabi,TOR,24,7-1,252,Florida State,Nigeria,2010,2,50,14.0,2.4,3.4,0.2,2.9,12.8,22.2,16.8,41.8,4.1
424,Solomon Jones,NOH,27,6-10,245,South Florida,USA,2006,2,33,21.0,3.2,2.8,0.4,-18.6,10.1,9.8,13.7,47.1,5.6
425,Spencer Hawes,PHI,24,7-1,245,Washington,USA,2007,1,10,37.0,9.6,7.3,2.6,3.9,8.5,21.0,19.6,51.7,16.9
426,Stephen Curry,GSW,24,6-3,185,Davidson,USA,2009,1,7,26.0,14.7,3.4,5.3,5.4,2.1,9.9,23.0,60.5,29.5
427,Stephen Jackson,SAS,34,6-8,220,Butler C.C. (KS),USA,1997,2,42,47.0,9.8,3.5,2.5,1.7,1.8,11.8,21.3,48.5,15.1
428,Steve Blake,LAL,32,6-3,172,Maryland,USA,2003,2,38,53.0,5.2,1.6,3.3,-0.5,0.8,6.0,12.8,49.3,21.6
429,Steve Nash,PHX,38,6-3,178,Santa Clara,Canada,1996,1,15,62.0,12.5,3.0,10.7,4.3,1.4,7.8,19.0,62.5,49.1
430,Steve Novak,NYK,29,6-10,240,Marquette,USA,2006,2,32,54.0,8.8,1.9,0.2,7.6,0.9,9.7,15.9,68.4,2.0
431,Sundiata Gaines,NJN,26,6-1,200,Georgia,USA,Undrafted,Undrafted,Undrafted,57.0,5.1,1.9,2.2,-6.9,3.3,10.8,20.4,46.5,27.8
432,T.J. Ford,SAS,29,6-0,165,Texas-Austin,USA,2003,1,8,14.0,3.6,1.3,3.2,7.3,1.7,7.9,16.6,51.9,34.9
433,Taj Gibson,CHI,27,6-9,225,Southern California,USA,2009,1,26,63.0,7.7,5.3,0.7,13.5,10.1,14.1,18.2,52.2,6.5
434,Tayshaun Prince,DET,32,6-9,215,Kentucky,USA,2002,1,23,63.0,12.7,4.5,2.4,-6.2,3.5,10.9,20.2,47.0,12.7
435,Terrel Harris,MIA,24,6-4,190,Oklahoma State,USA,Undrafted,Undrafted,Undrafted,22.0,3.6,2.3,1.2,-8.3,5.9,11.4,16.8,43.4,13.8
436,Terrence Williams,SAC,25,6-6,220,Louisville,USA,2009,1,11,30.0,7.1,3.4,2.2,-11.2,2.3,15.7,21.1,48.8,20.6
437,Thabo Sefolosha,OKC,28,6-7,215,None,Switzerland,2006,1,13,42.0,4.8,3.0,1.1,7.3,2.5,10.6,10.3,58.4,7.3
438,Thaddeus Young,PHI,24,6-8,220,Georgia Tech,USA,2007,1,12,63.0,12.8,5.2,1.2,8.2,8.0,10.7,21.2,53.8,7.0
439,Tiago Splitter,SAS,27,6-11,240,None,Brazil,2007,1,28,59.0,9.3,5.2,1.1,10.4,9.2,19.0,20.7,64.9,9.4
440,Tim Duncan,SAS,36,6-11,255,Wake Forest,US Virgin Islands,1997,1,1,58.0,15.4,9.0,2.3,9.2,6.9,24.7,26.0,53.1,13.7
441,Timofey Mozgov,DEN,25,7-1,250,None,Russia,Undrafted,Undrafted,Undrafted,44.0,5.4,4.1,0.5,-4.4,8.2,18.6,17.0,55.6,4.9
442,Tobias Harris,MIL,19,6-8,226,Tennessee,USA,2011,1,19,42.0,5.0,2.4,0.5,0.7,6.0,14.7,20.0,54.0,7.5
443,Toney Douglas,NYK,26,6-2,185,Florida State,USA,2009,1,29,38.0,6.2,1.9,2.0,-0.8,2.3,8.8,23.9,39.3,20.5
444,Tony Allen,MEM,30,6-4,213,Oklahoma State,USA,2004,1,25,58.0,9.8,4.0,1.4,5.9,6.7,9.3,18.1,54.1,8.3
445,Tony Battie,PHI,36,6-11,240,Texas Tech,USA,1997,1,5,27.0,1.6,2.5,0.6,7.4,2.7,20.2,9.0,39.8,8.0
446,Tony Parker,SAS,30,6-2,185,None,France,2001,1,28,60.0,18.3,2.9,7.7,10.7,1.2,7.6,27.5,53.9,40.4
447,Tracy McGrady,ATL,33,6-8,225,None,USA,1997,1,9,52.0,5.3,3.0,2.1,5.4,2.9,15.4,17.9,51.0,22.1
448,Travis Leslie,LAC,22,6-4,205,Georgia,USA,2011,2,47,10.0,1.4,0.9,0.5,-25.6,11.5,7.1,18.3,39.0,22.7
449,Travis Outlaw,SAC,27,6-9,207,None,USA,2003,1,23,39.0,4.3,1.6,0.4,-4.8,3.5,8.5,18.4,42.8,4.7
450,Trevor Ariza,NOH,27,6-8,210,UCLA,USA,2004,2,43,41.0,10.8,5.2,3.3,-7.1,3.2,13.7,18.1,49.6,16.4
451,Trevor Booker,WAS,24,6-8,240,Clemson,USA,2010,1,23,50.0,8.4,6.5,0.8,-4.7,9.4,16.2,15.5,54.9,5.1
452,Trey Johnson,NOH,27,6-5,215,Jackson State,USA,Undrafted,Undrafted,Undrafted,11.0,1.9,1.1,0.4,-5.6,4.8,15.0,14.6,64.8,12.1
453,Trey Thompkins,LAC,22,6-10,245,Georgia,USA,2011,2,37,24.0,2.4,1.0,0.1,-24.9,3.2,19.2,25.0,44.5,5.0
454,Tristan Thompson,CLE,21,6-9,227,University of Texas at Austin,Canada,2011,1,4,60.0,8.2,6.5,0.5,-11.2,12.4,14.6,18.9,46.9,3.5
455,Troy Murphy,LAL,32,6-11,245,Notre Dame,USA,2001,1,14,59.0,3.2,3.2,0.9,0.8,4.5,15.6,9.8,53.7,8.1
456,Ty Lawson,DEN,24,5-11,195,North Carolina,USA,2009,1,18,61.0,16.4,3.7,6.6,3.2,2.6,8.3,20.8,57.9,30.3
457,Tyler Hansbrough,IND,26,6-9,250,North Carolina,USA,2009,1,13,66.0,9.3,4.4,0.5,-0.4,7.6,12.7,20.8,51.1,3.8
458,Tyler Honeycutt,SAC,21,6-8,188,UCLA,USA,2011,2,35,15.0,1.3,0.9,0.5,-1.4,3.1,12.6,13.3,38.2,10.6
459,Tyreke Evans,SAC,22,6-6,220,Memphis,USA,2009,1,4,63.0,16.5,4.6,4.5,-6.8,2.8,10.7,23.5,51.2,21.9
460,Tyrus Thomas,CHA,25,6-10,225,Louisiana State,USA,2006,1,4,54.0,5.6,3.7,0.6,-14.6,4.8,15.8,18.9,41.8,5.9
461,Tyson Chandler,NYK,29,7-1,240,None,USA,2001,1,2,62.0,11.3,9.9,0.9,3.2,10.5,19.6,12.9,70.8,4.4
462,Udonis Haslem,MIA,32,6-8,235,Florida,USA,Undrafted,Undrafted,Undrafted,64.0,6.0,7.3,0.7,3.8,7.8,22.0,13.3,47.9,4.3
463,Vernon Macklin,DET,25,6-10,227,Florida,USA,2011,2,52,23.0,2.0,1.5,0.2,3.2,9.7,14.7,14.2,55.9,5.7
464,Vince Carter,DAL,35,6-6,220,North Carolina,USA,1998,1,5,61.0,10.1,3.4,2.3,7.0,2.1,11.1,20.0,51.9,14.3
465,Vladimir Radmanovic,ATL,31,6-10,235,None,Serbia,2001,1,12,49.0,4.5,2.9,1.1,2.6,4.6,14.5,14.6,52.4,11.5
466,Von Wafer,ORL,26,6-5,209,Florida State,USA,2005,2,39,33.0,5.9,1.4,0.9,-5.5,1.3,9.0,21.4,53.7,12.2
467,Walker Russell,DET,29,6-0,170,Jacksonville State,USA,1982,4,78,28.0,3.0,0.9,2.1,-9.8,2.0,5.6,16.9,40.1,27.1
468,Wayne Ellington,MIN,24,6-4,200,North Carolina,USA,2009,1,28,51.0,6.1,1.9,0.6,-1.5,1.4,8.6,15.6,48.7,5.7
469,Wesley Johnson,MIN,24,6-7,215,Syracuse,USA,2010,1,4,65.0,6.0,2.7,0.9,-5.4,1.6,10.3,14.1,47.7,6.2
470,Wesley Matthews,POR,25,6-5,220,Marquette,USA,Undrafted,Undrafted,Undrafted,66.0,13.7,3.4,1.7,1.3,2.5,8.0,18.5,53.9,8.3
471,Will Bynum,DET,29,6-0,185,Georgia Tech,USA,Undrafted,Undrafted,Undrafted,36.0,5.7,1.6,1.8,-2.1,1.9,9.4,24.0,45.9,24.1
472,Willie Green,ATL,30,6-3,201,Detroit,USA,2003,2,41,53.0,7.6,1.5,0.8,-4.4,1.7,7.3,19.1,57.8,8.3
473,Wilson Chandler,DEN,25,6-8,225,DePaul,USA,2007,1,23,8.0,9.4,5.1,2.1,-4.1,3.1,16.1,20.7,44.5,11.3
474,Xavier Henry,NOH,21,6-6,220,Kansas,USA,2010,1,12,45.0,5.3,2.4,0.8,-1.8,3.4,11.0,18.4,45.0,8.1
475,Xavier Silas,PHI,24,6-5,205,Northern Illinois,USA,2011,,,2.0,5.5,2.0,1.5,-17.5,3.6,5.3,20.7,33.7,15.8
476,Yi Jianlian,DAL,24,7-0,250,None,China,2007,1,6,30.0,2.6,1.6,0.2,-14.7,5.5,17.3,21.6,43.3,4.7
477,Zach Randolph,MEM,30,6-9,260,Michigan State,USA,2001,1,19,28.0,11.6,8.0,1.7,8.6,10.8,21.5,21.9,50.0,10.8
478,Zaza Pachulia,ATL,28,6-11,275,None,Georgia,2003,2,42,58.0,7.8,7.9,1.4,2.9,9.8,19.3,13.9,55.7,7.4
