,Player,Team,Age,Height,Weight,COLLEGE,COUNTRY,DRAFT YEAR,DRAFT ROUND,DRAFT NUMBER,GP,PTS,REB,AST,NETRTG,OREB%,DREB%,USG%,TS%,AST%
0,,,,,,,,,,,,,,,,,,,,
1,AJ Hammons,DAL,24,7-0,260,Purdue,USA,2016,2,46,22.0,2.2,1.6,0.2,-0.3,4.5,17.2,16.5,47.2,3.8
2,Aaron Brooks,IND,32,6-0,161,Oregon,USA,2007,1,26,65.0,5.0,1.1,1.9,-1.6,1.9,5.6,18.6,50.7,21.6
3,Aaron Gordon,ORL,21,6-9,220,Arizona,USA,2014,1,4,80.0,12.7,5.1,1.9,-3.1,4.8,12.4,19.7,53.0,9.7
4,Aaron Harrison,CHA,22,6-6,210,Kentucky,USA,Undrafted,Undrafted,Undrafted,5.0,0.2,0.6,0.6,-20.6,0.0,17.6,13.2,10.2,37.5
5,Adreian Payne,MIN,26,6-10,237,Michigan State,USA,2014,1,15,18.0,3.5,1.8,0.4,3.2,6.0,17.9,21.9,50.5,8.9
6,Al Horford,BOS,31,6-10,245,Florida,Dominican Republic,2007,1,3,68.0,14.0,6.8,5.0,4.8,4.4,16.2,19.6,55.3,23.9
7,Al Jefferson,IND,32,6-10,289,None,USA,2004,1,15,66.0,8.1,4.2,0.9,-5.4,7.7,22.5,25.4,52.6,11.4
8,Al-Farouq Aminu,POR,26,6-9,220,Wake Forest,USA,2010,1,8,61.0,8.7,7.4,1.6,0.9,4.4,20.4,15.5,50.6,8.2
9,Alan Anderson,LAC,34,6-6,220,Michigan State,USA,Undrafted,Undrafted,Undrafted,30.0,2.9,0.8,0.4,-10.3,1.0,6.7,13.7,49.4,5.2
10,Alan Williams,PHX,24,6-8,260,California-Santa Barbara,USA,Undrafted,Undrafted,Undrafted,47.0,7.4,6.2,0.5,1.2,12.1,25.5,20.3,54.7,4.9
11,Alec Burks,UTA,25,6-6,214,Colorado,USA,2011,1,12,42.0,6.7,2.9,0.7,-0.5,2.6,15.8,21.2,50.1,7.4
12,Alex Abrines,OKC,23,6-6,190,None,Spain,2013,2,32,68.0,6.0,1.3,0.6,-0.6,1.6,6.6,15.3,56.0,5.5
13,Alex Len,PHX,24,7-1,260,Maryland,Ukraine,2013,1,5,77.0,8.0,6.6,0.6,-11.1,9.1,22.2,17.4,55.3,4.3
14,Alex Poythress,PHI,23,6-7,238,Kentucky,USA,Undrafted,Undrafted,Undrafted,6.0,10.7,4.8,0.8,-10.0,6.5,12.2,16.2,54.8,5.2
15,Alexis Ajinca,NOP,29,7-2,248,None,France,2008,1,20,39.0,5.3,4.5,0.3,-5.1,7.6,20.0,16.6,52.9,3.1
16,Allen Crabbe,POR,25,6-6,215,California,USA,2013,2,31,79.0,10.7,2.9,1.2,-2.9,0.8,9.1,14.6,60.2,6.3
17,Alonzo Gee,DEN,30,6-6,225,Alabama,USA,Undrafted,Undrafted,Undrafted,13.0,0.8,1.2,0.5,0.9,4.3,11.0,10.3,30.6,9.2
18,Amir Johnson,BOS,30,6-9,240,No College,USA,2005,2,56,80.0,6.5,4.6,1.8,7.7,7.4,15.0,13.6,62.8,12.5
19,Anderson Varejao,GSW,34,6-11,273,None,Brazil,2004,2,30,14.0,1.3,1.9,0.7,-13.1,12.0,16.5,12.0,47.8,15.2
20,Andre Drummond,DET,23,6-11,279,Connecticut,USA,2012,1,9,81.0,13.6,13.8,1.1,-5.6,13.2,34.1,22.2,51.8,6.0
21,Andre Iguodala,GSW,33,6-6,215,Arizona,USA,2004,1,9,76.0,7.6,4.0,3.4,12.4,2.7,11.4,11.1,62.4,16.9
22,Andre Roberson,OKC,25,6-7,210,Colorado,USA,2013,1,26,79.0,6.6,5.1,1.0,3.4,3.9,12.4,9.9,51.0,4.5
23,Andrew Bogut,CLE,32,7-0,260,Utah,Australia,2005,1,1,27.0,2.9,8.1,1.8,-2.2,9.6,28.6,10.4,46.0,13.3
24,Andrew Harrison,MEM,22,6-6,213,Kentucky,USA,2015,2,44,72.0,5.9,1.9,2.8,0.0,1.5,7.9,16.2,47.7,20.9
25,Andrew Nicholson,BKN,27,6-9,250,St. Bonaventure,Canada,2012,1,19,38.0,2.6,1.6,0.3,-17.7,4.5,13.3,17.2,42.7,4.7
26,Andrew Wiggins,MIN,22,6-8,199,Kansas,Canada,2014,1,1,82.0,23.6,4.0,2.3,-0.2,3.4,7.7,28.6,53.4,10.4
27,Anthony Bennett,BKN,24,6-8,235,UNLV,Canada,2013,1,1,23.0,5.0,3.4,0.5,-11.5,9.2,18.7,18.8,53.3,7.5
28,Anthony Brown,ORL,24,6-7,211,Stanford,USA,2015,2,34,11.0,3.9,3.0,0.7,-0.3,4.5,14.7,15.2,43.0,8.0
29,Anthony Davis,NOP,24,6-11,253,Kentucky,USA,2012,1,1,75.0,28.0,11.8,2.1,1.1,6.2,24.1,32.1,58.0,11.0
30,Anthony Morrow,CHI,31,6-5,210,Georgia Tech,USA,Undrafted,Undrafted,Undrafted,49.0,5.5,0.6,0.5,0.4,1.5,2.6,15.8,50.5,5.2
31,Anthony Tolliver,SAC,32,6-8,240,Creighton,USA,Undrafted,Undrafted,Undrafted,65.0,7.1,3.6,1.2,-4.2,3.6,13.2,13.3,59.5,7.7
32,Archie Goodwin,BKN,22,6-5,205,Kentucky,USA,2013,1,29,15.0,7.3,1.9,1.6,-8.3,3.6,9.3,20.3,65.1,18.6
33,Arinze Onuaku,ORL,29,6-9,255,Syracuse,USA,Undrafted,Undrafted,Undrafted,8.0,0.5,0.8,0.3,-24.9,6.5,16.7,9.7,50.0,14.3
34,Aron Baynes,DET,30,6-10,260,Washington State,Australia,Undrafted,Undrafted,Undrafted,75.0,4.9,4.4,0.4,5.9,9.3,18.3,13.9,57.0,3.9
35,Arron Afflalo,SAC,31,6-5,210,UCLA,USA,2007,1,27,61.0,8.4,2.0,1.3,-8.5,0.6,7.7,14.3,55.9,7.7
36,Austin Rivers,LAC,24,6-4,200,Duke,USA,2012,1,10,74.0,12.0,2.2,2.8,-0.1,1.0,6.8,19.8,54.5,15.5
37,Avery Bradley,BOS,26,6-2,180,Texas-Austin,USA,2010,1,19,55.0,16.3,6.1,2.2,1.7,3.5,14.3,21.5,54.8,10.7
38,Axel Toupane,NOP,24,6-7,210,None,France,Undrafted,Undrafted,Undrafted,4.0,2.8,0.3,0.0,-12.5,0.0,2.0,8.4,61.1,0.0
39,Ben Bentil,DAL,22,6-9,235,Providence,Ghana,2016,2,51,3.0,0.0,0.7,0.0,-55.6,0.0,20.0,16.0,0.0,0.0
40,Ben McLemore,SAC,24,6-5,195,Kansas,USA,2013,1,7,61.0,8.1,2.1,0.8,-5.9,1.7,9.6,19.7,53.8,6.8
41,Beno Udrih,DET,34,6-3,205,None,Slovenia,2004,1,28,39.0,5.8,1.5,3.4,6.6,1.1,8.9,19.5,53.5,36.4
42,Bismack Biyombo,ORL,24,6-9,255,None,DRC,2011,1,7,81.0,6.0,7.0,0.9,-8.6,8.3,22.7,13.4,54.6,6.5
43,Blake Griffin,LAC,28,6-10,251,Oklahoma,USA,2009,1,1,61.0,21.6,8.1,4.9,10.5,5.7,18.1,27.6,56.9,23.5
44,Boban Marjanovic,DET,28,7-3,290,None,Serbia,Undrafted,Undrafted,Undrafted,35.0,5.5,3.7,0.3,4.8,14.5,28.5,23.9,60.6,5.4
45,Bobby Brown,HOU,32,6-2,175,Cal State-Fullerton,USA,Undrafted,Undrafted,Undrafted,25.0,2.5,0.2,0.6,-15.7,0.0,4.4,21.9,50.9,17.5
46,Bobby Portis,CHI,22,6-11,246,Arkansas,USA,2015,1,22,64.0,6.8,4.6,0.5,-3.4,7.0,22.0,19.0,54.5,5.9
47,Bojan Bogdanovic,WAS,28,6-8,225,None,Croatia,2011,2,31,81.0,13.7,3.4,1.4,-6.8,1.8,11.1,21.9,58.5,8.6
48,Boris Diaw,UTA,35,6-8,250,None,France,2003,1,21,73.0,4.6,2.2,2.3,0.0,3.9,9.0,15.4,49.4,20.7
49,Bradley Beal,WAS,24,6-5,207,Florida,USA,2012,1,3,77.0,23.1,3.1,3.5,5.6,2.0,7.0,25.8,60.4,15.4
50,Brandan Wright,MEM,29,6-10,210,North Carolina,USA,2007,1,8,28.0,6.8,2.8,0.5,4.0,6.9,10.1,16.1,62.8,6.0
51,Brandon Bass,LAC,32,6-8,250,Louisiana State,USA,2005,2,33,52.0,5.6,2.5,0.4,-12.5,7.6,15.0,19.2,65.0,6.3
52,Brandon Ingram,LAL,19,6-9,190,Duke,USA,2016,1,2,79.0,9.4,4.0,2.1,-7.2,2.5,11.4,16.6,47.4,10.5
53,Brandon Jennings,WAS,27,6-1,170,None,USA,2009,1,10,81.0,7.1,2.4,4.9,-2.0,1.5,8.9,17.2,47.9,30.8
54,Brandon Knight,PHX,25,6-3,195,Kentucky,USA,2011,1,8,54.0,11.0,2.2,2.4,-13.6,2.0,8.2,24.8,50.2,19.4
55,Brandon Rush,MIN,31,6-6,225,Kansas,USA,2008,1,13,47.0,4.2,2.1,1.0,-2.1,1.7,8.1,9.7,50.5,5.8
56,Brian Roberts,CHA,31,6-1,173,University of Dayton,USA,Undrafted,Undrafted,Undrafted,41.0,3.5,1.0,1.3,-7.7,1.2,8.4,18.1,51.0,21.4
57,Briante Weber,CHA,24,6-2,165,Va Commonwealth,USA,Undrafted,Undrafted,Undrafted,20.0,3.1,1.3,1.1,-12.9,3.7,10.7,16.7,46.2,16.8
58,Brice Johnson,LAC,23,6-10,230,North Carolina,USA,2016,1,25,3.0,1.3,1.0,0.3,35.0,14.3,22.2,34.8,28.6,16.7
59,Brook Lopez,BKN,29,7-0,268,Stanford,USA,2008,1,10,75.0,20.5,5.4,2.3,-3.8,5.3,11.6,28.6,57.8,14.3
60,Bruno Caboclo,TOR,21,6-9,205,None,Brazil,2014,1,20,9.0,1.6,1.1,0.4,-3.1,10.0,12.5,17.5,43.8,15.4
61,Bryn Forbes,SAS,23,6-3,190,Michigan State,USA,Undrafted,Undrafted,Undrafted,36.0,2.6,0.6,0.6,-9.7,0.6,7.2,17.2,46.2,14.6
62,Buddy Hield,SAC,24,6-4,214,Oklahoma,Bahamas,2016,1,6,82.0,10.6,3.3,1.5,-5.8,1.8,12.0,20.9,54.1,10.1
63,C.J. Watson,ORL,33,6-2,175,Tennessee,USA,Undrafted,Undrafted,Undrafted,62.0,4.5,1.4,1.8,-8.5,1.5,7.5,13.9,50.7,17.4
64,C.J. Wilcox,ORL,26,6-5,195,Washington,USA,2014,1,28,22.0,1.0,0.5,0.5,-8.6,3.0,8.1,14.3,32.9,17.4
65,CJ McCollum,POR,25,6-3,190,Lehigh,USA,2013,1,10,80.0,23.0,3.6,3.6,0.7,2.1,8.0,26.8,58.5,17.5
66,CJ Miles,IND,30,6-6,225,No College,USA,2005,2,34,76.0,10.7,3.0,0.6,1.7,1.7,11.4,17.9,59.2,4.1
67,Cameron Payne,CHI,22,6-3,185,Murray State,USA,2015,1,14,31.0,5.2,1.5,1.8,-6.1,0.6,9.8,21.2,40.7,19.5
68,Caris LeVert,BKN,22,6-7,203,Michigan,USA,2016,1,20,57.0,8.2,3.3,1.9,-3.2,1.8,12.4,16.1,55.6,13.2
69,Carmelo Anthony,NYK,33,6-8,240,Syracuse,USA,2003,1,3,74.0,22.4,5.9,2.9,-4.8,2.3,14.3,28.6,53.5,14.1
70,Chandler Parsons,MEM,28,6-10,230,Florida,USA,2011,2,38,34.0,6.2,2.5,1.6,-4.5,0.9,12.8,18.1,43.6,12.2
71,Channing Frye,CLE,34,6-11,255,Arizona,USA,2005,1,8,74.0,9.1,3.9,0.6,1.2,2.7,17.2,19.3,61.2,5.0
72,Chasson Randle,NYK,24,6-2,185,Stanford,USA,2015,,,26.0,5.3,1.2,1.3,0.8,2.0,8.6,19.3,58.6,17.3
73,Cheick Diallo,NOP,20,6-9,220,Kansas,Mali,2016,2,33,17.0,5.1,4.3,0.2,-12.1,10.6,25.4,19.8,51.0,3.1
74,Chinanu Onuaku,HOU,20,6-10,245,Louisville,USA,2016,2,37,5.0,2.8,2.0,0.6,-41.0,4.2,16.3,10.5,79.9,8.6
75,Chris Andersen,CLE,38,6-10,245,Blinn J.C.,USA,Undrafted,Undrafted,Undrafted,12.0,2.3,2.6,0.4,3.9,8.8,17.2,13.4,49.7,6.3
76,Chris McCullough,WAS,22,6-9,215,Syracuse,USA,2015,1,29,16.0,2.3,1.2,0.1,29.6,11.5,11.8,18.9,52.6,3.6
77,Chris Paul,LAC,32,6-0,175,Wake Forest,USA,2005,1,4,61.0,18.1,5.0,9.2,14.4,2.2,13.2,23.9,61.4,44.4
78,Christian Wood,CHA,21,6-11,220,UNLV,USA,Undrafted,Undrafted,Undrafted,13.0,2.7,2.2,0.2,7.5,12.8,12.8,15.0,59.1,3.1
79,Clint Capela,HOU,23,6-10,240,None,Switzerland,2014,1,25,65.0,12.6,8.1,1.0,7.4,11.3,22.2,19.9,63.8,6.6
80,Cody Zeller,CHA,24,7-0,240,Indiana,USA,2013,1,4,62.0,10.3,6.5,1.6,6.0,7.6,15.7,15.3,60.4,8.7
81,Cole Aldrich,MIN,28,6-11,250,Kansas,USA,2010,1,11,62.0,1.7,2.5,0.4,-1.6,9.8,21.2,9.1,54.9,6.3
82,Corey Brewer,LAL,31,6-9,186,Florida,USA,2007,1,7,82.0,4.5,2.0,1.2,4.2,2.4,10.4,14.3,49.1,10.4
83,Cory Joseph,TOR,25,6-3,190,Texas,Canada,2011,1,29,80.0,9.3,2.9,3.3,1.1,2.5,9.2,17.9,51.8,20.0
84,Courtney Lee,NYK,31,6-5,200,Western Kentucky,USA,2008,1,22,77.0,10.8,3.4,2.3,-4.7,2.1,8.2,14.4,55.9,10.4
85,Cristiano Felicio,CHI,24,6-9,266,None,Brazil,Undrafted,Undrafted,Undrafted,66.0,4.8,4.7,0.6,-0.7,11.4,17.6,12.4,60.3,6.1
86,D'Angelo Russell,LAL,21,6-5,195,Ohio State,USA,2015,1,2,63.0,15.6,3.5,4.8,-9.1,1.6,10.8,26.4,51.8,26.9
87,D.J. Augustin,ORL,29,6-0,183,University of Texas at Austin,USA,2008,1,9,78.0,7.9,1.5,2.7,-14.6,0.9,6.7,19.4,52.4,23.7
88,Dahntay Jones,CLE,36,6-6,225,Duke,USA,2003,1,20,1.0,9.0,2.0,1.0,15.5,6.7,7.7,41.7,46.1,20.0
89,Damian Jones,GSW,22,7-0,245,Vanderbilt,USA,2016,1,30,10.0,1.9,2.3,0.0,-17.2,10.1,19.2,13.5,46.6,0.0
90,Damian Lillard,POR,26,6-3,195,Weber State,USA,2012,1,6,75.0,27.0,4.9,5.9,1.4,1.7,11.8,30.4,58.6,27.7
91,Damjan Rudez,ORL,31,6-10,228,None,Croatia,Undrafted,Undrafted,Undrafted,45.0,1.8,0.6,0.4,-12.2,1.4,7.1,13.4,46.6,10.1
92,Daniel Ochefu,WAS,23,6-11,245,Villanova,USA,Undrafted,Undrafted,Undrafted,19.0,1.3,1.2,0.2,-21.0,6.5,25.8,17.7,43.0,7.0
93,Danilo Gallinari,DEN,28,6-10,225,None,Italy,2008,1,6,63.0,18.2,5.2,2.1,3.4,1.8,13.0,19.8,62.2,9.0
94,Danny Green,SAS,30,6-6,215,North Carolina,USA,2009,2,46,68.0,7.3,3.3,1.8,8.0,1.8,10.4,13.5,53.7,9.7
95,Dante Cunningham,NOP,30,6-8,230,Villanova,USA,2009,2,33,66.0,6.6,4.2,0.6,-0.7,3.4,12.9,10.7,58.6,3.1
96,Dante Exum,UTA,21,6-6,190,None,Australia,2014,1,5,66.0,6.2,2.0,1.7,0.6,2.6,8.2,17.6,52.1,14.4
97,Danuel House Jr.,WAS,24,6-7,215,Texas A&M,USA,Undrafted,Undrafted,Undrafted,1.0,0.0,1.0,0.0,0.0,0.0,100,0.0,0.0,0.0
98,Dario Saric,PHI,23,6-10,223,None,Croatia,2014,1,12,81.0,12.8,6.3,2.2,-6.2,5.1,18.3,24.0,50.8,14.5
99,Darrell Arthur,DEN,29,6-9,235,Kansas,USA,2008,1,27,41.0,6.4,2.7,1.0,-1.5,3.8,13.3,17.6,58.3,9.9
100,Darren Collison,SAC,29,6-0,175,UCLA,USA,2009,1,21,68.0,13.2,2.2,4.6,-3.6,1.2,6.6,19.5,57.0,24.3
101,Darrun Hilliard,DET,24,6-6,205,Villanova,USA,2015,2,38,39.0,3.3,0.8,0.8,0.5,0.5,8.2,19.1,45.9,13.3
102,David Lee,SAS,34,6-9,245,Florida,USA,2005,1,30,79.0,7.3,5.6,1.6,10.3,10.6,18.9,16.1,61.3,12.6
103,David Nwaba,LAL,24,6-4,209,Cal Poly,USA,Undrafted,Undrafted,Undrafted,20.0,6.0,3.2,0.7,1.3,4.2,11.4,11.8,61.1,4.8
104,David West,GSW,36,6-9,250,Xavier,USA,2003,1,18,68.0,4.6,3.0,2.2,8.5,6.3,16.9,19.1,57.1,26.0
105,Davis Bertans,SAS,24,6-10,210,None,Latvia,2011,2,42,67.0,4.5,1.5,0.7,5.6,2.7,9.3,14.8,60.9,8.4
106,DeAndre Jordan,LAC,28,6-11,265,Texas A&M,USA,2008,2,35,81.0,12.7,13.8,1.2,8.9,12.2,30.5,15.2,67.3,5.4
107,DeAndre Liggins,DAL,29,6-6,209,Kentucky,USA,2011,2,53,62.0,2.5,1.7,0.9,3.6,2.6,11.2,11.3,47.6,9.7
108,DeAndre' Bembry,ATL,22,6-6,210,St. Joseph's (PA),USA,2016,1,21,38.0,2.7,1.6,0.7,-3.8,3.7,12.0,14.4,48.1,12.3
109,DeMar DeRozan,TOR,27,6-7,220,Southern California,USA,2009,1,9,74.0,27.3,5.2,3.9,2.5,2.7,11.9,33.7,55.2,20.4
110,DeMarcus Cousins,NOP,26,6-11,270,Kentucky,USA,2010,1,5,72.0,27.0,11.0,4.6,-0.9,6.4,27.3,35.9,56.2,26.2
111,DeMarre Carroll,TOR,30,6-8,212,Missouri,USA,2009,1,27,72.0,8.9,3.8,1.0,2.8,3.4,11.3,15.4,53.0,5.6
112,Dejounte Murray,SAS,20,6-5,170,Washington,USA,2016,1,29,38.0,3.4,1.1,1.3,-0.3,2.0,10.6,23.0,50.3,23.6
113,Delon Wright,TOR,25,6-5,190,Utah,USA,2015,1,20,27.0,5.6,1.8,2.1,9.2,3.6,7.3,16.3,53.5,20.4
114,Demetrius Jackson,BOS,22,6-1,201,Notre Dame,USA,2016,2,45,5.0,2.0,0.8,0.6,-3.3,9.1,11.8,15.9,75.3,30.0
115,Dennis Schroder,ATL,23,6-1,172,None,Germany,2013,1,17,79.0,17.9,3.1,6.3,-1.5,1.7,7.9,27.2,53.3,34.0
116,Denzel Valentine,CHI,23,6-6,212,Michigan State,USA,2016,1,14,57.0,5.1,2.6,1.1,-0.7,1.1,14.3,15.3,49.2,9.5
117,Deron Williams,CLE,33,6-3,200,Illinois,USA,2005,1,3,64.0,11.0,2.3,5.6,-2.4,0.9,8.6,21.9,54.1,35.0
118,Derrick Favors,UTA,25,6-10,265,Georgia Tech,USA,2010,1,3,50.0,9.5,6.1,1.1,2.6,8.3,18.5,20.4,51.2,7.9
119,Derrick Jones Jr.,PHX,20,6-7,190,UNLV,USA,Undrafted,Undrafted,Undrafted,32.0,5.3,2.5,0.4,4.2,6.8,6.8,11.7,60.4,3.0
120,Derrick Rose,NYK,28,6-3,190,Memphis,USA,2008,1,1,64.0,18.0,3.8,4.4,-4.2,3.0,8.2,25.4,53.0,21.6
121,Derrick Williams,CLE,26,6-8,240,Arizona,USA,2011,1,2,50.0,6.1,2.6,0.6,-4.4,2.4,13.2,17.5,53.7,5.4
122,Devin Booker,PHX,20,6-6,206,Kentucky,USA,2015,1,13,78.0,22.1,3.2,3.4,-3.9,1.6,7.3,28.0,53.1,16.0
123,Devin Harris,DAL,34,6-3,185,Wisconsin,USA,2004,1,5,65.0,6.7,2.0,2.1,2.7,1.0,11.1,19.1,54.9,19.7
124,Dewayne Dedmon,SAS,27,7-0,245,Southern California,USA,Undrafted,Undrafted,Undrafted,76.0,5.1,6.5,0.6,8.0,10.0,26.6,11.8,64.5,4.9
125,Deyonta Davis,MEM,20,6-10,240,Michigan State,USA,2016,2,31,36.0,1.6,1.7,0.1,-6.4,7.7,15.7,11.3,52.8,1.5
126,Diamond Stone,LAC,20,6-11,255,Maryland,USA,2016,2,40,7.0,1.4,0.9,0.0,-52.9,3.6,18.5,30.9,33.9,0.0
127,Dion Waiters,MIA,25,6-4,220,Syracuse,USA,2012,1,4,46.0,15.8,3.3,4.3,2.6,1.3,9.5,26.0,50.7,23.4
128,Dirk Nowitzki,DAL,39,7-0,245,None,Germany,1998,1,9,54.0,14.2,6.5,1.5,-1.3,1.6,23.8,24.6,52.9,9.9
129,Domantas Sabonis,OKC,21,6-11,240,Gonzaga,Lithuania,2016,1,11,81.0,5.9,3.6,1.0,1.7,2.7,14.6,15.6,46.9,7.3
130,Donatas Motiejunas,NOP,26,7-0,222,None,Lithuania,2011,1,20,34.0,4.4,3.0,0.9,-11.1,5.2,16.0,16.8,47.0,9.6
131,Dorian Finney-Smith,DAL,24,6-8,220,Florida,USA,Undrafted,Undrafted,Undrafted,81.0,4.3,2.7,0.8,-2.3,3.4,10.9,11.5,48.6,6.1
132,Doug McDermott,OKC,25,6-8,219,Creighton,USA,2014,1,11,66.0,9.0,2.7,0.9,-1.8,1.3,10.5,16.2,55.4,6.0
133,Dragan Bender,PHX,19,7-1,225,None,Croatia,2016,1,4,43.0,3.4,2.4,0.5,-1.3,3.9,13.5,14.5,44.0,5.7
134,Draymond Green,GSW,27,6-7,230,Michigan State,USA,2012,2,35,76.0,10.2,7.9,7.0,15.3,4.1,18.3,15.9,52.2,27.2
135,Dwight Howard,ATL,31,6-11,265,None,USA,2004,1,1,74.0,13.5,12.7,1.4,-2.0,13.3,27.8,19.0,62.7,7.6
136,Dwight Powell,DAL,25,6-11,240,Stanford,Canada,2014,2,45,77.0,6.7,4.0,0.6,-5.4,6.9,17.9,16.2,58.8,6.2
137,Dwyane Wade,CHI,35,6-4,220,Marquette,USA,2003,1,5,60.0,18.3,4.5,3.8,-1.8,3.3,11.3,28.9,50.8,22.1
138,E'Twaun Moore,NOP,28,6-4,191,Purdue,USA,2011,2,55,73.0,9.6,2.1,2.2,-3.0,1.7,6.2,17.1,53.7,13.8
139,Ed Davis,POR,28,6-10,245,North Carolina,USA,2010,1,13,46.0,4.3,5.3,0.6,-6.8,11.4,18.6,11.8,56.3,5.0
140,Edy Tavares,CLE,25,7-3,265,None,Cabo Verde,2014,2,43,2.0,4.0,5.5,0.5,17.5,13.8,22.6,13.3,63.3,7.1
141,Elfrid Payton,ORL,23,6-4,185,Louisana-Lafayette,USA,2014,1,10,82.0,12.8,4.7,6.5,-2.6,3.5,12.0,21.1,52.0,32.9
142,Elijah Millsap,PHX,29,6-7,215,Alabama-Birmingham,USA,Undrafted,Undrafted,Undrafted,2.0,1.5,3.0,0.5,-13.3,12.0,11.5,19.2,19.0,6.7
143,Emmanuel Mudiay,DEN,21,6-5,200,None,DRC,2015,1,7,55.0,11.0,3.2,3.9,-4.7,2.0,10.4,22.2,48.3,22.2
144,Enes Freedom,OKC,25,6-11,245,None,Turkey,2011,1,3,72.0,14.3,6.7,0.9,1.3,12.6,18.5,27.1,59.9,7.8
145,Eric Bledsoe,PHX,27,6-1,205,Kentucky,USA,2010,1,18,66.0,21.1,4.8,6.3,-3.8,2.3,12.4,27.5,56.3,30.9
146,Eric Gordon,HOU,28,6-4,215,Indiana,USA,2008,1,7,75.0,16.2,2.7,2.5,6.2,1.2,6.8,21.7,55.7,12.5
147,Ersan Ilyasova,ATL,30,6-10,235,None,Turkey,2005,2,36,82.0,13.1,5.9,1.7,-0.4,5.2,16.3,21.6,54.6,10.7
148,Evan Fournier,ORL,24,6-7,205,None,France,2012,1,20,68.0,17.2,3.1,3.0,-4.4,1.9,7.2,22.9,55.5,14.4
149,Evan Turner,POR,28,6-7,220,Ohio State,USA,2010,1,2,65.0,9.0,3.8,3.2,-5.5,2.1,12.5,18.2,49.1,19.6
150,Frank Kaminsky,CHA,24,7-0,240,Wisconsin,USA,2015,1,9,75.0,11.7,4.5,2.2,0.4,2.9,14.1,21.6,50.2,13.1
151,Fred VanVleet,TOR,23,6-0,195,Wichita State,USA,Undrafted,Undrafted,Undrafted,37.0,2.9,1.1,0.9,10.8,1.3,11.8,19.9,44.3,18.0
152,Garrett Temple,SAC,31,6-6,195,Louisiana State,USA,Undrafted,Undrafted,Undrafted,65.0,7.8,2.8,2.6,-5.3,1.9,9.0,13.9,54.5,14.6
153,Gary Harris,DEN,22,6-4,210,Michigan State,USA,2014,1,19,57.0,14.9,3.1,2.9,2.2,2.7,7.6,18.3,61.1,12.9
154,Gary Neal,ATL,32,6-4,210,Towson,USA,Undrafted,Undrafted,Undrafted,2.0,2.0,0.5,0.5,-11.0,0.0,6.7,20.5,22.8,12.5
155,Gary Payton II,MIL,24,6-3,190,Oregon State,USA,Undrafted,Undrafted,Undrafted,6.0,3.3,2.0,2.2,-27.8,0.0,12.2,15.7,41.3,22.4
156,George Hill,UTA,31,6-3,188,Indiana-Purdue Indianapolis,USA,2008,1,26,49.0,16.9,3.4,4.2,8.5,1.6,9.5,22.9,59.9,22.7
157,Georges Niang,IND,24,6-8,230,Iowa State,USA,2016,2,50,23.0,0.9,0.7,0.2,2.6,1.9,16.0,18.4,28.5,7.4
158,Georgios Papagiannis,SAC,19,7-1,240,None,Greece,2016,1,13,22.0,5.6,3.9,0.9,-5.0,7.8,16.9,16.5,57.3,8.5
159,Gerald Green,BOS,31,6-7,205,No College,USA,2005,1,18,47.0,5.6,1.8,0.7,0.0,2.8,12.2,22.3,52.4,10.0
160,Gerald Henderson,PHI,29,6-5,215,Duke,USA,2009,1,12,72.0,9.2,2.6,1.6,-8.3,2.0,9.2,17.5,52.9,10.8
161,Giannis Antetokounmpo,MIL,22,6-11,222,None,Greece,2013,1,15,80.0,22.9,8.8,5.4,1.1,5.2,19.9,28.0,59.9,26.9
162,Glenn Robinson III,IND,23,6-6,222,Michigan,USA,2014,2,40,69.0,6.1,3.6,0.7,-2.4,4.1,12.7,12.5,56.4,4.8
163,Goran Dragic,MIA,31,6-3,190,None,Slovenia,2008,2,45,73.0,20.3,3.8,5.8,1.1,2.5,8.7,26.2,57.5,28.3
164,Gordon Hayward,UTA,27,6-8,226,Butler,USA,2010,1,9,73.0,21.9,5.4,3.5,6.8,2.1,13.6,26.9,59.5,17.9
165,Gorgui Dieng,MIN,27,6-11,240,Louisville,Senegal,2013,1,21,82.0,10.0,7.9,1.9,0.8,7.3,18.1,14.0,55.5,8.6
166,Greg Monroe,MIL,27,6-11,265,Georgetown,USA,2010,1,7,81.0,11.7,6.6,2.3,4.0,9.9,20.8,23.8,57.2,16.5
167,Greivis Vasquez,BKN,30,6-6,217,Maryland,Venezuela,2010,1,28,3.0,2.3,0.7,1.7,-19.3,0.0,4.8,10.4,37.6,18.5
168,Harrison Barnes,DAL,25,6-8,225,North Carolina,USA,2012,1,7,79.0,19.2,5.0,1.5,-2.2,3.4,11.7,25.2,54.1,7.6
169,Hassan Whiteside,MIA,28,7-0,265,Marshall,USA,2010,2,33,77.0,17.0,14.1,0.7,2.0,11.5,31.3,22.3,57.9,3.7
170,Henry Ellenson,DET,20,6-11,245,Marquette,USA,2016,1,18,19.0,3.2,2.2,0.4,-2.0,5.0,21.7,23.4,44.4,7.4
171,Hollis Thompson,NOP,26,6-8,206,Georgetown,USA,Undrafted,Undrafted,Undrafted,40.0,5.1,2.8,0.9,-4.5,2.4,11.5,13.1,48.2,7.2
172,Ian Clark,GSW,26,6-3,175,Belmont,USA,Undrafted,Undrafted,Undrafted,77.0,6.8,1.6,1.2,1.5,2.0,7.8,19.2,57.5,12.2
173,Ian Mahinmi,WAS,30,6-11,262,None,France,2005,1,28,31.0,5.6,4.8,0.6,2.7,8.5,18.4,13.8,60.1,5.0
174,Iman Shumpert,CLE,27,6-5,220,Georgia Tech,USA,2011,1,17,76.0,7.5,2.9,1.4,1.7,2.1,8.8,14.0,53.6,8.0
175,Isaiah Canaan,CHI,26,6-0,201,Murray State,USA,2013,2,34,39.0,4.6,1.3,0.9,-5.7,0.9,7.4,15.1,48.3,9.9
176,Isaiah Taylor,HOU,22,6-3,170,Texas-Austin,USA,2016,,,4.0,0.8,0.8,0.8,-17.7,1.9,3.7,6.4,19.0,7.0
177,Isaiah Thomas,BOS,28,5-9,185,Washington,USA,2011,2,60,76.0,28.9,2.7,5.9,4.6,1.7,6.1,33.2,62.5,30.5
178,Isaiah Whitehead,BKN,22,6-4,213,Seton Hall,USA,2016,2,42,73.0,7.4,2.5,2.6,-3.1,1.9,8.4,18.0,48.7,17.3
179,Ish Smith,DET,28,6-0,175,Wake Forest,USA,Undrafted,Undrafted,Undrafted,81.0,9.4,2.9,5.2,0.8,1.0,10.9,20.1,47.7,31.9
180,Ivica Zubac,LAL,20,7-1,240,None,Croatia,2016,2,32,38.0,7.5,4.2,0.8,-10.5,6.5,18.8,20.1,54.7,7.8
181,J.J. Barea,DAL,33,6-0,185,Northeastern,Puerto Rico,Undrafted,Undrafted,Undrafted,35.0,10.9,2.4,5.5,-0.9,1.2,10.2,25.4,52.1,42.1
182,JJ Redick,LAC,33,6-4,190,Duke,USA,2006,1,11,78.0,15.0,2.2,1.4,9.6,0.5,7.0,21.1,59.9,7.4
183,JR Smith,CLE,31,6-6,225,No College,USA,2004,1,18,41.0,8.6,2.8,1.5,2.6,1.4,7.8,14.3,48.4,7.1
184,JaMychal Green,MEM,27,6-9,227,Alabama,USA,Undrafted,Undrafted,Undrafted,77.0,8.9,7.1,1.1,0.3,8.1,18.6,14.4,60.1,6.4
185,JaVale McGee,GSW,29,7-0,270,Nevada,USA,2008,1,18,77.0,6.1,3.2,0.2,20.1,13.8,16.7,22.1,64.2,3.2
186,Jabari Parker,MIL,22,6-8,250,Duke,USA,2014,1,2,51.0,20.1,6.2,2.8,-2.5,4.8,13.4,25.7,56.3,13.7
187,Jae Crowder,BOS,26,6-6,235,Marquette,USA,2012,2,34,72.0,13.9,5.8,2.2,7.8,2.1,14.9,16.9,61.3,9.7
188,Jahlil Okafor,PHI,21,6-11,275,Duke,USA,2015,1,3,50.0,11.8,4.8,1.2,-13.7,6.7,14.5,24.4,54.6,9.7
189,Jake Layman,POR,23,6-9,210,Maryland,USA,2016,2,47,35.0,2.2,0.7,0.3,-0.9,2.2,6.5,18.6,40.4,7.2
190,Jakob Poeltl,TOR,21,7-0,230,Utah,Austria,2016,1,9,54.0,3.1,3.1,0.2,-0.1,11.8,15.0,11.7,58.9,3.0
191,Jamal Crawford,LAC,37,6-5,195,Michigan,USA,2000,1,8,82.0,12.3,1.6,2.6,-1.0,0.8,5.1,22.0,52.5,15.9
192,Jamal Murray,DEN,20,6-4,207,Kentucky,Canada,2016,1,7,82.0,9.9,2.6,2.1,2.2,2.3,9.5,21.2,51.8,14.2
193,Jameer Nelson,DEN,35,6-0,190,St. Joseph's (PA),USA,2004,1,20,75.0,9.2,2.6,5.1,2.9,1.3,8.0,15.6,54.4,25.8
194,James Ennis III,MEM,26,6-7,210,Cal State-Long Beach,USA,2013,2,50,64.0,6.7,4.0,1.0,1.5,4.5,12.6,12.7,58.1,6.7
195,James Harden,HOU,27,6-5,220,Arizona State,USA,2009,1,3,81.0,29.1,8.1,11.2,6.7,3.1,18.5,33.3,61.3,50.5
196,James Johnson,MIA,30,6-9,250,Wake Forest,USA,2009,1,16,76.0,12.8,4.9,3.6,3.0,3.1,14.5,21.5,56.4,21.0
197,James Jones,CLE,36,6-8,218,Miami,USA,2003,2,49,48.0,2.8,0.8,0.3,-12.9,0.8,8.9,13.3,65.5,6.2
198,James Michael McAdoo,GSW,24,6-9,240,North Carolina,USA,Undrafted,Undrafted,Undrafted,52.0,2.8,1.8,0.3,-4.4,7.2,11.5,14.5,54.3,6.0
199,James Young,BOS,21,6-6,215,Kentucky,USA,2014,1,17,29.0,2.3,0.9,0.1,-9.5,2.5,9.1,12.5,54.9,3.0
200,Jared Dudley,PHX,31,6-7,225,Boston College,USA,2007,1,22,64.0,6.8,3.5,1.9,-1.6,2.1,13.4,13.6,57.9,12.6
201,Jared Sullinger,TOR,25,6-9,260,Ohio State,USA,2012,1,21,11.0,3.4,2.5,0.3,-13.9,6.8,15.9,19.9,36.6,4.8
202,Jarell Eddie,PHX,25,6-7,218,Virginia Tech,USA,Undrafted,Undrafted,Undrafted,5.0,4.8,1.4,0.0,-2.9,1.2,7.1,15.2,52.3,0.0
203,Jarell Martin,MEM,23,6-10,239,Louisiana State,USA,2015,1,25,42.0,3.9,3.9,0.2,-5.4,6.7,20.6,15.6,47.7,2.5
204,Jarnell Stokes,DEN,23,6-9,255,Tennessee,USA,2014,2,35,2.0,1.5,1.0,1.0,0.0,10.0,14.3,11.1,79.8,40.0
205,Jarrett Jack,NOP,33,6-3,200,Georgia Tech,USA,2005,1,22,2.0,3.0,0.0,2.5,-10.1,0.0,0.0,8.9,77.3,26.3
206,Jarrod Uthoff,DAL,24,6-9,221,Iowa,USA,Undrafted,Undrafted,Undrafted,9.0,4.4,2.4,1.0,-27.0,5.9,13.2,16.9,48.7,14.1
207,Jason Smith,WAS,31,7-0,240,Colorado State,USA,2007,1,20,74.0,5.7,3.5,0.5,0.1,6.1,17.8,16.6,59.8,5.2
208,Jason Terry,MIL,39,6-2,185,Arizona,USA,1999,1,10,74.0,4.1,1.4,1.3,4.5,1.2,6.6,9.6,60.0,10.0
209,Jaylen Brown,BOS,20,6-7,225,California,USA,2016,1,3,78.0,6.6,2.8,0.8,-4.4,3.3,12.7,17.6,54.0,7.7
210,Jeff Green,ORL,30,6-9,235,Georgetown,USA,2007,1,5,69.0,9.2,3.1,1.2,-9.2,2.3,10.9,20.0,50.5,8.9
211,Jeff Teague,IND,29,6-2,186,Wake Forest,USA,2009,1,19,82.0,15.3,4.0,7.8,1.1,1.3,11.1,21.9,57.4,35.9
212,Jeff Withey,UTA,27,7-0,231,Kansas,USA,2013,2,39,51.0,2.9,2.4,0.1,-2.8,12.1,15.9,13.9,58.8,2.5
213,Jerami Grant,OKC,23,6-9,210,Syracuse,USA,2014,2,39,80.0,5.5,2.6,0.6,-4.4,2.3,10.6,12.2,55.6,4.4
214,Jeremy Lamb,CHA,25,6-5,185,Connecticut,USA,2012,1,12,62.0,9.7,4.3,1.2,-1.5,2.6,20.0,22.8,55.0,11.3
215,Jeremy Lin,BKN,28,6-3,200,Harvard,USA,Undrafted,Undrafted,Undrafted,36.0,14.5,3.8,5.1,-4.7,1.2,12.8,25.5,56.6,33.8
216,Jerian Grant,CHI,24,6-4,198,Notre Dame,USA,2015,1,19,63.0,5.9,1.8,1.9,2.7,1.6,9.0,15.9,55.5,17.2
217,Jerryd Bayless,PHI,28,6-3,200,Arizona,USA,2008,1,11,3.0,11.0,4.0,4.3,-14.6,4.1,11.5,27.9,45.3,36.1
218,Jimmy Butler,CHI,27,6-7,231,Marquette,USA,2011,1,30,76.0,23.9,6.2,5.5,3.3,4.4,11.8,26.1,58.6,24.3
219,Joakim Noah,NYK,32,6-11,230,Florida,USA,2007,1,9,46.0,5.0,8.8,2.2,-6.4,14.6,22.9,12.4,49.1,13.8
220,Jodie Meeks,ORL,29,6-4,210,Kentucky,USA,2009,2,41,36.0,9.1,2.1,1.3,-5.8,0.7,10.0,19.2,56.7,8.9
221,Joe Harris,BKN,25,6-6,219,Virginia,USA,2014,2,33,52.0,8.2,2.8,1.0,-11.2,1.3,10.3,15.9,55.8,7.6
222,Joe Ingles,UTA,29,6-8,226,None,Australia,Undrafted,Undrafted,Undrafted,82.0,7.1,3.2,2.7,4.0,1.3,12.3,13.5,60.4,16.8
223,Joe Johnson,UTA,36,6-7,240,Arkansas,USA,2001,1,10,78.0,9.2,3.1,1.8,3.3,1.9,11.5,18.1,54.2,12.5
224,Joe Young,IND,25,6-2,180,Oregon,USA,2015,2,43,33.0,2.1,0.5,0.5,-19.1,0.6,12.5,25.1,43.3,20.3
225,Joel Anthony,SAS,34,6-9,245,UNLV,Canada,Undrafted,Undrafted,Undrafted,19.0,1.3,1.6,0.2,-3.7,6.0,17.8,8.6,64.0,4.1
226,Joel Bolomboy,UTA,23,6-9,235,Weber State,Ukraine,2016,2,52,12.0,1.8,1.4,0.2,9.2,7.7,22.0,17.2,59.0,6.5
227,Joel Embiid,PHI,23,7-0,250,Kansas,Cameroon,2014,1,3,31.0,20.2,7.8,2.1,4.1,8.0,21.8,35.6,58.4,17.4
228,Joffrey Lauvergne,CHI,25,6-11,220,None,France,2013,2,55,70.0,5.4,3.6,1.0,-3.6,6.9,18.2,18.5,50.9,11.0
229,John Henson,MIL,26,6-11,229,North Carolina,USA,2012,1,14,58.0,6.8,5.1,1.0,-1.9,8.4,17.9,16.3,55.0,7.6
230,John Jenkins,PHX,26,6-4,215,Vanderbilt,USA,2012,1,23,4.0,1.8,0.3,0.3,40.5,0.0,9.1,18.8,59.5,8.3
231,John Lucas III,MIN,34,5-11,166,Oklahoma State,USA,Undrafted,Undrafted,Undrafted,5.0,0.4,0.0,0.2,52.3,0.0,0.0,15.4,25.0,20.0
232,John Wall,WAS,26,6-4,210,Kentucky,USA,2010,1,1,78.0,23.1,4.2,10.7,4.2,2.1,9.4,29.9,54.1,45.0
233,Johnny O'Bryant III,CHA,24,6-9,257,Louisiana State,USA,2014,2,36,11.0,3.5,1.7,0.5,-17.5,11.3,15.2,20.5,58.2,12.5
234,Jon Leuer,DET,28,6-10,228,Wisconsin,USA,2011,2,40,75.0,10.2,5.4,1.5,-2.0,4.9,15.6,16.9,55.1,8.8
235,Jonas Jerebko,BOS,30,6-10,231,None,Sweden,2009,2,39,78.0,3.8,3.5,0.9,1.7,4.8,16.4,11.3,53.7,8.1
236,Jonas Valanciunas,TOR,25,7-0,255,None,Lithuania,2011,1,5,80.0,12.0,9.5,0.7,2.0,11.2,26.4,19.3,60.1,4.3
237,Jonathan Gibson,DAL,29,6-2,185,New Mexico State,USA,Undrafted,Undrafted,Undrafted,17.0,6.2,1.3,1.5,-17.5,0.4,10.7,24.9,49.2,21.5
238,Jonathon Simmons,SAS,27,6-6,195,Houston,USA,2012,0,0,78.0,6.2,2.1,1.6,8.4,1.5,9.7,17.6,50.4,13.7
239,Jordan Clarkson,LAL,25,6-5,194,Missouri,USA,2014,2,46,82.0,14.7,3.0,2.6,-8.3,2.0,8.3,22.8,52.6,14.3
240,Jordan Crawford,NOP,28,6-5,195,Xavier,USA,2010,1,27,19.0,14.1,1.8,3.0,1.6,0.9,6.9,25.4,58.2,19.2
241,Jordan Farmar,SAC,30,6-2,180,UCLA,USA,2006,1,26,2.0,6.0,1.5,4.5,-11.7,3.0,5.7,18.3,50.0,34.6
242,Jordan Hill,MIN,29,6-10,240,Arizona,USA,2009,1,8,7.0,1.7,2.0,0.0,12.1,18.2,12.2,17.1,43.2,0.0
243,Jordan McRae,CLE,26,6-5,179,Tennessee,USA,2014,2,58,37.0,4.4,1.1,0.5,-7.9,1.5,8.8,20.8,48.8,8.3
244,Jordan Mickey,BOS,22,6-8,235,Louisiana State,USA,2015,2,33,25.0,1.5,1.4,0.3,-22.0,8.7,16.3,14.8,47.3,8.4
245,Jose Calderon,ATL,35,6-3,200,None,Spain,Undrafted,Undrafted,Undrafted,41.0,3.4,1.8,2.1,-10.0,2.5,11.1,14.0,50.6,25.1
246,Josh Huestis,OKC,25,6-7,230,Stanford,USA,2014,1,29,2.0,7.0,4.5,1.5,4.4,11.8,13.9,13.9,61.2,11.5
247,Josh McRoberts,MIA,30,6-10,240,Duke,USA,2007,2,37,22.0,4.9,3.4,2.3,-9.2,5.8,13.9,17.1,43.9,20.0
248,Josh Richardson,MIA,23,6-6,200,Tennessee,USA,2015,2,40,53.0,10.2,3.2,2.6,-0.1,2.1,8.2,16.5,49.3,12.8
249,Jrue Holiday,NOP,27,6-4,205,UCLA,USA,2009,1,17,67.0,15.4,3.9,7.3,0.7,2.0,9.2,23.2,53.2,35.5
250,Juancho Hernangomez,DEN,21,6-9,230,None,Spain,2016,1,15,62.0,4.9,3.0,0.5,-2.2,4.7,17.1,13.9,59.2,4.8
251,Julius Randle,LAL,22,6-9,250,Kentucky,USA,2014,1,7,74.0,13.2,8.6,3.6,-9.8,6.6,23.1,21.2,54.3,19.5
252,Justin Anderson,PHI,23,6-6,228,Virginia,USA,2015,1,21,75.0,7.1,3.3,0.9,-7.1,5.4,15.1,20.2,53.7,8.9
253,Justin Hamilton,BKN,27,7-0,255,Louisiana State,USA,2012,2,45,64.0,6.9,4.1,0.9,-11.7,5.7,15.2,15.8,55.0,7.4
254,Justin Harper,PHI,27,6-10,225,Richmond,USA,2011,2,32,3.0,4.0,1.7,0.7,-18.1,6.1,9.4,20.8,50.0,10.0
255,Justin Holiday,NYK,28,6-6,185,Washington,USA,Undrafted,Undrafted,Undrafted,82.0,7.7,2.7,1.2,-0.8,1.6,11.4,16.6,54.9,9.5
256,Justise Winslow,MIA,21,6-7,225,Duke,USA,2015,1,10,18.0,10.9,5.2,3.7,-1.1,3.5,10.7,19.8,39.9,15.3
257,Jusuf Nurkic,POR,22,7-0,280,None,Bosnia and Herzegovina,2014,1,16,65.0,10.2,7.2,1.9,-1.4,10.8,21.2,23.2,52.8,14.2
258,KJ McDaniels,BKN,24,6-6,205,Clemson,USA,2014,2,32,49.0,4.2,1.7,0.3,-3.6,3.0,12.5,18.0,55.5,4.0
259,Karl-Anthony Towns,MIN,21,7-0,244,Kentucky,USA,2015,1,1,82.0,25.1,12.3,2.7,-0.3,10.1,24.7,27.1,61.8,12.7
260,Kawhi Leonard,SAS,26,6-7,230,San Diego State,USA,2011,1,15,74.0,25.5,5.8,3.5,8.7,3.4,14.3,30.6,61.0,18.2
261,Kay Felder,CLE,22,5-9,176,None,USA,2016,2,54,42.0,4.0,1.0,1.4,-6.5,0.8,9.2,24.3,46.2,26.1
262,Kelly Olynyk,BOS,26,7-0,238,Gonzaga,Canada,2013,1,13,75.0,9.0,4.8,2.0,-0.1,4.6,18.1,18.5,60.3,15.9
263,Kelly Oubre Jr.,WAS,21,6-7,205,Kansas,USA,2015,1,15,79.0,6.3,3.3,0.6,-0.6,3.8,12.2,14.3,51.6,4.2
264,Kemba Walker,CHA,27,6-1,184,Connecticut,USA,2011,1,9,79.0,23.2,3.9,5.5,3.5,1.6,9.5,28.6,56.9,28.2
265,Kenneth Faried,DEN,27,6-8,228,Morehead State,USA,2011,1,22,61.0,9.6,7.6,0.9,-1.7,13.5,21.8,17.9,58.8,6.4
266,Kent Bazemore,ATL,27,6-5,201,Old Dominion,USA,Undrafted,Undrafted,Undrafted,73.0,11.0,3.2,2.4,-1.7,2.2,8.9,20.2,50.4,14.0
267,Kentavious Caldwell-Pope,DET,24,6-5,205,Georgia,USA,2013,1,8,76.0,13.8,3.3,2.5,-3.3,2.0,7.9,18.7,51.9,11.1
268,Kevin Durant,GSW,28,6-9,240,Texas,USA,2007,1,2,62.0,25.1,8.3,4.8,15.7,2.0,20.7,27.1,65.1,21.8
269,Kevin Love,CLE,28,6-10,251,UCLA,USA,2008,1,5,60.0,19.0,11.1,1.9,8.4,7.7,26.7,25.3,57.3,9.3
270,Kevin Seraphin,IND,27,6-10,278,None,France,2010,1,17,49.0,4.7,2.9,0.5,-9.8,7.0,18.1,18.4,55.9,6.9
271,Kevon Looney,GSW,21,6-9,220,UCLA,USA,2015,1,30,53.0,2.5,2.3,0.5,-3.4,9.3,16.4,12.6,55.3,9.4
272,Khris Middleton,MIL,25,6-8,234,Texas A&M,USA,2012,2,39,29.0,14.7,4.2,3.4,5.4,1.4,13.5,22.7,57.0,17.5
273,Klay Thompson,GSW,27,6-7,215,Washington State,USA,2011,1,11,78.0,22.3,3.7,2.1,14.1,2.0,8.1,25.8,59.2,9.0
274,Kosta Koufos,SAC,28,7-0,265,Ohio State,USA,2008,1,23,71.0,6.6,5.7,0.7,-5.5,8.4,20.2,15.1,56.0,5.3
275,Kris Dunn,MIN,23,6-4,205,Providence,USA,2016,1,5,78.0,3.8,2.1,2.4,-3.4,1.8,11.2,13.9,43.2,20.0
276,Kris Humphries,ATL,32,6-9,235,Minnesota,USA,2004,1,14,56.0,4.6,3.7,0.5,-4.2,8.3,21.4,17.6,51.4,7.0
277,Kristaps Porzingis,NYK,21,7-3,240,None,Latvia,2015,1,4,66.0,18.1,7.2,1.5,-2.4,5.0,15.9,24.0,54.6,7.3
278,Kyle Anderson,SAS,23,6-9,230,UCLA,USA,2014,1,30,72.0,3.4,2.9,1.3,9.1,3.4,16.7,11.8,52.5,12.6
279,Kyle Korver,CLE,36,6-7,212,Creighton,USA,2003,2,51,67.0,10.1,2.8,1.6,-5.7,0.4,10.0,14.7,63.5,9.3
280,Kyle Lowry,TOR,31,6-0,205,Villanova,USA,2006,1,24,60.0,22.4,4.8,7.0,7.7,2.2,10.9,24.3,62.3,29.3
281,Kyle O'Quinn,NYK,27,6-10,250,Norfolk State,USA,2012,2,49,79.0,6.3,5.6,1.5,-5.4,12.0,21.9,18.2,55.2,14.9
282,Kyle Singler,OKC,29,6-8,228,Duke,USA,2011,2,33,32.0,2.8,1.5,0.3,2.0,1.9,10.9,11.2,48.6,3.4
283,Kyle Wiltjer,HOU,24,6-10,240,Gonzaga,Canada,Undrafted,Undrafted,Undrafted,14.0,0.9,0.7,0.1,-39.2,8.7,13.6,17.7,43.7,6.9
284,Kyrie Irving,CLE,25,6-3,193,Duke,Australia,2011,1,1,72.0,25.2,3.2,5.8,6.4,2.0,6.8,29.5,58.0,27.8
285,LaMarcus Aldridge,SAS,31,6-11,260,Texas-Austin,USA,2006,1,2,72.0,17.3,7.3,1.9,6.2,7.6,15.3,24.8,53.2,10.0
286,Lamar Patterson,ATL,25,6-5,225,Pittsburgh,USA,2014,2,48,5.0,1.8,1.4,1.2,17.7,2.6,12.2,23.0,27.6,25.0
287,Lance Stephenson,IND,26,6-5,230,Cincinnati,USA,2010,2,40,18.0,6.8,2.9,3.3,1.0,1.0,12.8,18.1,48.5,25.4
288,Lance Thomas,NYK,29,6-8,235,Duke,USA,Undrafted,Undrafted,Undrafted,46.0,6.0,3.1,0.8,-9.8,3.1,10.9,13.1,51.6,5.3
289,Langston Galloway,SAC,25,6-2,200,St. Joseph's (PA),USA,Undrafted,Undrafted,Undrafted,74.0,7.9,2.1,1.3,-2.3,1.7,8.2,18.0,51.0,9.8
290,Larry Nance Jr.,LAL,24,6-9,230,Wyoming,USA,2015,1,27,63.0,7.1,5.9,1.5,-4.1,8.0,18.0,13.3,56.7,9.6
291,Larry Sanders,CLE,28,6-11,230,Va Commonwealth,USA,2010,1,15,5.0,0.8,0.8,0.0,-3.7,37.5,7.7,22.6,41.0,0.0
292,Lavoy Allen,IND,28,6-9,260,Temple,USA,2011,2,50,61.0,2.9,3.6,0.9,-6.8,11.6,13.4,10.3,48.5,9.3
293,LeBron James,CLE,32,6-8,250,None,USA,2003,1,1,74.0,26.4,8.6,8.7,8.3,3.6,18.9,29.2,61.9,38.8
294,Leandro Barbosa,PHX,34,6-3,194,None,Brazil,2003,1,28,67.0,6.3,1.6,1.2,-3.0,1.5,9.3,20.1,50.9,12.8
295,Lou Williams,HOU,30,6-1,175,None,USA,2005,2,45,81.0,17.5,2.5,3.0,0.9,1.2,8.4,27.7,59.3,19.3
296,Luc Mbah a Moute,LAC,30,6-8,230,UCLA,Cameroon,2008,2,37,80.0,6.1,2.1,0.5,8.6,2.6,6.7,11.4,58.1,2.9
297,Lucas Nogueira,TOR,24,7-0,220,None,Brazil,2013,1,16,57.0,4.4,4.3,0.7,8.6,7.7,13.9,9.3,68.2,5.3
298,Luis Scola,BKN,37,6-9,241,None,Argentina,2002,2,55,36.0,5.1,3.9,1.0,-8.6,10.5,18.9,18.0,55.0,12.4
299,Luke Babbitt,MIA,28,6-9,225,Nevada-Reno,USA,2010,1,16,68.0,4.8,2.1,0.5,0.0,1.1,11.6,13.0,56.3,4.9
300,Luol Deng,LAL,32,6-9,220,Duke,United Kingdom,2004,1,7,56.0,7.6,5.3,1.3,-6.1,4.0,15.5,14.1,47.0,7.3
301,Malachi Richardson,SAC,21,6-6,205,Syracuse,USA,2016,1,22,22.0,3.6,1.0,0.5,-4.2,1.5,9.9,18.9,51.7,9.2
302,Malcolm Brogdon,MIL,24,6-5,215,Virginia,USA,2016,2,36,75.0,10.2,2.8,4.2,2.6,2.5,8.6,18.2,55.5,23.9
303,Malcolm Delaney,ATL,28,6-3,190,Virginia Tech,USA,Undrafted,Undrafted,Undrafted,73.0,5.4,1.7,2.6,1.4,0.8,9.0,18.1,45.6,24.1
304,Malik Beasley,DEN,20,6-5,196,Florida State,USA,2016,1,19,22.0,3.8,0.8,0.5,15.5,3.2,6.4,21.6,53.6,9.8
305,Manny Harris,DAL,27,6-5,185,Michigan,USA,Undrafted,Undrafted,Undrafted,4.0,2.0,2.3,0.5,-39.5,7.3,35.3,29.2,23.9,14.3
306,Manu Ginobili,SAS,39,6-6,205,None,Argentina,1999,2,57,69.0,7.5,2.3,2.7,9.5,2.2,9.9,18.8,53.2,19.9
307,Marc Gasol,MEM,32,7-1,255,None,Spain,2007,2,48,74.0,19.5,6.3,4.6,1.0,2.4,16.7,26.2,55.4,24.6
308,Marcelo Huertas,LAL,34,6-3,200,None,Brazil,Undrafted,Undrafted,Undrafted,23.0,2.7,1.0,2.3,-7.7,0.8,10.2,17.0,41.7,31.1
309,Marcin Gortat,WAS,33,6-11,240,None,Poland,2005,2,57,82.0,10.8,10.4,1.5,3.5,9.3,24.3,14.6,59.3,6.5
310,Marco Belinelli,CHA,31,6-5,210,None,Italy,2007,1,18,74.0,10.5,2.4,2.0,-0.6,0.8,9.3,18.7,56.6,13.1
311,Marcus Georges-Hunt,ORL,23,6-6,220,Georgia Tech,USA,Undrafted,Undrafted,Undrafted,5.0,2.8,1.8,0.6,-26.2,1.9,15.1,12.2,61.4,13.0
312,Marcus Morris Sr.,DET,27,6-9,235,Kansas,USA,2011,1,14,79.0,14.0,4.6,2.0,-2.0,2.7,11.6,20.1,50.8,9.5
313,Marcus Smart,BOS,23,6-4,220,Oklahoma State,USA,2014,1,6,79.0,10.6,3.9,4.6,3.0,3.2,9.2,18.3,48.6,22.6
314,Marcus Thornton,WAS,30,6-4,205,Louisiana State,USA,2009,2,43,33.0,6.6,2.3,1.2,-12.2,3.7,10.4,18.3,49.4,10.8
315,Mario Hezonja,ORL,22,6-8,218,None,Croatia,2015,1,5,65.0,4.9,2.2,1.0,-14.2,1.9,13.3,18.7,45.0,11.0
316,Markieff Morris,WAS,27,6-10,245,Kansas,USA,2011,1,13,76.0,14.0,6.5,1.7,4.2,4.6,16.2,20.3,54.0,7.6
317,Marquese Chriss,PHX,19,6-10,233,Washington,USA,2016,1,8,82.0,9.2,4.2,0.7,-9.5,5.2,14.8,19.4,52.9,5.1
318,Marreese Speights,LAC,29,6-10,255,Florida,USA,2008,1,16,82.0,8.7,4.5,0.8,-0.9,6.9,21.8,23.4,58.4,8.5
319,Marshall Plumlee,NYK,24,7-0,250,Duke,USA,Undrafted,Undrafted,Undrafted,21.0,1.9,2.4,0.5,2.8,12.4,16.3,12.1,52.1,8.2
320,Marvin Williams,CHA,31,6-9,237,North Carolina,USA,2005,1,2,76.0,11.2,6.6,1.4,-0.8,3.7,18.0,16.0,55.1,7.2
321,Mason Plumlee,DEN,27,6-11,255,Duke,USA,2013,1,22,81.0,10.4,7.5,3.5,0.7,8.0,20.0,18.0,55.8,18.7
322,Matt Barnes,GSW,37,6-7,226,UCLA,USA,2002,2,45,74.0,7.1,5.2,2.6,-2.0,4.0,17.6,15.5,51.4,16.2
323,Matthew Dellavedova,MIL,26,6-4,198,St. Mary's,Australia,Undrafted,Undrafted,Undrafted,76.0,7.6,1.9,4.7,-1.1,1.2,6.3,15.8,50.1,25.9
324,Maurice Harkless,POR,24,6-9,220,"St. John's, N.Y.",USA,2012,1,15,77.0,10.0,4.4,1.1,2.2,5.7,9.3,14.9,57.0,5.6
325,Maurice Ndour,NYK,25,6-9,200,Ohio,Senegal,Undrafted,Undrafted,Undrafted,32.0,3.1,2.0,0.3,0.8,6.4,13.1,14.2,50.3,3.7
326,Metta World Peace,LAL,37,6-7,260,St. John's,USA,1999,1,16,25.0,2.3,0.8,0.4,-16.7,2.8,9.8,22.1,38.0,11.3
327,Meyers Leonard,POR,25,7-1,255,Illinois,USA,2012,1,11,74.0,5.4,3.2,1.0,-1.9,2.2,17.1,15.4,50.7,8.5
328,Michael Beasley,MIL,28,6-10,235,Kansas State,USA,2008,1,2,56.0,9.4,3.4,0.9,-1.9,4.5,16.2,24.3,58.4,9.6
329,Michael Carter-Williams,CHI,25,6-6,190,Syracuse,USA,2013,1,11,45.0,6.6,3.4,2.5,-1.1,2.6,15.2,20.3,43.7,20.3
330,Michael Gbinije,DET,25,6-7,200,Syracuse,USA,2016,2,49,9.0,0.4,0.3,0.2,-1.5,5.1,3.3,15.1,18.4,8.7
331,Michael Kidd-Gilchrist,CHA,23,6-7,232,Kentucky,USA,2012,1,2,81.0,9.2,7.0,1.4,0.9,6.4,17.1,14.4,52.8,7.4
332,Mike Conley,MEM,29,6-1,175,Ohio State,USA,2007,1,4,69.0,20.5,3.5,6.3,3.4,1.4,9.5,25.6,60.4,32.9
333,Mike Dunleavy,ATL,36,6-9,230,Duke,USA,2002,1,3,53.0,5.2,2.2,0.9,-4.2,2.0,10.9,13.7,57.3,9.7
334,Mike Miller,DEN,37,6-8,218,Florida,USA,2000,1,5,20.0,1.4,1.9,1.1,-0.9,1.4,24.3,10.2,58.6,19.5
335,Mike Muscala,ATL,25,6-11,240,Bucknell,USA,2013,2,44,70.0,6.2,3.4,1.4,-2.9,5.9,13.0,14.5,59.6,12.1
336,Mike Scott,ATL,28,6-8,237,Virginia,USA,2012,2,43,18.0,2.5,2.1,0.9,-10.1,4.7,14.3,16.2,36.0,15.0
337,Mike Tobey,CHA,22,7-0,260,Virginia,USA,Undrafted,Undrafted,Undrafted,2.0,1.0,1.5,0.5,-32.7,8.0,3.7,9.8,25.0,9.1
338,Miles Plumlee,CHA,28,6-11,249,Duke,USA,2012,1,26,45.0,2.5,2.1,0.5,-7.2,8.2,11.2,12.8,51.8,6.5
339,Mindaugas Kuzminskas,NYK,27,6-9,215,None,Lithuania,Undrafted,Undrafted,Undrafted,68.0,6.3,1.9,1.0,0.2,4.4,7.5,18.6,53.3,10.2
340,Mirza Teletovic,MIL,31,6-9,245,None,Bosnia and Herzegovina,Undrafted,Undrafted,Undrafted,70.0,6.4,2.3,0.7,2.9,1.0,13.2,18.8,51.5,6.3
341,Monta Ellis,IND,31,6-3,185,None,USA,2005,2,40,74.0,8.5,2.8,3.2,-2.0,1.0,9.2,16.6,51.4,17.1
342,Montrezl Harrell,HOU,23,6-8,240,Louisville,USA,2015,2,32,58.0,9.1,3.8,1.1,5.3,7.5,12.3,17.0,66.2,9.7
343,Myles Turner,IND,21,6-11,243,Texas,USA,2015,1,11,81.0,14.5,7.3,1.3,2.8,5.9,17.2,19.5,58.5,6.5
344,Nemanja Bjelica,MIN,29,6-10,225,None,Serbia,2010,2,35,65.0,6.2,3.8,1.2,0.5,4.7,15.7,15.9,52.6,10.2
345,Nene,HOU,34,6-11,250,None,Brazil,2002,1,7,67.0,9.1,4.2,1.0,8.4,7.4,14.7,19.1,63.0,8.8
346,Nerlens Noel,DAL,23,6-11,228,Kentucky,USA,2013,1,6,51.0,8.7,5.8,1.0,-3.3,9.0,19.8,17.1,62.2,7.8
347,Nick Collison,OKC,36,6-10,255,Kansas,USA,2003,1,12,20.0,1.7,1.6,0.6,-14.9,5.9,16.8,9.7,62.2,17.1
348,Nick Young,LAL,32,6-7,210,Southern California,USA,2007,1,16,60.0,13.2,2.3,1.0,-6.2,1.5,7.4,19.2,58.8,5.7
349,Nicolas Batum,CHA,28,6-8,200,None,France,2008,1,25,77.0,15.1,6.2,5.9,1.0,1.7,16.4,21.5,52.9,27.3
350,Nicolas Brussino,DAL,24,6-8,215,None,Argentina,Undrafted,Undrafted,Undrafted,54.0,2.8,1.8,0.9,-9.9,4.8,14.8,14.8,49.8,14.4
351,Nicolas Laprovittola,SAS,27,6-4,180,None,Argentina,Undrafted,Undrafted,Undrafted,18.0,3.3,0.6,1.6,-11.5,0.6,5.1,17.9,57.9,30.1
352,Nik Stauskas,PHI,23,6-6,205,Michigan,Canada,2014,1,8,80.0,9.5,2.8,2.4,-4.2,0.9,9.1,16.1,54.0,12.9
353,Nikola Jokic,DEN,22,6-10,250,None,Serbia,2014,2,41,73.0,16.7,9.8,4.9,6.5,10.6,24.8,23.1,64.0,26.6
354,Nikola Mirotic,CHI,26,6-10,238,None,Montenegro,2011,1,23,70.0,10.6,5.5,1.1,5.4,3.6,18.6,19.4,54.6,6.9
355,Nikola Vucevic,ORL,26,7-0,260,Southern California,Montenegro,2011,1,16,75.0,14.6,10.4,2.8,-3.5,7.7,27.2,24.1,49.8,15.7
356,Noah Vonleh,POR,21,6-9,245,Indiana,USA,2014,1,9,74.0,4.4,5.2,0.4,-2.8,9.8,19.9,12.9,52.5,3.6
357,Norman Powell,TOR,24,6-4,215,UCLA,USA,2015,2,46,76.0,8.4,2.2,1.1,2.8,2.0,10.7,20.8,55.2,9.4
358,Norris Cole,OKC,28,6-2,175,Cleveland State,USA,2011,1,28,13.0,3.3,0.8,1.1,-5.8,0.0,9.2,21.5,38.1,17.7
359,Okaro White,MIA,24,6-8,204,Florida State,USA,Undrafted,Undrafted,Undrafted,35.0,2.8,2.3,0.6,7.5,5.3,12.4,10.6,50.7,6.1
360,Omer Asik,NOP,30,7-0,255,None,Turkey,2008,2,36,31.0,2.7,5.3,0.5,-5.8,9.2,22.8,8.6,51.7,4.4
361,Omri Casspi,MIN,29,6-9,225,None,Israel,2009,1,23,36.0,5.2,3.1,1.0,-6.8,4.2,14.5,13.8,52.6,8.7
362,Otto Porter Jr.,WAS,24,6-8,198,Georgetown,USA,2013,1,3,80.0,13.4,6.4,1.5,3.2,4.5,15.4,14.7,62.8,6.6
363,P.J. Tucker,TOR,32,6-6,245,Texas,USA,2006,2,35,81.0,6.7,5.8,1.2,-1.5,5.0,16.0,11.1,51.6,6.3
364,Pascal Siakam,TOR,23,6-9,230,New Mexico State,Cameroon,2016,1,27,55.0,4.2,3.4,0.3,-2.1,7.7,14.8,12.9,52.3,2.8
365,Pat Connaughton,POR,24,6-5,210,Notre Dame,USA,2015,2,41,39.0,2.5,1.3,0.7,-4.1,3.2,13.0,12.7,64.5,13.7
366,Patricio Garino,ORL,24,6-6,203,George Washington,Argentina,Undrafted,Undrafted,Undrafted,5.0,0.0,1.4,0.0,-18.7,2.2,13.0,10.0,0.0,0.0
367,Patrick Beverley,HOU,28,6-1,185,Arkansas,USA,2009,2,42,67.0,9.5,5.9,4.2,8.4,4.4,14.4,14.0,54.6,18.4
368,Patrick McCaw,GSW,21,6-7,185,UNLV,USA,2016,2,38,71.0,4.0,1.4,1.1,-2.0,1.9,6.9,11.6,54.0,9.9
369,Patrick Patterson,TOR,28,6-9,235,Kentucky,USA,2010,1,14,65.0,6.8,4.5,1.2,10.4,4.0,14.3,12.3,54.2,6.6
370,Patty Mills,SAS,28,6-0,185,St. Mary's,Australia,2009,2,55,80.0,9.5,1.8,3.5,11.2,1.4,6.5,18.4,57.8,23.6
371,Pau Gasol,SAS,36,7-0,250,None,Spain,2001,1,3,64.0,12.4,7.8,2.3,6.8,6.9,24.5,21.3,57.8,14.3
372,Paul George,IND,27,6-9,220,Fresno State,USA,2010,1,10,75.0,23.7,6.6,3.3,3.1,2.3,16.1,28.7,58.7,15.7
373,Paul Millsap,ATL,32,6-8,246,Louisiana Tech,USA,2006,2,47,69.0,18.1,7.7,3.7,2.7,4.7,17.1,24.1,54.2,17.2
374,Paul Pierce,LAC,39,6-7,235,Kansas,USA,1998,1,10,25.0,3.2,1.9,0.4,4.4,0.4,15.4,14.5,53.5,4.9
375,Paul Zipser,CHI,23,6-8,210,None,Germany,2016,2,48,44.0,5.5,2.8,0.8,1.7,1.7,12.5,14.3,50.3,6.2
376,Pierre Jackson,DAL,25,5-10,180,Baylor,USA,2013,2,42,9.0,3.9,1.0,2.1,31.8,1.1,9.8,22.2,41.6,32.2
377,Quincy Acy,BKN,26,6-7,240,Baylor,USA,2012,2,37,38.0,5.8,3.0,0.5,-4.1,3.4,16.8,16.5,56.5,5.3
378,Quinn Cook,NOP,24,6-2,179,Duke,USA,Undrafted,Undrafted,Undrafted,14.0,5.6,0.5,1.9,-11.3,0.6,3.7,19.2,57.9,19.8
379,RJ Hunter,CHI,23,6-5,185,Georgia State,USA,2015,1,28,3.0,0.0,0.3,0.0,-52.6,0.0,7.7,3.8,0.0,0.0
380,Rajon Rondo,CHI,31,6-1,186,Kentucky,USA,2006,1,21,69.0,7.8,5.1,6.7,-2.2,3.8,15.1,17.4,46.1,36.1
381,Rakeem Christmas,IND,25,6-9,250,Syracuse,USA,2015,2,36,29.0,2.0,1.9,0.1,-7.9,10.5,13.9,11.9,52.9,2.7
382,Ramon Sessions,CHA,31,6-3,190,Nevada-Reno,USA,2007,2,56,50.0,6.2,1.5,2.6,-5.5,1.3,7.1,19.2,49.5,24.0
383,Randy Foye,BKN,33,6-4,218,Villanova,USA,2006,1,7,69.0,5.2,2.2,2.0,-7.6,0.7,10.8,14.3,50.6,15.3
384,Rashad Vaughn,MIL,20,6-6,202,UNLV,USA,2015,1,17,41.0,3.5,1.2,0.6,-8.2,0.9,10.2,16.9,44.9,8.5
385,Raul Neto,UTA,25,6-1,179,None,Brazil,2013,2,47,40.0,2.5,0.8,0.9,12.3,1.2,7.3,14.0,52.7,14.0
386,Raymond Felton,LAC,33,6-1,205,North Carolina,USA,2005,1,5,80.0,6.7,2.7,2.4,-4.1,1.9,10.6,16.3,49.6,17.2
387,Reggie Bullock,DET,26,6-7,205,North Carolina,USA,2013,1,25,31.0,4.5,2.1,0.9,5.0,2.6,11.0,12.8,53.8,8.6
388,Reggie Jackson,DET,27,6-3,208,Boston College,USA,2011,1,24,52.0,14.5,2.2,5.2,-8.0,1.3,7.2,26.1,51.0,30.6
389,Reggie Williams,NOP,30,6-6,205,Virginia Military Institute,USA,Undrafted,Undrafted,Undrafted,6.0,4.5,1.0,0.7,-15.4,1.9,5.6,12.8,51.8,8.7
390,Richard Jefferson,CLE,37,6-7,233,Arizona,USA,2001,1,13,79.0,5.7,2.6,1.0,4.0,1.8,10.3,12.1,57.4,6.8
391,Richaun Holmes,PHI,23,6-10,245,Bowling Green,USA,2015,2,37,57.0,9.8,5.5,1.0,-7.2,7.9,17.8,18.4,61.1,8.1
392,Ricky Rubio,MIN,26,6-4,190,None,Spain,2009,1,5,75.0,11.1,4.1,9.1,-0.7,2.8,10.0,17.1,53.9,38.5
393,Robert Covington,PHI,26,6-9,215,Tennessee State,USA,Undrafted,Undrafted,Undrafted,67.0,12.9,6.5,1.5,-3.0,4.1,15.8,18.8,53.4,7.5
394,Robin Lopez,CHI,29,7-0,255,Stanford,USA,2008,1,15,81.0,10.4,6.4,1.0,1.4,10.2,12.0,17.2,51.1,5.4
395,Rodney Hood,UTA,24,6-8,206,Duke,USA,2014,1,23,59.0,12.7,3.4,1.6,4.0,1.1,11.7,22.7,52.2,10.2
396,Rodney McGruder,MIA,25,6-4,205,Kansas State,USA,Undrafted,Undrafted,Undrafted,78.0,6.4,3.3,1.6,0.3,4.7,8.3,12.3,50.6,8.8
397,Rodney Stuckey,IND,31,6-5,205,Eastern Washington,USA,2007,1,15,39.0,7.2,2.2,2.2,-2.8,0.9,10.9,21.8,48.3,18.4
398,Ron Baker,NYK,24,6-4,220,Wichita State,USA,Undrafted,Undrafted,Undrafted,52.0,4.1,1.9,2.1,-2.3,1.4,10.0,14.9,45.6,18.8
399,Rondae Hollis-Jefferson,BKN,22,6-7,214,Arizona,USA,2015,1,23,78.0,8.7,5.8,2.0,-5.5,5.3,18.6,18.5,51.7,13.5
400,Ronnie Price,PHX,34,6-2,190,Utah Valley,USA,Undrafted,Undrafted,Undrafted,14.0,1.0,0.8,1.3,-15.7,1.8,5.9,8.5,27.2,18.8
401,Roy Hibbert,DEN,30,7-2,270,Georgetown,USA,2008,1,17,48.0,4.6,3.2,0.4,-2.0,7.7,12.7,13.6,61.4,4.8
402,Rudy Gay,SAC,30,6-8,230,Connecticut,USA,2006,1,8,30.0,18.7,6.3,2.8,2.3,3.4,15.6,24.6,55.9,14.0
403,Rudy Gobert,UTA,25,7-1,245,None,France,2013,1,27,81.0,14.0,12.8,1.2,8.3,12.4,25.9,16.6,68.1,5.7
404,Russell Westbrook,OKC,28,6-3,200,UCLA,USA,2008,1,4,81.0,31.6,10.7,10.4,4.5,4.6,25.1,40.2,55.4,54.3
405,Ryan Anderson,HOU,29,6-10,240,California,USA,2008,1,21,72.0,13.6,4.6,0.9,8.9,5.2,10.3,17.8,58.3,4.6
406,Ryan Kelly,ATL,26,6-11,230,Duke,USA,2013,2,48,16.0,1.6,1.1,0.5,2.6,0.9,14.4,14.2,40.8,11.6
407,Salah Mejri,DAL,31,7-2,245,None,Tunisia,Undrafted,Undrafted,Undrafted,73.0,2.9,4.2,0.2,-0.5,10.9,25.4,10.5,65.0,2.5
408,Sam Dekker,HOU,23,6-9,230,Wisconsin,USA,2015,1,18,77.0,6.5,3.7,1.0,3.7,6.4,12.6,14.8,54.9,7.9
409,Sasha Vujacic,NYK,33,6-7,195,None,Slovenia,2004,1,27,42.0,3.0,1.4,1.2,0.4,2.7,10.9,16.8,42.3,18.9
410,Sean Kilpatrick,BKN,27,6-4,219,Cincinnati,USA,Undrafted,Undrafted,Undrafted,70.0,13.1,4.0,2.2,-6.3,1.2,13.6,23.2,54.6,14.7
411,Semaj Christon,OKC,24,6-3,190,Xavier,USA,2014,2,55,64.0,2.9,1.4,2.0,-6.3,1.9,7.3,12.3,38.7,19.3
412,Serge Ibaka,TOR,27,6-10,235,None,Republic of the Congo,2008,1,24,79.0,14.8,6.8,0.9,-2.9,5.3,16.9,20.8,56.6,5.0
413,Sergio Rodriguez,PHI,31,6-3,176,None,Spain,2006,1,27,68.0,7.8,2.3,5.1,-5.0,1.3,8.8,18.9,48.4,34.9
414,Seth Curry,DAL,26,6-2,185,Duke,USA,Undrafted,Undrafted,Undrafted,70.0,12.8,2.6,2.7,-0.2,1.3,8.4,19.3,60.1,15.9
415,Shabazz Muhammad,MIN,24,6-6,223,UCLA,USA,2013,1,14,78.0,9.9,2.8,0.4,-1.6,5.5,9.4,20.9,56.6,3.8
416,Shabazz Napier,POR,25,6-1,175,Connecticut,USA,2014,1,24,53.0,4.1,1.2,1.3,2.4,1.7,10.8,21.5,53.3,20.0
417,Shaun Livingston,GSW,31,6-7,192,None,USA,2004,1,4,76.0,5.1,2.0,1.8,5.4,2.2,8.4,13.2,56.8,14.6
418,Shawn Long,PHI,24,6-9,255,Louisiana-Lafayette,USA,Undrafted,Undrafted,Undrafted,18.0,8.2,4.7,0.7,4.5,16.3,18.6,24.1,59.5,8.7
419,Sheldon Mac,WAS,24,6-6,200,Miami,USA,2016,,,30.0,3.0,1.1,0.5,-10.8,1.3,10.3,13.8,51.8,7.8
420,Shelvin Mack,UTA,27,6-3,203,Butler,USA,2011,2,34,55.0,7.8,2.3,2.8,0.3,1.8,8.7,19.1,51.8,21.0
421,Skal Labissiere,SAC,21,6-11,225,Kentucky,Haiti,2016,1,28,33.0,8.8,4.9,0.8,-2.8,8.6,17.5,20.9,57.7,7.1
422,Solomon Hill,NOP,26,6-7,225,Arizona,USA,2013,1,23,80.0,7.0,3.8,1.8,1.0,2.1,10.1,11.4,52.7,8.0
423,Spencer Dinwiddie,BKN,24,6-6,200,Colorado,USA,2014,2,38,59.0,7.3,2.8,3.1,-4.7,2.0,9.7,14.0,58.1,21.0
424,Spencer Hawes,MIL,29,7-1,245,Washington,USA,2007,1,10,54.0,6.2,3.5,1.5,-11.2,4.6,18.7,19.3,56.2,17.4
425,Stanley Johnson,DET,21,6-7,245,Arizona,USA,2015,1,8,77.0,4.4,2.5,1.4,0.0,2.5,11.6,14.4,43.6,10.6
426,Stephen Curry,GSW,29,6-3,190,Davidson,USA,2009,1,7,79.0,25.3,4.5,6.6,17.4,2.4,10.1,28.6,62.4,28.7
427,Stephen Zimmerman,ORL,20,7-0,240,UNLV,USA,2016,2,41,19.0,1.2,1.8,0.2,-16.9,8.5,24.7,14.2,34.6,5.6
428,Steve Novak,MIL,34,6-10,225,Marquette,USA,2006,2,32,8.0,0.6,0.4,0.0,-9.8,0.0,13.6,14.9,35.7,0.0
429,Steven Adams,OKC,23,7-0,255,Pittsburgh,New Zealand,2013,1,12,80.0,11.3,7.7,1.1,4.2,11.0,13.6,15.9,58.9,5.4
430,T.J. McConnell,PHI,25,6-2,200,Arizona,USA,2015,0,,81.0,6.9,3.1,6.6,-6.2,1.8,9.7,14.2,50.4,37.4
431,T.J. Warren,PHX,23,6-8,225,North Carolina State,USA,2014,1,14,66.0,14.4,5.1,1.1,-6.4,5.7,10.3,18.8,53.9,5.6
432,Taj Gibson,OKC,32,6-9,236,Southern California,USA,2009,1,26,78.0,10.8,6.2,0.9,0.5,7.5,16.3,18.8,54.3,5.7
433,Tarik Black,LAL,25,6-9,250,Kansas,USA,Undrafted,Undrafted,Undrafted,67.0,5.7,5.1,0.6,-0.9,12.3,17.7,15.2,56.0,5.2
434,Taurean Prince,ATL,23,6-8,220,Baylor,USA,2016,1,12,59.0,5.7,2.7,0.9,-0.6,2.4,12.5,16.8,51.3,9.1
435,Terrence Jones,MIL,25,6-9,255,Kentucky,USA,2012,1,18,54.0,10.8,5.7,1.1,-2.9,4.8,17.8,20.9,51.5,7.5
436,Terrence Ross,ORL,26,6-7,195,Washington,USA,2012,1,8,78.0,11.0,2.6,1.1,2.9,0.9,9.6,18.5,55.0,6.6
437,Terry Rozier,BOS,23,6-2,190,Louisville,USA,2015,1,16,74.0,5.5,3.1,1.8,-0.7,3.0,14.0,16.7,46.6,16.4
438,Thabo Sefolosha,ATL,33,6-7,220,None,Switzerland,2006,1,13,62.0,7.2,4.4,1.7,-1.4,3.3,13.1,13.1,51.9,9.9
439,Thaddeus Young,IND,29,6-8,221,Georgia Tech,USA,2007,1,12,74.0,11.0,6.1,1.6,1.9,6.2,13.8,16.3,56.2,8.2
440,Thomas Robinson,LAL,26,6-10,237,Kansas,USA,2012,1,5,48.0,5.0,4.6,0.6,-7.2,14.0,26.3,20.0,53.5,8.8
441,Thon Maker,MIL,20,7-1,223,None,South Sudan,2016,1,10,57.0,4.0,2.0,0.4,-1.6,7.5,14.5,18.1,55.8,6.9
442,Tiago Splitter,PHI,32,6-11,245,None,Brazil,2007,1,28,8.0,4.9,2.8,0.5,-3.2,8.8,20.0,21.4,54.4,8.9
443,Tim Frazier,NOP,26,6-1,170,Penn State,USA,Undrafted,Undrafted,Undrafted,65.0,7.1,2.7,5.2,-2.6,2.2,8.7,16.1,50.4,31.2
444,Tim Hardaway Jr.,ATL,25,6-6,205,Michigan,USA,2013,1,24,79.0,14.5,2.8,2.3,3.0,1.6,8.3,21.8,56.8,13.7
445,Tim Quarterman,POR,22,6-6,190,Louisiana State,USA,2016,,,16.0,1.9,0.9,0.7,0.6,4.8,10.8,22.4,51.1,23.4
446,Timofey Mozgov,LAL,30,7-1,275,None,Russia,Undrafted,Undrafted,Undrafted,54.0,7.4,4.9,0.8,-8.7,8.8,14.6,16.8,55.3,6.1
447,Timothe Luwawu-Cabarrot,PHI,22,6-6,205,None,France,2016,1,24,69.0,6.4,2.2,1.1,-2.0,2.1,10.0,17.5,53.6,9.3
448,Tobias Harris,DET,24,6-9,235,Tennessee,USA,2011,1,19,82.0,16.1,5.1,1.7,-0.5,2.4,14.0,21.4,56.8,8.7
449,Tomas Satoransky,WAS,25,6-7,210,None,Czech Republic,2012,2,32,57.0,2.7,1.5,1.6,1.1,3.6,7.8,12.2,47.7,18.3
450,Toney Douglas,MEM,31,6-2,195,Florida State,USA,2009,1,29,24.0,4.9,2.5,2.3,0.2,3.1,13.7,15.8,45.1,21.4
451,Tony Allen,MEM,35,6-4,213,Oklahoma State,USA,2004,1,25,71.0,9.1,5.5,1.4,0.8,8.6,12.3,17.8,49.3,8.3
452,Tony Parker,SAS,35,6-2,185,None,France,2001,1,28,63.0,10.1,1.8,4.5,6.5,0.6,6.6,20.4,51.4,27.6
453,Tony Snell,MIL,25,6-7,217,New Mexico,USA,2013,1,20,80.0,8.5,3.1,1.2,-1.8,1.0,9.8,12.1,60.3,5.8
454,Treveon Graham,CHA,23,6-6,226,Virginia Commonwealth,USA,Undrafted,Undrafted,Undrafted,27.0,2.1,0.8,0.2,-10.6,2.5,8.8,11.9,61.2,5.8
455,Trevor Ariza,HOU,32,6-8,215,UCLA,USA,2004,2,43,80.0,11.7,5.7,2.2,6.2,1.9,14.3,14.0,54.8,8.8
456,Trevor Booker,BKN,29,6-8,228,Clemson,USA,2010,1,23,71.0,10.0,8.0,1.9,-8.1,7.9,22.3,18.5,55.4,13.1
457,Trey Burke,WAS,24,6-1,191,Michigan,USA,2013,1,9,57.0,5.0,0.8,1.8,-10.2,1.0,5.7,20.0,53.2,23.0
458,Trey Lyles,UTA,21,6-10,234,Kentucky,Canada,2015,1,12,71.0,6.2,3.3,1.0,0.8,4.2,15.8,20.9,46.4,9.8
459,Tristan Thompson,CLE,26,6-9,238,University of Texas at Austin,Canada,2011,1,4,78.0,8.1,9.2,1.0,3.3,12.0,17.7,11.2,59.4,4.6
460,Troy Daniels,MEM,25,6-4,205,Va Commonwealth,USA,Undrafted,Undrafted,Undrafted,67.0,8.2,1.5,0.7,0.6,1.7,6.8,20.3,53.1,6.5
461,Troy Williams,HOU,22,6-7,210,Indiana,USA,Undrafted,Undrafted,Undrafted,30.0,6.2,2.3,0.8,-6.3,2.6,9.3,16.9,51.1,7.2
462,Ty Lawson,SAC,29,5-11,195,North Carolina,USA,2009,1,18,69.0,9.9,2.6,4.8,-4.5,2.6,7.7,19.0,55.1,30.0
463,Tyler Ennis,LAL,22,6-3,194,Syracuse,Canada,2014,1,18,53.0,4.3,0.8,1.6,0.1,1.5,6.5,18.9,52.1,21.1
464,Tyler Johnson,MIA,25,6-4,186,Fresno State,USA,Undrafted,Undrafted,Undrafted,73.0,13.7,4.0,3.2,0.6,2.2,11.1,20.3,53.5,17.0
465,Tyler Ulis,PHX,21,5-10,150,Kentucky,USA,2016,2,34,61.0,7.3,1.6,3.7,-5.3,1.6,6.3,19.9,47.4,29.7
466,Tyler Zeller,BOS,27,7-0,253,North Carolina,USA,2012,1,17,51.0,3.5,2.4,0.8,-0.5,7.8,14.3,15.9,50.8,12.5
467,Tyreke Evans,SAC,27,6-6,220,Memphis,USA,2009,1,4,40.0,10.3,3.4,3.1,-9.5,1.5,15.5,26.2,50.1,28.1
468,Tyson Chandler,PHX,34,7-1,240,None,USA,2001,1,2,47.0,8.4,11.5,0.6,-3.1,11.4,30.6,11.2,70.3,3.3
469,Tyus Jones,MIN,21,6-2,195,Duke,USA,2015,1,24,60.0,3.5,1.1,2.6,2.0,1.3,7.8,13.2,52.3,27.6
470,Udonis Haslem,MIA,37,6-8,235,Florida,USA,Undrafted,Undrafted,Undrafted,16.0,1.9,2.3,0.4,-25.2,5.4,21.7,13.0,52.4,9.4
471,Victor Oladipo,OKC,25,6-4,210,Indiana,USA,2013,1,2,67.0,15.9,4.3,2.6,4.1,1.7,10.9,21.0,53.4,12.2
472,Vince Carter,MEM,40,6-6,220,North Carolina,USA,1998,1,5,73.0,8.0,3.1,1.8,4.0,2.0,10.9,14.7,54.2,11.2
473,Wade Baldwin IV,MEM,21,6-4,202,Vanderbilt,USA,2016,1,17,33.0,3.2,1.4,1.8,-16.8,2.5,8.5,18.6,40.4,26.2
474,Wayne Ellington,MIA,29,6-4,200,North Carolina,USA,2009,1,28,62.0,10.5,2.1,1.1,2.7,1.2,7.6,17.4,56.5,7.0
475,Wayne Selden,MEM,22,6-5,230,Kansas,USA,2016,,,14.0,5.1,1.1,0.9,-8.6,0.4,6.0,15.9,52.5,9.0
476,Wesley Johnson,LAC,29,6-7,215,Syracuse,USA,2010,1,4,68.0,2.7,2.7,0.3,-2.4,3.1,18.6,12.2,44.8,4.2
477,Wesley Matthews,DAL,30,6-5,220,Marquette,USA,Undrafted,Undrafted,Undrafted,73.0,13.5,3.5,2.9,-3.7,0.7,10.5,19.3,53.3,13.8
478,Will Barton,DEN,26,6-6,175,Memphis,USA,2012,2,40,60.0,13.7,4.3,3.4,-2.1,3.2,12.0,20.7,54.7,18.5
479,Willie Cauley-Stein,SAC,23,7-0,240,Kentucky,USA,2015,1,6,75.0,8.1,4.5,1.1,-6.9,6.2,18.0,19.5,55.8,9.3
480,Willie Reed,MIA,27,6-11,245,St. Louis,USA,2011,0,0,71.0,5.3,4.7,0.4,1.9,11.9,19.2,15.0,57.8,4.0
481,Willy Hernangomez,NYK,23,6-11,240,None,Spain,2015,2,35,72.0,8.2,7.0,1.3,-1.1,12.3,23.7,19.9,56.4,11.6
482,Wilson Chandler,DEN,30,6-8,225,DePaul,USA,2007,1,23,71.0,15.7,6.5,2.0,-1.0,4.6,16.2,21.7,54.5,9.7
483,Yogi Ferrell,DAL,24,6-0,180,Indiana,USA,Undrafted,Undrafted,Undrafted,46.0,10.0,2.4,3.7,-4.2,1.7,8.1,19.2,53.3,23.2
484,Zach LaVine,MIN,22,6-5,185,UCLA,USA,2014,1,13,47.0,18.9,3.4,3.0,-2.8,1.1,8.7,21.5,57.6,12.8
485,Zach Randolph,MEM,35,6-9,260,Michigan State,USA,2001,1,19,73.0,14.1,8.2,1.7,0.0,9.6,24.6,28.0,49.0,13.1
486,Zaza Pachulia,GSW,33,6-11,275,None,Georgia,2003,2,42,70.0,6.1,5.9,1.9,15.7,11.5,20.2,15.0,58.8,13.1
