,Player,Team,Age,Height,Weight,COLLEGE,COUNTRY,DRAFT YEAR,DRAFT ROUND,DRAFT NUMBER,GP,PTS,REB,AST,NETRTG,OREB%,DREB%,USG%,TS%,AST%
0,,,,,,,,,,,,,,,,,,,,
1,Aaron McKie,PHI,31,6-5,209,Temple,USA,1994,1,17,75.0,9.2,3.4,2.6,-1.3,2.2,10.2,15.9,55.0,16.9
2,Aaron Williams,NJN,32,6-9,240,Xavier,USA,Undrafted,Undrafted,Undrafted,72.0,6.3,4.1,1.1,-1.4,7.8,15.1,17.1,54.9,10.9
3,Adonal Foyle,GSW,29,6-10,265,Colgate,St. Vincent & Grenadines,1997,1,8,44.0,3.1,3.8,0.4,-6.9,9.4,19.7,13.2,47.1,5.0
4,Adrian Griffin,HOU,29,6-5,230,Seton Hall,USA,Undrafted,Undrafted,Undrafted,19.0,0.6,1.0,0.5,-15.5,0.9,14.3,8.7,27.8,13.2
5,Al Harrington,IND,24,6-9,250,None,USA,1998,1,25,79.0,13.3,6.4,1.7,1.5,7.0,15.5,22.5,51.4,10.7
6,Alan Henderson,ATL,31,6-9,240,Indiana,USA,1995,1,16,6.0,4.0,3.5,0.3,-21.8,18.3,14.1,18.5,50.8,5.6
7,Alex Garcia,SAS,24,6-3,195,None,Brazil,Undrafted,Undrafted,Undrafted,2.0,1.5,0.0,0.0,8.6,0.0,0.0,26.5,19.0,0.0
8,Allan Houston,NYK,33,6-6,200,Tennessee,USA,1993,1,11,50.0,18.5,2.4,2.0,-0.7,1.2,5.6,24.4,53.9,10.1
9,Allen Iverson,PHI,29,6-0,165,Georgetown,USA,1996,1,1,48.0,26.4,3.7,6.8,-2.5,1.7,6.9,33.9,47.8,32.5
10,Alonzo Mourning,NJN,34,6-10,261,Georgetown,USA,1992,1,2,12.0,8.0,2.3,0.7,-5.5,3.8,8.4,20.1,55.8,7.3
11,Alton Ford,HOU,23,6-9,280,Houston,USA,2001,2,50,9.0,1.7,1.2,0.3,3.7,7.3,21.1,17.8,55.0,15.8
12,Alvin Williams,TOR,29,6-5,185,Villanova,USA,1997,2,47,56.0,8.8,2.7,4.0,-6.5,1.1,7.8,16.8,46.3,23.7
13,Amal McCaskill,PHI,30,6-11,235,Marquette,USA,1996,2,49,59.0,1.9,2.3,0.3,-3.7,8.0,13.5,11.2,43.8,5.5
14,Amar'e Stoudemire,PHX,21,6-10,245,None,USA,2002,1,9,55.0,20.6,9.0,1.4,-2.9,7.9,16.7,27.3,53.6,7.0
15,Andre Miller,DEN,28,6-2,200,Utah,USA,1999,1,8,82.0,14.8,4.5,6.1,3.0,4.5,8.5,20.4,54.1,28.3
16,Andrei Kirilenko,UTA,23,6-9,225,None,Russia,1999,1,24,78.0,16.5,8.1,3.1,1.8,8.3,15.2,21.5,55.9,15.2
17,Andrew DeClercq,ORL,31,6-10,255,Florida,USA,1995,2,34,71.0,3.2,4.5,0.6,-3.3,10.8,15.8,10.1,52.6,5.4
18,Anfernee Hardaway,NYK,32,6-7,215,Memphis,USA,1993,1,3,76.0,9.2,3.8,2.3,-2.2,3.3,10.5,18.0,47.2,14.1
19,Ansu Sesay,SEA,27,6-9,225,Mississippi,USA,1998,2,30,57.0,3.5,1.6,0.3,-1.6,7.3,8.7,16.8,50.4,5.7
20,Antawn Jamison,DAL,28,6-9,225,North Carolina,USA,1998,1,4,82.0,14.8,6.3,0.9,5.6,9.3,12.1,20.3,58.1,4.7
21,Anthony Carter,SAS,29,6-2,195,Hawaii,USA,Undrafted,Undrafted,Undrafted,5.0,4.4,2.2,2.4,0.6,2.2,8.5,24.7,29.7,27.9
22,Anthony Goldwire,NJN,32,6-2,182,Houston,USA,1994,2,52,11.0,1.5,0.6,1.0,0.0,1.2,7.7,13.4,37.9,21.6
23,Anthony Johnson,IND,29,6-3,190,College of Charleston,USA,1997,2,39,73.0,6.2,1.8,2.8,-0.8,1.8,6.9,15.2,49.7,23.1
24,Anthony Peeler,SAC,34,6-4,208,Missouri,USA,1992,1,15,75.0,5.7,2.0,1.6,4.6,2.2,8.5,14.3,57.5,13.9
25,Antoine Walker,DAL,27,6-9,245,Kentucky,USA,1996,1,6,82.0,14.0,8.3,4.5,2.1,6.6,17.0,21.3,47.5,19.5
26,Antonio Daniels,SEA,29,6-4,205,Bowling Green,USA,1997,1,4,71.0,8.0,2.0,4.2,1.2,1.6,7.9,16.1,59.6,32.4
27,Antonio Davis,CHI,35,6-9,230,Texas-El Paso,USA,1990,2,45,80.0,8.9,8.4,1.7,-5.8,7.6,18.0,15.5,46.5,9.3
28,Antonio McDyess,PHX,29,6-9,245,Alabama,USA,1995,1,2,42.0,6.9,6.1,0.9,-0.1,8.0,19.9,17.3,48.6,6.6
29,Austin Croshere,IND,29,6-10,242,Providence,USA,1997,1,12,77.0,5.0,3.2,0.7,2.2,6.3,18.5,18.3,54.9,9.6
30,Avery Johnson,GSW,39,5-11,185,Southern,USA,Undrafted,Undrafted,Undrafted,46.0,4.6,0.7,2.4,-5.6,0.5,4.8,20.7,45.4,31.1
31,Baron Davis,NOH,25,6-3,223,UCLA,USA,1999,1,3,67.0,22.9,4.3,7.5,3.5,2.4,8.4,29.5,49.2,36.3
32,Ben Handlogten,UTA,30,6-10,240,Western Michigan,USA,Undrafted,Undrafted,Undrafted,17.0,4.0,3.2,0.4,-1.7,13.8,21.4,18.1,57.7,6.3
33,Ben Wallace,DET,29,6-9,240,Virginia Union,USA,Undrafted,Undrafted,Undrafted,81.0,9.5,12.4,1.7,7.3,10.8,22.2,15.0,44.1,7.5
34,Bimbo Coles,MIA,36,6-2,182,Virginia Tech,USA,1990,2,40,22.0,1.3,0.5,0.7,-16.4,1.2,5.2,12.4,38.2,16.3
35,Bo Outlaw,MEM,33,6-8,220,Houston,USA,Undrafted,Undrafted,Undrafted,82.0,4.6,4.2,1.1,6.1,7.7,13.3,12.1,52.2,9.3
36,Bob Sura,ATL,31,6-5,200,Florida State,USA,1995,1,17,80.0,7.5,4.1,2.9,0.3,6.1,13.8,18.7,51.0,24.0
37,Bobby Jackson,SAC,31,6-1,185,Minnesota,USA,1997,1,23,50.0,13.8,3.5,2.1,6.1,4.5,9.8,25.9,53.8,17.1
38,Bobby Simmons,LAC,24,6-6,235,DePaul,USA,2001,2,41,56.0,7.8,4.7,1.7,-1.3,8.2,11.1,16.6,48.8,11.7
39,Bonzi Wells,MEM,27,6-5,210,Ball State,USA,1998,1,11,72.0,12.3,3.6,1.9,0.5,4.2,9.9,25.9,47.6,13.6
40,Boris Diaw,ATL,22,6-8,215,None,France,2003,1,21,76.0,4.5,4.5,2.4,-5.9,6.0,12.2,11.2,48.3,15.4
41,Bostjan Nachbar,HOU,23,6-9,221,None,Slovenia,2002,1,15,45.0,3.1,1.6,0.7,3.4,1.8,11.9,15.3,47.7,10.3
42,Brad Miller,SAC,28,7-0,261,Purdue,USA,Undrafted,Undrafted,Undrafted,72.0,14.1,10.3,4.3,9.9,7.8,20.3,17.3,57.9,17.9
43,Brandon Armstrong,NJN,24,6-5,185,Pepperdine,USA,2001,1,23,56.0,2.7,0.8,0.3,-14.7,3.0,8.1,21.6,42.7,6.5
44,Brandon Hunter,BOS,23,6-7,260,Ohio,USA,2003,2,56,36.0,3.5,3.3,0.5,0.1,11.6,16.9,16.3,46.3,7.7
45,Brendan Haywood,WAS,24,7-0,268,North Carolina,USA,2001,1,20,77.0,7.0,5.0,0.6,-2.5,11.8,14.1,16.8,54.7,5.1
46,Brent Barry,SEA,32,6-6,203,Oregon State,USA,1995,1,15,59.0,10.8,3.5,5.8,0.4,1.2,10.4,15.2,66.8,29.0
47,Brevin Knight,MIL,28,5-10,170,Stanford,USA,1997,1,16,56.0,4.7,2.0,3.6,-5.5,1.4,10.1,15.3,47.5,34.3
48,Brian Cardinal,GSW,27,6-8,245,Purdue,USA,2000,2,44,76.0,9.6,4.2,1.4,4.3,6.3,13.8,18.3,62.6,10.6
49,Brian Cook,LAL,23,6-9,234,Illinois,USA,2003,1,24,35.0,4.4,2.9,0.6,-1.7,6.3,17.2,16.6,50.5,7.9
50,Brian Grant,MIA,32,6-9,254,Xavier,USA,1994,1,8,76.0,8.7,6.9,0.9,1.0,7.6,16.2,15.0,50.2,5.1
51,Brian Scalabrine,NJN,26,6-9,240,Southern California,USA,2001,2,34,69.0,3.5,2.5,0.9,-1.8,4.7,14.5,14.7,48.2,12.3
52,Brian Skinner,MIL,28,6-9,265,Baylor,USA,1998,1,22,56.0,10.5,7.3,0.9,-1.4,7.6,18.7,18.7,51.3,5.2
53,Britton Johnsen,ORL,24,6-10,210,Utah,USA,Undrafted,Undrafted,Undrafted,20.0,2.1,2.3,0.6,-15.7,4.6,11.0,12.4,31.8,7.2
54,Bruce Bowen,SAS,33,6-7,200,California State-Fullerton,USA,Undrafted,Undrafted,Undrafted,82.0,6.9,3.1,1.4,8.3,1.8,7.7,11.3,51.2,6.8
55,Bruno Sundov,NYK,24,7-2,246,None,Croatia,1998,2,35,5.0,2.2,2.0,0.2,-15.3,5.7,24.2,22.9,43.5,9.1
56,Bryce Drew,NOH,29,6-3,184,Valparaiso,USA,1998,1,16,15.0,0.8,0.4,0.9,-15.2,0.0,9.0,14.7,31.1,26.0
57,Bryon Russell,LAL,33,6-7,225,Long Beach State,USA,1993,2,45,72.0,4.0,2.0,1.0,2.1,3.3,12.4,14.6,53.0,12.2
58,Calbert Cheaney,GSW,32,6-7,217,Indiana,USA,1993,1,6,79.0,7.6,3.3,1.7,0.5,3.9,9.2,15.6,49.3,11.2
59,Calvin Booth,SEA,28,6-11,231,Penn State,USA,1999,2,35,71.0,4.9,3.9,0.4,-2.3,7.1,15.6,14.2,52.1,3.7
60,Carlos Arroyo,UTA,24,6-2,202,Florida International,Puerto Rico,Undrafted,Undrafted,Undrafted,71.0,12.6,2.6,5.0,-0.9,2.1,7.9,23.3,51.7,32.9
61,Carlos Boozer,CLE,22,6-9,258,Duke,USA,2002,2,34,75.0,15.5,11.4,2.0,0.8,8.7,23.8,19.6,56.7,9.8
62,Carmelo Anthony,DEN,20,6-8,220,Syracuse,USA,2003,1,3,82.0,21.0,6.1,2.8,1.1,6.1,10.8,28.2,50.9,13.4
63,Caron Butler,MIA,24,6-7,217,Connecticut,USA,2002,1,10,68.0,9.2,4.8,1.9,1.7,4.6,12.1,18.3,44.0,10.6
64,Casey Jacobsen,PHX,23,6-6,215,Stanford,USA,2002,1,22,78.0,6.0,2.6,1.3,-2.6,2.3,8.6,11.6,57.0,8.4
65,Cezary Trybanski,NYK,24,7-2,240,None,Poland,Undrafted,Undrafted,Undrafted,7.0,0.1,0.1,0.0,-50.0,0.0,10.0,23.3,10.2,0.0
66,Charles Oakley,HOU,40,6-9,245,Virginia Union,USA,1985,1,9,7.0,1.3,0.7,0.3,9.4,0.0,20.0,16.1,52.1,10.0
67,Charlie Ward,SAS,33,6-2,185,Florida State,USA,1994,1,26,71.0,6.0,2.0,3.0,-2.4,1.0,10.5,18.0,52.8,30.3
68,Chauncey Billups,DET,27,6-3,202,Colorado,USA,1997,1,3,78.0,16.9,3.5,5.7,7.3,1.3,8.7,22.9,55.0,28.9
69,Cherokee Parks,GSW,31,6-11,240,Duke,USA,1995,1,12,12.0,1.0,0.8,0.1,-14.4,7.1,10.9,11.8,47.5,3.0
70,Chris Andersen,DEN,25,6-10,220,Blinn J.C.,USA,Undrafted,Undrafted,Undrafted,71.0,3.4,4.2,0.5,0.3,8.2,19.1,12.6,48.6,5.3
71,Chris Bosh,TOR,20,6-10,210,Georgia Tech,USA,2003,1,4,75.0,11.5,7.4,1.0,-3.2,7.9,15.2,18.0,51.3,5.6
72,Chris Crawford,ATL,29,6-9,235,Marquette,USA,1997,2,50,56.0,10.2,3.1,0.8,-4.4,4.8,10.2,21.1,54.4,6.8
73,Chris Jefferies,CHI,24,6-8,230,Fresno State,USA,2002,1,27,21.0,4.0,1.4,0.3,6.1,2.4,12.2,21.4,52.0,5.8
74,Chris Kaman,LAC,22,7-0,268,Central Michigan,USA,2003,1,6,82.0,6.1,5.6,1.0,-5.7,7.0,18.3,15.8,50.2,7.8
75,Chris Mihm,BOS,24,7-0,265,Texas-Austin,USA,2000,1,7,76.0,6.3,5.4,0.3,-2.6,11.9,19.0,18.1,53.1,2.9
76,Chris Webber,SAC,31,6-10,245,Michigan,USA,1993,1,1,23.0,18.7,8.7,4.6,-0.8,5.8,18.0,28.6,45.6,22.7
77,Chris Whitney,WAS,32,6-0,175,Clemson,USA,1993,2,47,16.0,2.9,0.9,0.9,-17.9,1.4,6.8,12.4,49.8,14.6
78,Chris Wilcox,LAC,21,6-10,229,Maryland,USA,2002,1,8,65.0,8.6,4.7,0.8,-3.0,9.1,14.0,18.9,55.7,6.7
79,Christian Laettner,WAS,34,6-11,245,Duke,USA,1992,1,3,48.0,5.9,4.8,1.9,-8.3,5.0,18.8,14.4,51.1,15.5
80,Chucky Atkins,BOS,29,5-11,160,South Florida,USA,Undrafted,Undrafted,Undrafted,64.0,8.4,1.5,3.5,2.3,0.6,5.3,18.0,51.1,24.8
81,Clar. Weatherspoon,HOU,33,6-7,270,Southern Mississippi,USA,1992,1,9,52.0,5.0,3.9,0.6,-3.9,9.2,15.3,14.8,53.8,6.3
82,Clifford Robinson,GSW,37,6-10,240,Connecticut,USA,1989,2,36,82.0,11.8,3.9,3.3,-1.7,1.9,9.6,19.2,47.3,16.0
83,Corey Maggette,LAC,24,6-6,228,Duke,USA,1999,1,13,73.0,20.7,5.9,3.1,-3.1,3.7,13.0,24.8,58.6,15.4
84,Corie Blount,TOR,35,6-10,242,Cincinnati,USA,1993,1,25,62.0,4.0,4.4,0.9,-0.3,9.6,16.8,13.2,46.2,8.4
85,Corliss Williamson,DET,30,6-7,245,Arkansas,USA,1995,1,13,79.0,9.5,3.2,0.7,6.0,6.1,10.8,23.4,54.6,7.2
86,Curtis Borchardt,UTA,23,7-0,240,Stanford,USA,2002,1,18,16.0,3.6,3.4,0.9,-5.7,5.7,18.0,14.4,45.4,9.7
87,Cuttino Mobley,HOU,28,6-4,215,Rhode Island,USA,1998,2,41,80.0,15.8,4.5,3.2,1.7,1.4,9.9,19.7,53.5,14.4
88,Dahntay Jones,MEM,23,6-6,210,Duke,USA,2003,1,20,20.0,1.8,1.2,0.6,-13.9,4.5,10.4,19.9,31.1,13.8
89,Dajuan Wagner,CLE,21,6-2,200,Memphis,USA,2002,1,6,44.0,6.5,1.3,1.2,-6.9,1.2,6.8,23.0,43.9,13.1
90,Dale Davis,POR,35,6-11,252,Clemson,USA,1991,1,13,76.0,4.4,5.2,0.9,-4.9,9.6,15.0,10.3,50.5,6.7
91,Damon Jones,MIL,27,6-3,185,Houston,USA,Undrafted,Undrafted,Undrafted,82.0,7.0,2.1,5.8,0.0,0.8,7.7,14.5,51.6,36.3
92,Damon Stoudamire,POR,30,5-10,171,Arizona,USA,1995,1,7,82.0,13.4,3.8,6.1,-2.2,1.7,8.6,18.7,50.8,26.8
93,Damone Brown,NJN,25,6-8,202,Syracuse,USA,2001,2,36,3.0,1.0,1.7,0.0,-89.9,12.5,15.4,30.0,13.8,0.0
94,Dan Dickau,POR,25,6-0,190,Gonzaga,USA,2002,1,28,43.0,2.2,0.6,0.9,-3.6,2.3,6.7,19.3,45.6,22.6
95,Dan Gadzuric,MIL,26,6-11,240,UCLA,Netherlands,2002,2,33,75.0,5.7,4.6,0.4,3.3,10.0,17.9,15.6,52.9,3.7
96,Dan Langhi,MIL,26,6-11,220,Vanderbilt,USA,2000,2,31,6.0,2.2,0.7,0.0,14.0,0.0,12.5,21.0,43.7,0.0
97,Dana Barros,BOS,37,5-11,165,Boston College,USA,1989,1,16,1.0,6.0,0.0,0.0,-68.0,0.0,0.0,14.8,77.3,0.0
98,Daniel Santiago,MIL,28,7-1,260,St. Vincent,Puerto Rico,Undrafted,Undrafted,Undrafted,54.0,4.0,2.4,0.4,2.7,5.2,14.1,15.1,53.6,5.2
99,Danny Fortson,DAL,28,6-8,260,Cincinnati,USA,1997,1,10,56.0,3.9,4.5,0.2,4.3,17.5,22.3,14.6,60.5,2.0
100,Darius Miles,POR,22,6-9,210,None,USA,2000,1,3,79.0,10.9,4.5,2.1,-2.7,5.6,11.6,21.5,51.4,14.2
101,Darius Songaila,SAC,26,6-9,248,Wake Forest,Lithuania,2002,2,49,73.0,4.6,3.1,0.7,6.5,9.5,13.5,16.0,54.1,7.7
102,Darko Milicic,DET,19,7-0,245,None,Serbia,2003,1,2,34.0,1.4,1.3,0.2,-14.9,7.1,19.5,25.4,31.8,9.5
103,Darrell Armstrong,NOH,36,6-1,180,Fayetteville State,USA,Undrafted,Undrafted,Undrafted,79.0,10.6,2.9,3.9,2.5,2.7,7.6,18.7,52.5,24.4
104,Darrick Martin,MIN,33,5-11,170,UCLA,USA,Undrafted,Undrafted,Undrafted,16.0,3.4,0.4,1.4,4.2,1.1,2.7,19.7,38.8,25.8
105,Darvin Ham,DET,30,6-7,240,Texas Tech,USA,Undrafted,Undrafted,Undrafted,54.0,1.8,1.7,0.3,0.6,9.8,9.6,11.4,53.1,6.2
106,David Wesley,NOH,33,6-1,203,Baylor,USA,Undrafted,Undrafted,Undrafted,61.0,14.0,2.2,2.9,-1.2,1.4,5.4,21.9,48.3,15.9
107,David West,NOH,23,6-9,240,Xavier,USA,2003,1,18,71.0,3.8,4.2,0.8,-4.1,11.9,21.2,14.7,51.9,12.0
108,DeSagana Diop,CLE,22,7-0,300,None,Senegal,2001,1,8,56.0,2.3,3.6,0.6,-3.5,9.5,17.1,11.5,40.4,7.8
109,DeShawn Stevenson,ORL,23,6-5,210,None,USA,2000,1,23,80.0,11.4,3.7,2.0,-4.6,3.3,9.4,20.0,47.3,11.4
110,DerMarr Johnson,NYK,24,6-9,201,Cincinnati,USA,2000,1,6,21.0,5.4,1.9,0.5,-5.4,1.8,12.6,20.3,51.1,7.1
111,Derek Anderson,POR,29,6-5,195,Kentucky,USA,1997,1,13,51.0,13.6,3.6,4.5,2.2,1.5,8.8,20.2,49.9,21.1
112,Derek Fisher,LAL,29,6-1,205,Arkansas-Little Rock,USA,1996,1,24,82.0,7.1,1.9,2.3,2.2,1.6,7.2,18.0,45.1,17.5
113,Derrick Coleman,PHI,37,6-10,270,Syracuse,USA,1990,1,1,34.0,8.0,5.6,1.4,-4.3,5.8,19.0,18.9,47.1,9.5
114,Derrick Dial,ORL,28,6-4,184,Eastern Michigan,USA,1998,2,52,9.0,2.9,1.4,0.2,8.1,5.2,8.2,16.9,41.2,4.2
115,Desmond Ferguson,POR,26,6-7,210,Detroit,USA,Undrafted,Undrafted,Undrafted,7.0,1.9,0.6,0.1,19.4,0.0,11.8,23.0,50.5,7.1
116,Desmond Mason,MIL,26,6-5,222,Oklahoma State,USA,2000,1,17,82.0,14.4,4.4,1.9,3.4,3.8,10.6,21.7,55.2,10.3
117,Desmond Penigar,ORL,22,6-7,245,Utah State,USA,Undrafted,Undrafted,Undrafted,10.0,3.2,2.4,0.3,10.6,6.9,22.2,17.9,53.8,5.3
118,Devean George,LAL,26,6-8,240,Augsburg,USA,1999,1,23,82.0,7.4,4.0,1.4,4.4,4.4,12.4,15.8,49.2,8.9
119,Devin Brown,SAS,25,6-5,235,Texas-San Antonio,USA,Undrafted,Undrafted,Undrafted,58.0,4.0,2.2,0.6,1.3,5.9,14.9,18.7,51.2,9.5
120,Dikembe Mutombo,NYK,38,7-2,265,Georgetown,Congo,1991,1,4,65.0,5.6,6.7,0.4,-1.2,10.2,19.1,12.2,52.3,2.6
121,Dion Glover,TOR,25,6-5,225,Georgia Tech,USA,1999,1,20,69.0,9.0,3.9,1.9,-3.7,3.6,12.5,20.8,47.1,13.8
122,Dirk Nowitzki,DAL,26,7-0,245,None,Germany,1998,1,9,77.0,21.8,8.7,2.7,6.7,3.0,19.9,24.2,56.1,11.0
123,Donnell Harvey,PHX,23,6-8,220,Florida,USA,2000,1,22,60.0,4.0,2.7,0.4,-4.9,6.2,14.3,16.0,50.3,4.5
124,Donyell Marshall,TOR,31,6-9,230,Connecticut,USA,1994,1,4,82.0,14.7,9.9,1.5,-2.3,7.3,20.4,19.2,54.8,7.5
125,Doug Christie,SAC,34,6-6,205,Pepperdine,USA,1992,1,17,82.0,10.1,4.0,4.2,6.7,2.6,9.3,14.7,54.4,17.8
126,Doug Overton,LAC,34,6-3,190,La Salle,USA,1991,2,40,61.0,3.7,1.4,2.3,-4.6,1.6,6.7,13.5,43.3,21.5
127,Drew Gooden,ORL,22,6-10,242,Kansas,USA,2002,1,4,79.0,11.6,6.5,1.1,-12.0,7.2,17.5,22.4,48.4,7.6
128,Dwyane Wade,MIA,22,6-4,212,Marquette,USA,2003,1,5,61.0,16.2,4.0,4.5,2.2,4.0,7.8,24.2,53.0,24.1
129,Earl Boykins,DEN,28,5-5,133,Eastern Michigan,USA,Undrafted,Undrafted,Undrafted,82.0,10.2,1.7,3.6,-0.1,2.2,5.5,21.9,50.1,28.5
130,Earl Watson,MEM,25,6-1,190,UCLA,USA,2001,2,39,81.0,5.7,2.2,5.0,6.5,3.0,7.9,18.1,43.8,39.3
131,Eddie Gill,POR,25,6-0,190,Weber State,USA,Undrafted,Undrafted,Undrafted,22.0,2.3,0.8,0.7,-10.2,3.2,9.6,17.6,55.8,21.9
132,Eddie House,LAC,26,6-1,175,Arizona State,USA,2000,2,37,60.0,6.8,2.3,2.5,-8.6,2.3,9.8,19.8,43.6,22.8
133,Eddie Jones,MIA,32,6-6,200,Temple,USA,1994,1,10,81.0,17.3,3.8,3.2,1.5,1.3,9.5,21.9,53.8,16.0
134,Eddie Robinson,CHI,28,6-9,210,Central Oklahoma,USA,Undrafted,Undrafted,Undrafted,51.0,6.7,2.0,1.1,-3.2,2.6,7.4,16.8,49.7,9.7
135,Eddy Curry,CHI,21,6-11,285,None,USA,2001,1,4,73.0,14.7,6.2,0.9,-6.3,6.7,13.8,24.4,53.8,6.1
136,Eduardo Najera,DAL,27,6-8,235,Oklahoma,Mexico,2000,2,38,58.0,3.0,2.7,0.4,3.8,8.5,12.2,12.5,48.3,5.1
137,Elden Campbell,DET,35,7-0,279,Clemson,USA,1990,1,27,65.0,5.6,3.2,0.7,4.9,6.3,17.8,22.6,49.0,8.9
138,Elton Brand,LAC,25,6-8,265,Duke,USA,1999,1,1,69.0,20.0,10.3,3.3,-4.4,10.1,17.0,23.0,56.7,15.7
139,Eric Piatkowski,HOU,33,6-7,215,Nebraska,USA,1994,1,15,49.0,4.1,1.5,0.5,-1.7,1.4,8.9,15.0,50.7,6.9
140,Eric Snow,PHI,31,6-3,204,Michigan State,USA,1995,2,43,82.0,10.3,3.4,6.9,-2.0,2.2,7.7,16.3,49.4,32.3
141,Eric Williams,CLE,31,6-8,220,Providence,USA,1995,1,14,71.0,10.0,4.0,1.7,2.8,3.3,11.2,19.1,49.3,10.5
142,Erick Dampier,GSW,28,6-11,265,Mississippi State,USA,1996,1,10,74.0,12.3,12.0,0.8,-1.0,14.4,22.4,17.7,57.3,4.4
143,Erick Strickland,MIL,30,6-3,210,Nebraska,USA,Undrafted,Undrafted,Undrafted,43.0,5.4,1.7,2.1,4.6,2.3,10.2,20.9,52.9,24.8
144,Ervin Johnson,MIN,36,6-11,255,New Orleans,USA,1993,1,23,66.0,1.9,3.5,0.4,5.8,7.1,16.9,7.1,55.1,3.3
145,Etan Thomas,WAS,26,6-10,260,Syracuse,USA,2000,1,12,79.0,8.9,6.7,0.9,-8.1,9.3,18.5,17.7,53.8,6.6
146,Flip Murray,SEA,24,6-4,190,Shaw,USA,2002,2,41,82.0,12.4,2.5,2.5,-4.0,2.3,7.9,26.2,49.7,18.5
147,Francisco Elson,DEN,28,7-0,235,California,Netherlands,1999,2,41,62.0,3.5,3.3,0.5,-1.0,7.2,15.5,12.7,49.8,6.0
148,Frank Williams,NYK,24,6-3,212,Illinois,USA,2002,1,25,56.0,3.9,0.9,2.2,5.7,1.3,6.2,19.6,47.8,27.7
149,Fred Hoiberg,MIN,31,6-5,210,Iowa State,USA,1995,2,52,79.0,6.7,3.4,1.4,3.2,1.2,13.7,12.1,61.1,9.5
150,Fred Jones,IND,25,6-2,218,Oregon,USA,2002,1,14,81.0,4.9,1.6,2.1,1.6,1.8,7.2,14.1,52.7,20.3
151,Gary Payton,LAL,35,6-4,180,Oregon State,USA,1990,1,2,82.0,14.6,4.2,5.5,5.4,2.5,9.2,20.0,52.8,25.9
152,Gary Trent,MIN,29,6-8,250,Ohio,USA,1995,1,11,68.0,5.6,3.2,0.7,-4.6,8.4,13.1,18.7,51.5,8.1
153,George Lynch,NOH,33,6-8,235,North Carolina,USA,1993,1,12,78.0,4.8,4.0,1.5,-2.8,5.5,13.2,12.4,47.2,11.4
154,Gerald Wallace,SAC,21,6-7,215,Alabama,USA,2001,1,25,37.0,2.0,2.0,0.5,-4.1,9.6,11.6,13.8,37.7,9.0
155,Gilbert Arenas,WAS,22,6-3,191,Arizona,USA,2001,2,30,55.0,19.6,4.6,5.0,-4.6,2.5,9.7,26.5,51.2,24.4
156,Glen Rice,LAC,37,6-8,228,Michigan,USA,1989,1,4,18.0,3.7,2.3,1.3,3.8,3.5,11.7,16.3,39.5,15.1
157,Glenn Robinson,PHI,31,6-7,240,Purdue,USA,1994,1,1,42.0,16.6,4.5,1.4,-4.5,3.6,10.8,26.2,51.8,8.5
158,Gordan Giricek,UTA,27,6-5,210,None,Croatia,1999,2,40,73.0,11.3,3.1,1.7,-2.3,2.5,8.9,19.6,52.1,10.4
159,Greg Buckner,PHI,27,6-4,210,Clemson,USA,1998,2,53,53.0,3.1,1.9,0.8,-3.0,4.1,10.6,14.6,43.9,11.5
160,Greg Ostertag,UTA,31,7-2,280,Kansas,USA,1995,1,28,78.0,6.8,7.4,1.6,1.2,11.0,17.6,13.3,50.6,9.6
161,Hedo Turkoglu,SAS,25,6-10,220,None,Turkey,2000,1,16,80.0,9.2,4.5,1.9,11.7,2.5,14.5,17.7,51.6,12.2
162,Hiram Fuller,ATL,23,6-9,240,Fresno State,USA,Undrafted,Undrafted,Undrafted,4.0,2.0,2.8,0.5,2.7,6.9,13.2,14.4,37.6,9.5
163,Horace Grant,LAL,38,6-10,245,Clemson,USA,1987,1,10,55.0,4.1,4.2,1.3,0.3,7.0,15.1,11.3,45.0,9.8
164,Howard Eisley,PHX,31,6-2,180,Boston College,USA,1994,2,30,67.0,6.9,1.9,4.1,-5.8,1.4,7.6,18.4,46.9,31.0
165,Hubert Davis,NJN,34,6-5,183,North Carolina,USA,1992,1,20,17.0,0.2,0.5,0.2,3.7,2.8,7.7,9.0,16.8,8.3
166,Ime Udoka,LAL,26,6-5,215,Portland State,USA,Undrafted,Undrafted,Undrafted,4.0,2.0,1.3,0.5,-8.0,3.8,15.4,24.6,37.2,15.4
167,Ira Newble,CLE,29,6-7,220,Miami (Ohio),USA,Undrafted,Undrafted,Undrafted,64.0,4.0,2.4,1.1,-5.6,5.2,7.3,12.5,42.9,9.0
168,J.R. Bremer,GSW,23,6-2,185,St. Bonaventure,USA,Undrafted,Undrafted,Undrafted,36.0,3.3,1.0,1.4,-5.5,1.8,6.2,18.7,35.4,19.3
169,Jabari Smith,SAC,27,6-11,240,Louisiana State,USA,2000,2,45,31.0,2.1,1.0,0.4,-12.3,5.9,11.4,21.3,40.6,13.3
170,Jacque Vaughn,ATL,29,6-1,190,Kansas,USA,1997,1,27,71.0,3.8,1.6,2.7,-9.3,1.0,8.3,13.7,44.0,25.6
171,Jahidi White,PHX,28,6-9,290,Georgetown,USA,1998,2,43,62.0,4.2,4.2,0.1,-5.8,11.1,18.3,15.9,53.2,1.3
172,Jake Tsakalidis,MEM,25,7-2,290,None,Greece,2000,1,25,40.0,4.3,3.2,0.5,-2.9,7.1,18.4,15.2,53.2,5.4
173,Jake Voskuhl,PHX,26,6-11,245,Connecticut,USA,2000,2,33,66.0,6.6,5.2,0.9,-0.2,7.6,14.1,12.8,57.7,5.3
174,Jalen Rose,TOR,31,6-8,217,Michigan,USA,1994,1,13,66.0,15.5,4.0,5.0,-2.6,1.4,9.3,23.2,48.5,23.6
175,Jamaal Magloire,NOH,26,6-11,259,Kentucky,Canada,2000,1,19,82.0,13.6,10.3,1.0,-0.5,9.5,21.4,20.1,55.1,5.5
176,Jamaal Tinsley,IND,26,6-3,195,Iowa State,USA,2001,1,27,52.0,8.3,2.6,5.8,12.6,2.1,8.2,17.0,54.1,35.6
177,Jamal Crawford,CHI,24,6-5,190,Michigan,USA,2000,1,8,80.0,17.3,3.5,5.1,-5.7,1.5,8.3,25.2,48.6,27.0
178,Jamal Mashburn,NOH,31,6-8,247,Kentucky,USA,1993,1,4,19.0,20.8,6.2,2.5,1.8,2.6,13.0,28.9,45.7,12.3
179,Jamal Sampson,LAL,21,6-11,235,California,USA,2002,2,46,10.0,2.9,5.2,0.7,-9.1,14.5,22.5,11.5,51.3,9.3
180,James Jones,IND,23,6-8,215,Miami,USA,2003,2,49,6.0,1.2,0.3,0.0,-12.9,0.0,9.5,18.2,35.4,0.0
181,James Posey,MEM,27,6-8,215,Xavier,USA,1999,1,18,82.0,13.7,4.9,1.5,3.1,3.8,13.3,18.7,61.4,8.3
182,Jamison Brewer,IND,23,6-4,184,Auburn,USA,2001,2,40,13.0,2.5,0.8,1.3,6.2,1.3,6.0,13.4,42.5,17.9
183,Jannero Pargo,CHI,24,6-1,175,Arkansas,USA,Undrafted,Undrafted,Undrafted,31.0,6.7,1.2,2.3,-6.2,1.6,6.1,23.2,49.1,26.8
184,Jared Jeffries,WAS,22,6-11,230,Indiana,USA,2002,1,11,82.0,5.7,5.2,1.1,-4.2,8.8,13.0,14.6,42.8,8.3
185,Jarron Collins,UTA,25,6-11,255,Stanford,USA,2001,2,52,81.0,6.0,3.9,1.0,-3.4,7.1,13.2,13.1,58.7,7.8
186,Jarvis Hayes,WAS,22,6-7,220,Georgia,USA,2003,1,10,70.0,9.6,3.8,1.5,-6.8,3.3,9.6,18.2,45.6,9.2
187,Jason Collier,ATL,26,7-0,260,Georgia Tech,USA,2000,1,15,20.0,11.3,5.6,0.9,3.1,6.8,13.8,18.9,55.8,5.1
188,Jason Collins,NJN,25,7-0,260,Stanford,USA,2001,1,18,78.0,5.9,5.1,2.0,6.6,6.9,12.1,11.8,49.7,10.5
189,Jason Hart,SAS,26,6-3,185,Syracuse,USA,2000,2,49,53.0,3.3,1.5,1.5,9.6,1.6,9.5,14.0,49.7,21.1
190,Jason Kapono,CLE,23,6-8,213,UCLA,USA,2003,2,31,41.0,3.5,1.3,0.3,-7.5,4.3,8.3,16.5,51.9,6.0
191,Jason Kidd,NJN,31,6-4,212,California,USA,1994,1,2,67.0,15.5,6.4,9.2,7.8,3.5,14.3,23.5,48.5,42.2
192,Jason Richardson,GSW,23,6-6,225,Michigan State,USA,2001,1,5,78.0,18.7,6.7,2.9,-0.7,4.2,13.6,25.2,50.4,14.3
193,Jason Terry,ATL,26,6-2,180,Arizona,USA,1999,1,10,81.0,16.8,4.1,5.4,-4.1,1.7,9.4,22.6,51.9,26.1
194,Jason Williams,MEM,28,6-1,190,Florida,USA,1998,1,7,72.0,10.9,2.0,6.8,-0.1,1.2,5.8,18.3,51.7,36.5
195,Jeff Foster,IND,27,6-11,242,Southwest Texas State,USA,1999,1,21,82.0,6.1,7.4,0.8,12.5,13.2,19.4,11.5,57.8,5.1
196,Jeff McInnis,CLE,29,6-4,179,North Carolina,USA,1996,2,37,70.0,11.8,2.5,6.1,-0.1,1.4,6.2,17.6,51.1,29.0
197,Jeff Trepagnier,DEN,24,6-4,200,USC,USA,2001,2,35,11.0,2.3,1.4,0.4,-11.5,5.4,9.4,20.4,30.8,7.5
198,Jelani McCoy,CLE,26,6-10,245,UCLA,USA,1998,2,33,2.0,0.0,2.0,0.0,-31.8,7.1,20.0,2.9,0.0,0.0
199,Jermaine O'Neal,IND,25,6-11,242,None,USA,1996,1,17,78.0,20.1,10.0,2.1,8.1,7.1,22.1,29.8,48.9,11.9
200,Jerome Beasley,MIA,24,6-9,237,North Dakota,USA,2003,2,33,2.0,1.0,0.5,0.0,33.3,0.0,12.5,25.0,33.3,0.0
201,Jerome James,SEA,28,7-1,272,Florida A&M,USA,1998,2,36,65.0,5.0,3.5,0.5,2.5,8.3,15.3,18.0,53.5,5.3
202,Jerome Moiso,TOR,26,6-10,235,UCLA,France,2000,1,11,35.0,2.9,3.2,0.2,-3.4,9.9,17.4,14.5,50.6,3.7
203,Jerome Williams,CHI,31,6-9,206,Georgetown,USA,1996,1,26,68.0,6.2,7.0,1.1,-6.1,10.4,19.5,13.3,52.2,7.6
204,Jerry Stackhouse,WAS,29,6-6,218,North Carolina,USA,1995,1,3,26.0,13.9,3.6,4.0,-10.2,2.1,10.5,25.0,49.4,24.0
205,Jim Jackson,HOU,33,6-6,220,Ohio State,USA,1992,1,4,80.0,12.9,6.1,2.8,2.4,1.8,13.6,16.6,54.0,12.6
206,Jiri Welsch,BOS,24,6-7,208,None,Czech Republic,2002,1,16,81.0,9.2,3.7,2.3,-2.1,2.8,10.7,17.0,53.1,14.0
207,Joe Johnson,PHX,23,6-7,235,Arkansas,USA,2001,1,10,82.0,16.7,4.7,4.4,-3.2,2.4,9.1,21.4,49.1,18.7
208,Joe Smith,MIL,28,6-10,225,Maryland,USA,1995,1,1,76.0,10.9,8.5,1.0,1.4,10.2,18.3,17.7,51.0,5.5
209,Joel Przybilla,ATL,24,7-1,255,Minnesota,USA,2000,1,9,17.0,2.9,6.5,0.4,-8.8,8.5,22.5,10.4,38.5,3.2
210,John Salmons,PHI,24,6-7,210,Miami,USA,2002,1,26,77.0,5.8,2.5,1.7,-3.0,2.5,10.3,15.6,48.5,15.5
211,John Wallace,MIA,30,6-9,225,Syracuse,USA,1996,1,18,37.0,4.3,1.6,0.4,-9.2,3.3,13.5,23.0,48.6,8.3
212,Jon Barry,DEN,34,6-5,210,Georgia Tech,USA,1992,1,21,57.0,6.2,2.2,2.6,0.0,2.1,8.9,14.7,53.5,21.7
213,Jonathan Bender,IND,23,7-0,219,None,USA,1999,1,5,21.0,7.0,1.9,0.4,-4.3,4.0,11.9,28.0,58.4,7.6
214,Josh Davis,ATL,23,6-8,240,Wyoming,USA,Undrafted,Undrafted,Undrafted,4.0,1.3,1.3,0.0,-8.3,4.2,19.0,12.7,46.0,0.0
215,Josh Howard,DAL,24,6-7,210,Wake Forest,USA,2003,1,29,67.0,8.6,5.5,1.4,7.2,9.1,13.9,17.8,48.5,8.5
216,Juan Dixon,WAS,25,6-3,164,Maryland,USA,2002,1,17,71.0,9.4,2.1,1.9,-7.1,2.0,8.3,23.6,47.6,17.6
217,Jumaine Jones,BOS,25,6-8,218,Georgia,USA,1999,1,27,42.0,2.2,1.6,0.3,-5.7,6.3,11.6,14.7,43.8,6.5
218,Juwan Howard,ORL,31,6-9,230,Michigan,USA,1994,1,5,81.0,17.0,7.0,2.0,-6.2,5.9,14.4,23.7,51.3,9.8
219,Kaniel Dickens,POR,25,6-8,215,Idaho,USA,2000,2,50,3.0,2.3,0.7,0.0,-11.1,12.5,0.0,14.3,90.2,0.0
220,Kareem Rush,LAL,23,6-6,215,Missouri,USA,2002,1,20,72.0,6.4,1.3,0.8,-1.6,1.6,6.5,18.0,50.5,8.0
221,Karl Malone,LAL,40,6-9,259,Louisiana Tech,USA,1985,1,13,42.0,13.2,8.7,3.9,7.6,4.6,20.9,19.2,55.5,18.5
222,Kedrick Brown,CLE,23,6-7,222,Northwest Florida State,USA,2001,1,11,55.0,5.3,2.7,1.2,3.2,4.3,10.7,13.7,54.3,10.6
223,Keith Bogans,ORL,24,6-5,215,Kentucky,USA,2003,2,43,73.0,6.8,4.3,1.3,-9.6,5.7,12.2,14.2,49.9,8.7
224,Keith McLeod,MIN,24,6-2,190,Bowling Green,USA,Undrafted,Undrafted,Undrafted,33.0,2.7,1.0,1.8,-7.4,1.4,7.3,15.8,43.6,25.8
225,Keith Van Horn,MIL,28,6-10,240,Utah,USA,1997,1,2,72.0,16.1,7.0,1.7,0.7,6.7,15.0,23.4,56.4,9.1
226,Kelvin Cato,HOU,29,6-11,275,Iowa State,USA,1997,1,15,69.0,6.1,6.8,1.0,2.9,9.5,17.8,13.7,49.5,6.9
227,Kendall Gill,CHI,36,6-5,216,Illinois,USA,1990,1,5,56.0,9.6,3.4,1.6,-9.2,4.0,8.9,21.6,44.3,12.2
228,Kendrick Perkins,BOS,19,6-10,280,None,USA,2003,1,27,10.0,2.2,1.4,0.3,28.7,14.3,26.5,27.0,58.0,11.5
229,Kenny Anderson,IND,33,6-1,168,Georgia Tech,USA,1991,1,2,44.0,6.0,1.8,2.8,3.9,2.1,7.2,16.4,47.3,22.9
230,Kenny Thomas,PHI,26,6-7,245,New Mexico,USA,1999,1,22,74.0,13.6,10.1,1.5,-3.3,10.2,18.8,19.4,52.7,7.7
231,Kenyon Martin,NJN,26,6-9,234,Cincinnati,USA,2000,1,1,65.0,16.7,9.5,2.5,4.9,6.1,21.7,24.6,52.8,13.4
232,Keon Clark,UTA,29,6-11,221,UNLV,USA,1998,1,13,2.0,2.0,3.5,0.5,26.3,3.4,20.0,10.2,33.3,6.3
233,Kerry Kittles,NJN,30,6-5,180,Villanova,USA,1996,1,8,82.0,13.1,4.0,2.5,4.0,2.0,9.7,17.8,52.6,12.6
234,Kevin Garnett,MIN,28,6-11,240,None,USA,1995,1,5,82.0,24.2,13.9,5.0,9.6,8.2,26.5,29.1,54.7,23.3
235,Kevin Ollie,CLE,31,6-2,195,Connecticut,USA,Undrafted,Undrafted,Undrafted,82.0,4.2,2.1,2.9,-0.7,1.7,10.3,13.4,51.0,27.6
236,Kevin Willis,SAS,41,7-0,245,Michigan State,USA,1984,1,11,48.0,3.4,2.0,0.2,-3.7,9.7,16.4,23.5,49.1,5.9
237,Keyon Dooling,LAC,24,6-3,190,Missouri,USA,2000,1,10,58.0,6.2,1.4,2.2,-6.9,1.5,5.5,17.9,45.8,19.8
238,Kirk Hinrich,CHI,23,6-3,190,Kansas,USA,2003,1,7,76.0,12.0,3.4,6.8,-4.3,1.5,7.9,18.2,51.0,32.0
239,Kirk Penney,MIA,23,6-5,220,Wisconsin,USA,Undrafted,Undrafted,Undrafted,2.0,1.5,0.5,0.5,-2.6,0.0,5.0,21.4,25.0,8.3
240,Kobe Bryant,LAL,25,6-6,220,None,USA,1996,1,13,65.0,24.0,5.5,5.1,6.1,4.2,10.4,28.1,55.1,23.7
241,Kurt Thomas,NYK,31,6-9,235,TCU,USA,1995,1,10,80.0,11.1,8.3,1.9,-0.1,6.0,20.1,18.3,50.3,9.8
242,Kwame Brown,WAS,22,6-11,248,None,USA,2001,1,1,74.0,10.9,7.4,1.5,-4.6,8.1,16.9,17.3,54.7,8.7
243,Kyle Korver,PHI,23,6-7,210,Creighton,USA,2003,2,51,74.0,4.5,1.5,0.5,-0.9,3.5,9.5,19.4,48.9,8.8
244,Lamar Odom,MIA,24,6-10,225,Rhode Island,USA,1999,1,4,80.0,17.1,9.7,4.1,1.2,5.4,21.3,24.3,51.6,20.3
245,Lamond Murray,TOR,31,6-7,236,California,USA,1994,1,7,33.0,6.0,2.7,0.8,-9.1,2.7,15.7,24.3,42.8,12.1
246,Larry Hughes,WAS,25,6-5,184,St. Louis,USA,1998,1,8,61.0,18.8,5.3,2.4,-4.9,4.4,11.3,27.3,49.6,14.4
247,Latrell Sprewell,MIN,33,6-5,195,Alabama,USA,1992,1,24,82.0,16.8,3.8,3.5,6.4,1.9,7.9,23.2,49.3,15.2
248,LeBron James,CLE,19,6-8,240,None,USA,2003,1,1,79.0,20.9,5.5,5.9,-2.0,3.1,10.4,27.6,48.8,26.8
249,Leandro Barbosa,PHX,21,6-3,176,None,Brazil,2003,1,28,70.0,7.9,1.8,2.4,-2.9,1.5,6.7,18.1,55.3,17.5
250,Lee Nailon,CLE,29,6-9,238,TCU,USA,1999,2,43,57.0,6.0,2.5,0.7,-12.4,8.0,10.8,22.2,48.4,9.0
251,Leon Smith,SEA,23,6-10,235,None,USA,1999,1,29,1.0,2.0,2.0,0.0,28.6,25.0,25.0,28.6,50.0,0.0
252,Lindsey Hunter,DET,33,6-2,195,Jackson State,USA,1993,1,10,33.0,3.5,2.0,2.6,9.7,2.1,8.1,12.5,39.9,21.6
253,Linton Johnson,CHI,24,6-8,205,Tulane,USA,Undrafted,Undrafted,Undrafted,41.0,4.2,4.5,0.7,-9.8,7.0,16.6,15.0,39.4,6.5
254,Lonny Baxter,WAS,25,6-8,260,Maryland,USA,2002,2,43,62.0,4.0,3.0,0.3,-5.7,8.5,15.9,16.8,51.8,5.0
255,Loren Woods,MIA,26,7-2,261,Arizona,USA,2001,2,45,38.0,3.2,3.5,0.3,-3.0,12.7,14.9,13.5,50.3,3.6
256,Lorenzen Wright,MEM,28,6-11,240,Memphis,USA,1996,1,7,65.0,9.4,6.8,1.1,0.2,8.6,18.6,19.4,47.4,7.2
257,Lucious Harris,NJN,33,6-5,205,Long Beach State,USA,1993,2,28,69.0,6.9,2.0,2.0,2.5,2.8,6.9,17.0,48.1,15.4
258,Luke Ridnour,SEA,23,6-2,175,Oregon,USA,2003,1,14,69.0,5.5,1.6,2.4,-7.5,3.0,7.0,18.7,49.6,26.6
259,Luke Walton,LAL,24,6-8,235,Arizona,USA,2003,2,32,72.0,2.4,1.8,1.6,3.2,5.4,13.0,13.5,50.5,24.6
260,Maciej Lampe,PHX,19,6-11,240,None,Poland,2003,2,30,21.0,4.6,2.1,0.4,-12.2,4.3,15.2,21.4,51.2,6.9
261,Malik Allen,MIA,26,6-10,255,Villanova,USA,Undrafted,Undrafted,Undrafted,45.0,4.2,2.6,0.4,-5.7,7.0,12.7,18.0,44.9,4.9
262,Malik Rose,SAS,29,6-7,255,Drexel,USA,1996,2,44,67.0,7.9,4.8,1.0,4.7,8.9,16.5,21.9,52.6,10.0
263,Mamadou N'diaye,ATL,29,7-0,255,Auburn,Senegal,2000,1,26,28.0,3.5,4.0,0.0,-5.7,11.0,18.3,13.3,51.6,0.0
264,Manu Ginobili,SAS,26,6-6,210,None,Argentina,1999,2,57,77.0,12.8,4.5,3.8,8.9,3.8,11.4,21.1,53.6,21.8
265,Marc Jackson,PHI,29,6-10,253,Temple,USA,1997,2,37,22.0,9.4,5.7,0.8,-2.1,7.4,14.6,18.1,49.8,5.4
266,Marcus Banks,BOS,22,6-2,200,UNLV,USA,2003,1,13,81.0,5.9,1.6,2.2,-3.8,2.3,7.3,20.0,48.0,22.6
267,Marcus Camby,DEN,30,6-11,225,Massachusetts,USA,1996,1,2,72.0,8.6,10.1,1.8,2.5,9.7,24.4,14.2,51.1,9.2
268,Marcus Fizer,CHI,25,6-8,260,Iowa State,USA,2000,1,4,46.0,7.8,4.4,0.9,-5.9,7.4,19.8,26.4,44.7,10.6
269,Marcus Haislip,MIL,23,6-10,230,Tennessee,USA,2002,1,13,31.0,3.0,1.7,0.1,4.7,8.0,11.6,15.6,53.9,2.4
270,Mark Blount,BOS,28,7-0,250,Pittsburgh,USA,1997,2,54,82.0,10.3,7.2,0.9,-0.7,8.9,15.7,15.9,60.1,5.3
271,Mark Jackson,HOU,39,6-3,195,St. John's,USA,1987,1,18,42.0,2.5,1.7,2.8,-0.2,1.9,10.9,13.9,44.0,33.6
272,Mark Madsen,MIN,28,6-9,245,Stanford,USA,2000,1,29,72.0,3.6,3.8,0.4,6.7,10.7,11.2,11.2,50.6,3.4
273,Mark Pope,DEN,31,6-10,235,Kentucky,USA,1996,2,52,4.0,0.5,0.8,0.0,-45.5,0.0,13.0,10.4,41.0,0.0
274,Marko Jaric,LAC,25,6-5,217,None,Serbia,2000,2,30,58.0,8.5,3.0,4.8,-2.7,2.5,7.8,15.7,47.5,25.8
275,Marquis Daniels,DAL,23,6-6,200,Auburn,USA,Undrafted,Undrafted,Undrafted,56.0,8.5,2.6,2.1,0.3,6.3,7.8,20.3,53.6,16.8
276,Mateen Cleaves,CLE,26,6-2,210,Michigan State,USA,2000,1,14,4.0,3.8,1.8,4.8,-10.0,1.1,6.9,13.7,31.4,25.7
277,Matt Barnes,LAC,24,6-7,235,UCLA,USA,2002,2,45,38.0,4.5,4.0,1.3,-13.0,7.2,14.1,12.6,51.9,11.6
278,Matt Carroll,SAS,23,6-6,212,Notre Dame,USA,Undrafted,Undrafted,Undrafted,16.0,1.2,0.4,0.1,-2.5,1.3,6.9,15.2,51.0,5.0
279,Matt Harpring,UTA,28,6-7,231,Georgia Tech,USA,1998,1,15,31.0,16.2,8.0,2.0,1.2,8.7,14.8,22.0,52.4,10.2
280,Maurice Carter,NOH,27,6-5,210,Louisiana State,USA,Undrafted,Undrafted,Undrafted,10.0,4.2,1.1,0.4,5.6,1.8,8.1,22.0,47.9,7.0
281,Maurice Taylor,HOU,27,6-9,255,Michigan,USA,1997,1,14,75.0,11.5,5.1,1.4,-1.5,6.9,12.3,22.6,51.2,10.5
282,Mehmet Okur,DET,25,6-11,249,None,Turkey,2001,2,37,71.0,9.6,5.9,1.0,8.4,10.2,16.9,21.0,53.8,8.1
283,Melvin Ely,LAC,26,6-10,261,Fresno State,USA,2002,1,12,42.0,3.7,2.4,0.5,2.0,9.1,10.5,16.6,45.8,7.5
284,Mengke Bateer,TOR,28,6-11,290,None,China,Undrafted,Undrafted,Undrafted,7.0,1.1,1.1,0.1,-14.7,13.2,8.8,10.1,57.1,4.5
285,Metta World Peace,IND,24,6-7,246,St. John's,USA,1999,1,16,73.0,18.3,5.3,3.7,9.1,3.8,11.2,25.8,51.1,18.4
286,Michael Bradley,ATL,25,6-10,225,Villanova,USA,2001,1,17,16.0,0.9,1.4,0.1,-4.9,6.5,18.9,11.0,47.2,1.9
287,Michael Curry,TOR,35,6-5,210,Georgia Southern,USA,Undrafted,Undrafted,Undrafted,70.0,2.9,1.2,0.8,-7.0,1.9,5.3,10.8,46.0,8.3
288,Michael Doleac,DEN,27,6-11,262,Utah,USA,1998,1,12,72.0,4.5,3.7,0.6,-5.0,8.3,17.5,17.2,47.1,7.8
289,Michael Finley,DAL,31,6-7,225,Wisconsin,USA,1995,1,21,72.0,18.6,4.5,2.9,4.8,2.7,8.9,20.8,53.9,11.7
290,Michael Olowokandi,MIN,29,7-0,270,Pacific,Nigeria,1998,1,1,43.0,6.5,5.7,0.6,10.1,9.3,16.2,18.9,44.6,4.1
291,Michael Redd,MIL,24,6-6,215,Ohio State,USA,2000,2,43,82.0,21.7,5.0,2.3,-1.3,3.9,9.6,25.4,54.4,11.2
292,Michael Ruffin,UTA,27,6-8,246,Tulsa,USA,1999,2,32,41.0,2.2,5.0,1.0,-2.8,10.8,20.8,11.1,34.4,9.2
293,Michael Stewart,BOS,29,6-10,230,California,USA,Undrafted,Undrafted,Undrafted,25.0,0.5,1.2,0.0,-16.5,5.1,15.2,4.8,47.2,0.0
294,Michael Sweetney,NYK,21,6-8,260,Georgetown,USA,2003,1,9,42.0,4.3,3.7,0.3,3.7,14.3,18.4,17.8,54.4,4.9
295,Mickael Pietrus,GSW,22,6-6,210,None,France,2003,1,11,53.0,5.3,2.2,0.5,4.6,6.3,9.4,17.9,52.8,6.0
296,Mike Bibby,SAC,26,6-1,190,Arizona,USA,1998,1,2,82.0,18.4,3.4,5.4,5.9,2.4,6.9,22.7,56.4,24.1
297,Mike Dunleavy,GSW,23,6-9,230,Duke,USA,2002,1,3,75.0,11.7,5.9,2.9,-4.4,3.7,15.2,17.9,54.7,16.1
298,Mike James,DET,29,6-2,188,Duquesne,USA,Undrafted,Undrafted,Undrafted,81.0,9.3,2.9,4.2,1.2,1.3,9.3,17.1,52.8,25.4
299,Mike Miller,MEM,24,6-8,218,Florida,USA,2000,1,5,65.0,11.1,3.3,3.6,3.1,2.4,10.2,19.5,53.2,21.0
300,Mike Wilks,HOU,25,5-11,180,Rice,USA,Undrafted,Undrafted,Undrafted,26.0,1.9,0.6,0.7,9.1,2.6,8.0,16.8,60.6,22.4
301,Mikki Moore,UTA,28,7-0,225,Nebraska,USA,Undrafted,Undrafted,Undrafted,32.0,4.1,2.6,0.6,-1.5,7.5,15.3,15.7,56.8,9.7
302,Milt Palacio,TOR,26,6-3,195,Colorado State,Belize,Undrafted,Undrafted,Undrafted,59.0,4.4,1.7,3.1,-7.2,1.3,7.4,16.4,39.2,28.5
303,Mitchell Butler,WAS,33,6-5,210,UCLA,USA,Undrafted,Undrafted,Undrafted,41.0,3.3,1.7,0.8,2.0,4.3,8.1,12.2,49.8,9.3
304,Mo Williams,UTA,21,6-1,185,Alabama,USA,2003,2,47,57.0,5.0,1.3,1.3,-4.6,3.0,7.0,21.8,43.3,19.6
305,Moochie Norris,NYK,30,6-2,188,West Florida,USA,1996,2,33,66.0,3.5,1.0,1.8,-1.8,1.3,7.0,17.3,47.1,25.8
306,Morris Peterson,TOR,26,6-7,215,Michigan State,USA,2000,1,21,82.0,8.3,3.2,1.4,-1.3,1.7,10.8,15.4,53.9,9.5
307,Nazr Mohammed,NYK,26,6-10,250,Kentucky,USA,1998,1,29,80.0,7.4,5.9,0.5,-5.9,11.3,19.0,17.8,54.2,3.9
308,Ndudi Ebi,MIN,20,6-9,200,None,USA,2003,1,26,17.0,0.8,0.2,0.2,-16.7,6.5,2.6,25.7,41.2,20.0
309,Nene,DEN,21,6-11,260,None,Brazil,2002,1,7,77.0,11.8,6.5,2.2,5.7,6.4,14.2,16.9,57.8,10.4
310,Nick Van Exel,GSW,32,6-1,195,Cincinnati,USA,1993,2,37,39.0,12.6,2.7,5.3,-7.1,1.3,7.2,21.5,46.9,28.1
311,Nikoloz Tskitishvili,DEN,21,7-0,225,None,Georgia,2002,1,5,39.0,2.7,1.6,0.3,-7.2,6.8,13.2,20.6,39.3,5.7
312,Olden Polynice,LAC,39,6-10,250,Virginia,USA,1987,1,8,2.0,0.0,1.0,0.5,4.5,11.1,9.1,17.4,0.0,14.3
313,Oliver Miller,MIN,34,6-9,315,Arkansas,USA,1992,1,22,48.0,2.5,2.7,0.8,-0.6,9.8,16.2,13.0,54.9,11.5
314,Omar Cook,POR,22,6-1,190,"St. John's, N.Y.",USA,2001,2,31,17.0,0.8,0.4,1.4,-10.5,2.2,2.4,11.8,25.9,28.6
315,Othella Harrington,NYK,30,6-9,235,Georgetown,USA,1996,2,30,56.0,4.6,3.2,0.5,-4.0,7.0,14.3,15.9,54.6,5.9
316,P.J. Brown,NOH,34,6-11,239,Louisiana Tech,USA,1992,2,29,80.0,10.5,8.6,1.9,2.0,8.5,16.6,14.7,52.7,9.7
317,Pat Garrity,ORL,27,6-9,238,Notre Dame,USA,1998,1,19,2.0,1.0,0.0,0.5,-41.8,0.0,0.0,6.8,33.3,8.3
318,Pau Gasol,MEM,23,7-0,240,None,Spain,2001,1,3,78.0,17.7,7.7,2.5,2.1,8.5,16.3,26.4,54.2,14.3
319,Paul Grant,UTA,30,7-0,245,Wisconsin,USA,1997,1,20,10.0,2.5,1.7,0.3,-9.3,7.5,11.4,16.3,47.1,6.3
320,Paul Pierce,BOS,26,6-6,230,Kansas,USA,1998,1,10,80.0,23.0,6.5,5.1,-1.2,2.3,14.4,29.9,51.7,24.9
321,Paul Shirley,CHI,26,6-10,230,Iowa State,USA,Undrafted,Undrafted,Undrafted,7.0,3.0,2.3,0.6,-15.8,9.3,10.1,17.0,43.2,9.8
322,Peja Stojakovic,SAC,27,6-10,229,None,Serbia,1996,1,14,81.0,24.2,6.3,2.1,6.7,2.9,12.6,23.4,62.4,9.0
323,Popeye Jones,GSW,34,6-8,265,Murray State,USA,1992,2,41,5.0,0.0,0.2,0.0,-39.9,9.1,0.0,8.0,0.0,0.0
324,Predrag Drobnjak,LAC,28,6-11,272,None,Serbia,1997,2,48,61.0,6.3,3.2,0.6,-12.3,5.4,15.7,21.4,45.8,7.8
325,Primoz Brezec,IND,24,7-1,252,None,Slovenia,2000,1,27,18.0,1.6,0.8,0.2,-11.9,7.9,15.4,21.7,48.9,10.0
326,Quentin Richardson,LAC,24,6-5,238,DePaul,USA,2000,1,18,65.0,17.2,6.4,2.1,-3.9,6.0,11.7,23.6,48.4,10.8
327,Quincy Lewis,MIN,27,6-7,215,Minnesota,USA,1999,1,19,14.0,1.1,0.5,0.1,-26.0,1.6,8.7,16.4,40.0,6.7
328,Qyntel Woods,POR,23,6-8,221,Northeast Mississippi CC,USA,2002,1,21,62.0,3.6,2.2,0.7,-6.3,6.9,14.5,21.2,42.5,12.1
329,Raef LaFrentz,BOS,28,6-11,245,Kansas,USA,1998,1,3,17.0,7.8,4.6,1.4,10.5,8.9,14.1,18.6,50.9,11.5
330,Rafer Alston,MIA,27,6-2,175,Fresno State,USA,1998,2,39,82.0,10.2,2.8,4.5,1.3,1.0,8.1,17.1,50.9,25.2
331,Raja Bell,UTA,27,6-5,210,Florida International,U.S. Virgin Islands,Undrafted,Undrafted,Undrafted,82.0,11.2,2.9,1.3,-1.6,3.1,9.8,23.3,50.0,10.7
332,Randy Livingston,LAC,29,6-4,209,Louisiana State,USA,1996,2,42,4.0,2.0,1.8,1.0,-28.0,3.3,8.6,15.6,31.6,18.2
333,Rashard Lewis,SEA,24,6-10,215,None,USA,1998,2,32,80.0,17.8,6.5,2.2,0.3,4.7,13.3,23.1,52.7,10.5
334,Rasheed Wallace,DET,29,6-11,230,North Carolina,USA,1995,1,4,68.0,16.0,6.8,2.3,4.2,4.5,15.4,23.1,51.0,11.5
335,Rasho Nesterovic,SAS,28,7-0,248,None,Slovenia,1998,1,17,82.0,8.7,7.7,1.4,6.6,11.1,15.8,16.7,47.3,8.2
336,Rasual Butler,MIA,25,6-7,205,La Salle,USA,2002,2,52,45.0,6.8,1.4,0.5,2.6,0.6,8.2,19.6,58.6,6.6
337,Raul Lopez,UTA,24,6-0,160,None,Spain,2001,1,24,82.0,7.0,1.9,3.7,-1.1,1.6,8.8,21.0,50.3,36.4
338,Ray Allen,SEA,28,6-5,205,Connecticut,USA,1996,1,5,56.0,23.0,5.1,4.8,2.4,3.3,10.5,27.3,56.6,22.3
339,Reece Gaines,ORL,23,6-6,205,Louisville,USA,2003,1,15,38.0,1.8,1.0,1.1,-1.2,2.2,8.6,14.7,35.6,18.5
340,Reggie Evans,SEA,24,6-8,245,Iowa,USA,Undrafted,Undrafted,Undrafted,75.0,2.9,5.4,0.4,-3.7,12.2,21.5,10.6,47.1,4.0
341,Reggie Miller,IND,38,6-7,195,UCLA,USA,1987,1,11,80.0,10.0,2.4,3.1,10.8,0.8,7.8,14.4,60.0,18.1
342,Richard Hamilton,DET,26,6-7,193,Connecticut,USA,1999,1,7,78.0,17.6,3.6,4.0,7.0,2.9,7.2,24.8,52.2,21.2
343,Richard Jefferson,NJN,24,6-7,222,Arizona,USA,2001,1,13,82.0,18.5,5.7,3.8,5.0,3.7,11.8,22.5,57.3,18.0
344,Richie Frahm,SEA,26,6-5,210,Gonzaga,USA,Undrafted,Undrafted,Undrafted,54.0,3.4,1.0,0.4,7.2,2.7,9.8,14.8,60.8,8.1
345,Rick Brunson,CHI,32,6-4,190,Temple,USA,Undrafted,Undrafted,Undrafted,40.0,3.0,0.9,2.1,-6.2,2.1,7.7,16.0,49.7,33.1
346,Rick Fox,LAL,34,6-7,235,North Carolina,Canada,1991,1,24,38.0,4.8,2.7,2.6,4.2,3.5,8.6,13.1,45.9,16.1
347,Ricky Davis,BOS,24,6-7,195,Iowa,USA,1998,1,21,79.0,14.4,4.5,3.3,-4.1,3.2,11.2,22.4,53.3,18.8
348,Robert Archibald,TOR,24,6-11,250,Illinois,Scotland,2002,2,31,32.0,1.0,1.6,0.4,-2.4,7.5,12.8,10.3,34.3,8.9
349,Robert Horry,SAS,33,6-10,208,Alabama,USA,1992,1,11,81.0,4.8,3.4,1.2,8.7,7.9,12.6,15.6,49.6,13.0
350,Robert Pack,NJN,35,6-2,190,Southern California,USA,Undrafted,Undrafted,Undrafted,26.0,1.9,0.7,1.0,-16.8,1.9,6.7,15.1,44.8,26.2
351,Robert Traylor,NOH,27,6-8,284,Michigan,USA,1998,1,6,71.0,5.1,3.7,0.6,2.4,11.1,17.6,19.3,52.7,8.2
352,Rod Strickland,TOR,37,6-3,185,DePaul,USA,1988,1,19,61.0,6.3,2.5,4.0,-6.5,2.8,10.5,17.9,48.2,32.6
353,Rodney Buford,SAC,26,6-5,195,Creighton,USA,1999,2,53,22.0,1.9,0.7,0.3,-26.9,3.9,6.3,19.1,35.0,9.7
354,Rodney Rogers,NJN,33,6-7,255,Wake Forest,USA,1993,1,9,69.0,7.8,4.4,2.0,1.9,7.2,15.5,20.6,49.2,17.3
355,Rodney White,DEN,24,6-9,230,North Carolina-Charlotte,USA,2001,1,9,72.0,7.5,2.3,0.8,1.5,4.3,12.0,25.4,52.7,11.5
356,Roger Mason Jr.,TOR,23,6-5,200,Virginia,USA,2002,2,30,26.0,3.7,1.2,1.0,-7.2,0.3,10.0,18.6,44.6,16.4
357,Ron Mercer,SAS,28,6-7,210,Kentucky,USA,1997,1,6,39.0,5.0,1.3,0.6,-1.3,1.8,6.9,20.8,44.6,9.3
358,Ronald Dupree,CHI,23,6-7,209,Louisiana State,USA,Undrafted,Undrafted,Undrafted,47.0,6.2,3.6,1.2,-5.7,5.6,12.2,18.1,44.5,10.3
359,Ruben Boumtje-Boumtje,POR,26,7-0,257,Georgetown,USA,2001,2,49,9.0,0.4,0.1,0.1,-40.2,0.0,5.6,10.2,34.0,6.3
360,Ruben Patterson,POR,28,6-5,224,Cincinnati,USA,1998,2,31,73.0,6.9,3.7,1.9,-2.3,8.2,8.7,16.3,53.0,14.8
361,Rusty LaRue,GSW,30,6-3,185,Wake Forest,USA,Undrafted,Undrafted,Undrafted,4.0,1.0,0.8,0.5,-45.6,0.0,17.6,17.0,51.5,15.4
362,Ryan Bowen,DEN,28,6-9,220,Iowa,USA,1998,2,55,52.0,0.9,1.7,0.3,-0.9,8.5,12.1,7.0,39.5,7.5
363,Ryan Humphrey,MEM,24,6-8,235,Notre Dame,USA,2002,1,19,2.0,1.0,1.5,0.5,98.2,25.0,9.1,22.2,25.0,8.3
364,Sam Cassell,MIN,34,6-3,185,Florida State,USA,1993,1,24,81.0,19.8,3.3,7.3,9.8,1.7,7.7,26.4,56.6,35.4
365,Samaki Walker,MIA,28,6-9,260,Louisville,USA,1996,1,9,33.0,3.2,3.4,0.2,-4.3,9.5,16.4,14.6,44.4,2.9
366,Samuel Dalembert,PHI,24,6-11,250,Seton Hall,Haiti,2001,1,26,82.0,8.0,7.6,0.3,-0.7,9.2,19.6,14.0,56.6,1.7
367,Sasha Pavlovic,UTA,20,6-7,210,None,Montenegro,2003,1,19,79.0,4.8,2.0,0.8,-2.3,4.1,11.3,19.4,46.3,9.8
368,Scot Pollard,IND,29,6-11,265,Kansas,USA,1997,1,19,61.0,1.7,2.7,0.2,-6.7,10.0,15.6,9.8,43.0,2.7
369,Scott Padgett,HOU,28,6-9,240,Kentucky,USA,1999,1,28,58.0,3.4,2.4,0.4,6.9,8.5,15.8,16.5,55.2,7.5
370,Scott Williams,DAL,36,6-10,260,North Carolina,USA,Undrafted,Undrafted,Undrafted,43.0,4.6,3.1,0.4,5.2,7.1,18.5,17.7,50.0,4.7
371,Scottie Pippen,CHI,38,6-8,228,Central Arkansas,USA,1987,1,5,23.0,5.9,3.0,2.2,-21.7,4.5,12.0,19.2,44.8,22.6
372,Sean Lampley,GSW,24,6-6,213,California,USA,2001,2,44,10.0,3.4,1.1,0.2,18.7,4.0,13.6,20.1,67.2,4.3
373,Sean Rooks,ORL,34,6-10,260,Arizona,USA,1992,2,30,55.0,2.6,1.8,0.5,-3.2,3.9,12.8,13.9,42.1,7.6
374,Shammond Williams,NOH,29,6-1,201,North Carolina,USA,1998,2,34,53.0,4.8,1.1,2.2,-7.4,1.2,6.8,17.8,49.5,27.9
375,Shandon Anderson,NYK,30,6-6,210,Georgia,USA,1996,2,54,80.0,7.9,2.8,1.5,-4.5,2.8,8.5,17.4,50.0,10.3
376,Shane Battier,MEM,25,6-8,220,Duke,USA,2001,1,6,79.0,8.5,3.8,1.3,4.1,5.0,9.9,14.8,54.4,8.5
377,Shane Heal,SAS,33,6-0,180,None,Australia,Undrafted,Undrafted,Undrafted,6.0,3.7,0.7,0.8,9.2,1.3,3.8,18.7,42.0,13.9
378,Shaquille O'Neal,LAL,32,7-1,340,Louisiana State,USA,1992,1,1,67.0,21.5,11.5,2.9,9.0,10.1,20.3,25.8,57.8,14.0
379,Shareef Abdur-Rahim,POR,27,6-9,245,California,USA,1996,1,3,85.0,16.3,7.5,2.0,-2.4,7.4,16.3,24.4,55.7,12.6
380,Shawn Bradley,DAL,32,7-6,275,Brigham Young,USA,1993,1,2,66.0,3.3,2.6,0.3,3.5,9.1,13.4,13.0,52.3,3.8
381,Shawn Marion,PHX,26,6-7,215,UNLV,USA,1999,1,9,79.0,19.0,9.3,2.7,-3.4,6.6,16.5,22.3,51.3,11.6
382,Slava Medvedenko,LAL,25,6-10,250,None,Ukraine,Undrafted,Undrafted,Undrafted,68.0,8.3,5.0,0.8,-1.0,10.0,13.9,19.9,47.9,6.8
383,Slavko Vranes,POR,21,7-5,275,None,Montenegro,2003,2,39,1.0,0.0,0.0,0.0,25.0,0.0,0.0,14.3,0.0,0.0
384,Speedy Claxton,GSW,26,5-11,170,Hofstra,USA,2000,1,20,60.0,10.6,2.6,4.5,3.4,2.4,7.7,20.5,50.9,28.0
385,Stacey Augmon,NOH,35,6-8,213,UNLV,USA,1991,1,9,69.0,5.8,2.5,1.2,-1.7,3.7,8.9,15.5,48.6,10.6
386,Stephen Jackson,ATL,26,6-8,218,Butler C.C. (KS),USA,1997,2,42,80.0,18.1,4.6,3.1,-4.1,3.4,9.0,24.5,52.1,15.5
387,Stephon Marbury,NYK,27,6-2,205,Georgia Tech,USA,1996,1,4,81.0,20.2,3.2,8.9,-1.8,1.8,6.3,25.1,51.9,38.5
388,Steve Blake,WAS,24,6-3,172,Maryland,USA,2003,2,38,75.0,5.9,1.6,2.8,-3.6,1.3,7.4,17.8,50.9,26.0
389,Steve Francis,HOU,27,6-3,200,Maryland,USA,1999,1,2,79.0,16.6,5.5,6.2,3.0,3.9,9.7,23.5,50.1,27.6
390,Steve Nash,DAL,30,6-3,195,Santa Clara,Canada,1996,1,15,78.0,14.5,3.0,8.8,4.5,2.2,6.6,18.8,59.0,37.0
391,Steven Hunter,ORL,22,7-0,240,DePaul,USA,2001,1,15,59.0,3.2,2.9,0.2,-11.1,6.5,14.2,12.3,50.4,2.5
392,Steven Smith,NOH,35,6-8,221,Michigan State,USA,1991,1,5,71.0,5.0,1.1,0.8,-2.0,2.8,6.6,17.7,54.3,10.9
393,Stromile Swift,MEM,24,6-9,230,Louisiana State,USA,2000,1,2,77.0,9.4,4.9,0.5,2.9,8.9,15.3,21.9,53.0,4.3
394,T.J. Ford,MIL,21,6-0,165,Texas-Austin,USA,2003,1,8,55.0,7.1,3.2,6.5,0.2,2.4,9.4,17.4,44.3,37.5
395,Tamar Slay,NJN,24,6-8,215,Marshall,USA,2002,2,53,22.0,2.4,1.1,0.6,-15.0,6.3,10.6,21.4,40.1,16.9
396,Tayshaun Prince,DET,24,6-9,215,Kentucky,USA,2002,1,23,82.0,10.3,4.8,2.3,7.0,3.6,11.0,15.3,53.6,12.2
397,Theo Ratliff,POR,31,6-10,235,Wyoming,USA,1995,1,18,85.0,7.9,7.2,0.8,-0.7,7.9,15.2,13.5,52.1,4.3
398,Theron Smith,MEM,23,6-8,225,Ball State,USA,Undrafted,Undrafted,Undrafted,20.0,2.2,2.1,0.4,1.1,7.2,15.1,14.7,47.3,6.5
399,Tierre Brown,NOH,25,6-2,189,McNeese State,USA,Undrafted,Undrafted,Undrafted,3.0,2.0,0.3,0.7,-60.6,0.0,5.6,35.1,52.1,40.0
400,Tim Duncan,SAS,28,7-0,260,Wake Forest,US Virgin Islands,1997,1,1,69.0,22.3,12.4,3.1,11.4,9.2,24.7,29.6,53.4,17.0
401,Tim Thomas,NYK,27,6-10,240,Villanova,USA,1997,1,7,66.0,14.7,4.8,1.9,0.5,3.0,12.7,21.9,53.4,10.2
402,Tom Gugliotta,UTA,34,6-10,250,North Carolina State,USA,1992,1,6,55.0,2.9,3.4,1.1,-8.2,8.0,16.5,14.3,37.4,13.2
403,Toni Kukoc,MIL,35,6-11,235,None,Croatia,1990,2,29,73.0,8.4,3.7,2.7,1.3,4.1,14.0,20.9,51.9,23.0
404,Tony Battie,CLE,28,6-11,240,Texas Tech,USA,1997,1,5,73.0,5.6,4.9,0.8,-2.0,7.8,15.6,14.9,48.2,6.8
405,Tony Delk,DAL,30,6-2,189,Kentucky,USA,1996,1,16,33.0,6.0,1.8,0.8,-4.5,2.8,8.7,18.3,48.4,8.8
406,Tony Massenburg,SAC,36,6-9,250,Maryland,USA,1990,2,43,59.0,4.3,3.2,0.5,-7.7,7.0,17.0,16.7,50.9,6.6
407,Tony Parker,SAS,22,6-2,180,None,France,2001,1,28,75.0,14.7,3.2,5.5,8.3,1.7,7.6,22.2,51.6,27.8
408,Torraye Braggs,WAS,28,6-8,245,Xavier,USA,1998,2,57,15.0,2.7,2.6,0.5,8.4,12.5,14.5,15.2,52.2,8.3
409,Tracy McGrady,ORL,25,6-8,210,None,USA,1997,1,9,67.0,28.0,6.0,5.5,-6.0,3.4,11.7,32.5,52.6,27.2
410,Tracy Murray,POR,32,6-7,230,UCLA,USA,1992,1,18,7.0,1.1,0.7,0.1,-12.4,8.3,5.0,18.4,32.2,4.5
411,Travis Best,DAL,31,5-11,185,Georgia Tech,USA,1995,1,23,61.0,2.8,1.1,1.8,7.5,2.1,6.7,12.6,44.5,20.9
412,Travis Hansen,ATL,26,6-6,205,Brigham Young,USA,2003,2,37,41.0,3.0,1.7,0.5,0.1,6.0,8.1,13.4,43.3,5.9
413,Travis Outlaw,POR,19,6-9,210,None,USA,2003,1,23,8.0,1.0,0.5,0.1,-52.4,9.1,11.8,22.2,45.7,14.3
414,Tremaine Fowlkes,DET,28,6-6,212,Fresno State,USA,1998,2,54,36.0,1.2,1.5,0.4,-6.7,7.3,13.8,12.4,39.3,10.9
415,Trenton Hassell,MIN,25,6-5,200,Austin Peay,USA,2001,2,29,81.0,5.0,3.2,1.6,6.8,3.2,8.0,9.3,49.8,8.2
416,Troy Bell,MEM,23,6-1,180,Boston College,USA,2003,1,16,6.0,1.8,0.7,0.7,7.9,8.6,2.8,27.8,28.5,18.2
417,Troy Hudson,MIN,28,6-1,170,Southern Illinois,USA,Undrafted,Undrafted,Undrafted,29.0,7.5,1.2,2.4,-4.8,0.8,6.0,23.2,49.2,25.2
418,Troy Murphy,GSW,24,6-11,245,Notre Dame,USA,2001,1,14,28.0,10.0,6.2,0.7,-4.0,8.1,20.7,23.1,50.1,6.0
419,Tyrone Hill,MIA,36,6-9,250,Xavier,USA,1990,1,11,5.0,1.8,1.6,0.0,-24.6,12.5,8.3,10.3,66.6,0.0
420,Tyronn Lue,ORL,27,6-0,178,Nebraska,USA,1998,1,23,76.0,10.5,2.5,4.2,-9.3,1.1,7.1,17.0,51.8,22.5
421,Tyson Chandler,CHI,21,7-1,235,None,USA,2001,1,2,35.0,6.1,7.7,0.7,-10.0,9.7,23.5,13.9,50.7,5.2
422,Udonis Haslem,MIA,24,6-8,228,Florida,USA,Undrafted,Undrafted,Undrafted,75.0,7.3,6.3,0.7,-0.2,10.7,16.5,15.4,52.1,4.9
423,Vin Baker,NYK,32,6-11,250,Hartford,USA,1993,1,8,54.0,9.8,5.2,1.2,-2.1,8.9,12.6,19.9,53.0,9.0
424,Vince Carter,TOR,27,6-6,225,North Carolina,USA,1998,1,5,73.0,22.5,4.8,4.8,-0.1,3.5,9.2,31.5,50.1,26.2
425,Vitaly Potapenko,SEA,29,6-10,285,Wright State,Ukraine,1996,1,12,65.0,7.1,4.4,0.8,-2.5,7.5,14.3,17.3,51.1,6.1
426,Vlade Divac,SAC,36,7-1,260,None,Serbia,1989,1,26,81.0,9.9,5.7,5.3,7.5,6.3,14.4,18.7,51.1,27.3
427,Vladimir Radmanovic,SEA,23,6-10,234,None,Serbia,2001,1,12,77.0,12.0,5.3,1.8,0.0,4.6,13.2,19.1,53.3,10.2
428,Vladimir Stepania,POR,28,7-1,255,None,Georgia,1998,1,27,42.0,2.6,3.0,0.5,5.8,11.0,17.6,13.9,45.4,8.2
429,Voshon Lenard,DEN,31,6-4,205,Minnesota,USA,1994,2,46,73.0,14.2,2.7,2.1,1.0,2.0,7.0,21.1,51.2,11.1
430,Wally Szczerbiak,MIN,27,6-7,235,Miami (Ohio),USA,1999,1,6,28.0,10.2,3.1,1.2,6.8,3.9,9.2,21.3,53.9,10.0
431,Walter McCarty,BOS,30,6-10,230,Kentucky,USA,1996,1,19,77.0,7.9,3.1,1.6,-1.9,1.6,10.9,15.4,54.1,10.9
432,Wang Zhi-zhi,MIA,26,7-1,284,None,China,1999,2,36,16.0,2.9,1.1,0.1,2.9,3.8,10.4,22.7,46.6,3.3
433,Wesley Person,ATL,33,6-6,200,Auburn,USA,1994,1,23,58.0,5.8,2.0,1.1,-7.8,1.5,10.3,15.9,51.0,11.0
434,Willie Green,PHI,22,6-4,200,Detroit,USA,2003,2,41,53.0,6.9,1.2,1.0,-3.5,2.0,6.4,26.6,46.4,15.1
435,Yao Ming,HOU,23,7-6,310,None,China,2002,1,1,82.0,17.5,9.0,1.5,3.9,8.2,19.6,24.9,58.6,9.0
436,Zach Randolph,POR,22,6-9,270,Michigan State,USA,2001,1,19,81.0,20.1,10.5,2.0,-1.1,8.5,21.0,27.2,52.8,10.1
437,Zarko Cabarkapa,PHX,23,6-11,235,None,Serbia,2003,1,17,49.0,4.1,2.0,0.8,-11.7,4.5,12.4,20.7,46.1,12.0
438,Zaza Pachulia,ORL,20,6-11,240,None,Georgia,2003,2,42,59.0,3.3,2.9,0.2,-3.8,9.8,16.1,16.3,45.2,3.3
439,Zeljko Rebraca,ATL,32,7-0,257,None,Serbia,1994,2,54,24.0,3.8,2.4,0.3,-7.6,8.6,13.8,18.2,50.4,4.0
440,Zendon Hamilton,PHI,29,6-11,240,St. John's,USA,Undrafted,Undrafted,Undrafted,46.0,3.7,3.2,0.3,-6.8,10.8,21.2,15.4,61.6,4.9
441,Zoran Planinic,NJN,21,6-7,195,None,Croatia,2003,1,22,49.0,3.1,1.1,1.4,-8.5,3.2,9.6,19.0,49.2,27.4
442,Zydrunas Ilgauskas,CLE,29,7-3,260,None,Lithuania,1996,1,20,81.0,15.3,8.1,1.3,-3.4,10.7,14.6,22.8,54.1,7.4
