,Player,Team,Age,Height,Weight,COLLEGE,COUNTRY,DRAFT YEAR,DRAFT ROUND,DRAFT NUMBER,GP,PTS,REB,AST,NETRTG,OREB%,DREB%,USG%,TS%,AST%
0,,,,,,,,,,,,,,,,,,,,
1,Aaron McKie,PHI,32,6-5,209,Temple,USA,1994,1,17,68.0,2.2,2.5,1.5,0.7,1.7,13.5,6.8,51.0,13.5
2,Aaron Williams,TOR,33,6-9,235,Xavier,USA,Undrafted,Undrafted,Undrafted,42.0,1.7,1.4,0.2,-20.0,5.5,15.2,12.8,51.8,4.9
3,Adonal Foyle,GSW,30,6-10,270,Colgate,St. Vincent & Grenadines,1997,1,8,78.0,4.5,5.5,0.7,-0.2,9.3,15.2,10.4,51.4,4.8
4,Adrian Griffin,CHI,30,6-5,230,Seton Hall,USA,Undrafted,Undrafted,Undrafted,69.0,2.2,2.1,0.8,3.8,7.2,13.8,13.6,41.9,13.4
5,Al Harrington,ATL,25,6-9,250,None,USA,1998,1,25,66.0,17.5,7.0,3.2,-10.2,5.7,13.9,23.6,50.8,14.8
6,Al Jefferson,BOS,20,6-10,265,None,USA,2004,1,15,71.0,6.7,4.4,0.3,-1.5,12.0,17.8,20.6,55.4,4.2
7,Alan Henderson,DAL,32,6-9,240,Indiana,USA,1995,1,16,78.0,3.5,4.5,0.3,-6.1,13.3,14.9,11.1,53.9,2.9
8,Aleksandar Radojevic,UTA,28,7-3,250,None,Bosnia and Herzegovina,1999,1,12,12.0,1.6,2.3,0.5,-5.6,7.5,17.1,13.7,40.6,7.0
9,Alex Garcia,NOH,25,6-3,195,None,Brazil,Undrafted,Undrafted,Undrafted,8.0,5.5,1.9,2.3,-14.1,4.8,6.9,19.6,40.9,22.8
10,Allan Houston,NYK,34,6-6,205,Tennessee,USA,1993,1,11,20.0,11.9,1.2,2.1,1.4,0.8,3.9,20.7,52.9,12.7
11,Allen Iverson,PHI,30,6-0,165,Georgetown,USA,1996,1,1,75.0,30.7,4.0,7.9,0.2,1.6,7.9,34.4,53.2,36.1
12,Alonzo Mourning,MIA,35,6-10,261,Georgetown,USA,1992,1,2,37.0,7.6,5.4,0.5,-3.7,8.2,20.0,22.0,51.5,5.2
13,Amar'e Stoudemire,PHX,22,6-10,245,None,USA,2002,1,9,80.0,26.0,8.9,1.6,10.4,7.9,15.7,28.3,61.7,7.5
14,Anderson Varejao,CLE,22,6-10,230,None,Brazil,2004,2,30,54.0,4.9,4.8,0.5,5.5,12.0,18.0,14.0,53.4,5.0
15,Andre Barrett,ORL,23,5-10,173,Seton Hall,USA,Undrafted,Undrafted,Undrafted,38.0,3.1,1.1,1.8,2.1,2.3,6.0,14.5,44.6,22.7
16,Andre Emmett,MEM,22,6-5,230,Texas Tech,USA,2004,2,35,8.0,0.9,0.3,0.0,-11.9,0.0,7.4,15.8,42.7,0.0
17,Andre Iguodala,PHI,21,6-6,207,Arizona,USA,2004,1,9,82.0,9.0,5.7,3.0,0.0,3.3,14.1,12.7,58.0,13.9
18,Andre Miller,DEN,29,6-2,200,Utah,USA,1999,1,8,82.0,13.6,4.1,6.9,3.4,3.7,8.4,19.4,54.1,31.5
19,Andrei Kirilenko,UTA,24,6-9,205,None,Russia,1999,1,24,41.0,15.6,6.2,3.2,3.6,7.4,13.2,21.4,59.9,17.8
20,Andres Nocioni,CHI,25,6-7,225,None,Argentina,Undrafted,Undrafted,Undrafted,81.0,8.4,4.8,1.5,-3.8,3.6,16.6,19.4,48.4,11.1
21,Andrew DeClercq,ORL,32,6-10,255,Florida,USA,1995,2,34,8.0,1.1,1.3,0.0,-9.4,12.1,7.0,9.5,43.6,0.0
22,Andris Biedrins,GSW,19,6-11,240,None,Latvia,2004,1,11,30.0,3.6,3.9,0.4,7.2,11.6,17.3,12.2,57.0,4.7
23,Anfernee Hardaway,NYK,33,6-7,215,Memphis,USA,1993,1,3,37.0,7.3,2.4,2.0,-4.9,2.2,8.6,16.5,48.0,14.1
24,Ansu Sesay,GSW,28,6-9,225,Mississippi,USA,1998,2,30,16.0,3.1,2.4,0.8,-7.3,12.3,14.7,19.7,46.6,17.9
25,Antawn Jamison,WAS,29,6-9,230,North Carolina,USA,1998,1,4,68.0,19.6,7.6,2.3,1.8,5.8,13.8,23.4,50.6,10.1
26,Anthony Carter,MIN,30,6-2,195,Hawaii,USA,Undrafted,Undrafted,Undrafted,66.0,2.7,1.0,2.4,1.9,1.8,7.9,16.6,45.4,35.5
27,Anthony Goldwire,MIL,33,6-2,182,Houston,USA,1994,2,52,33.0,5.2,1.8,2.4,-7.3,2.0,9.6,14.3,57.5,25.2
28,Anthony Johnson,IND,30,6-3,190,College of Charleston,USA,1997,2,39,63.0,8.4,2.8,4.8,0.8,2.0,8.6,16.4,52.6,30.9
29,Anthony Miller,ATL,33,6-9,255,Michigan State,USA,1994,2,39,2.0,2.0,0.5,0.5,14.0,0.0,11.1,13.3,66.7,25.0
30,Anthony Peeler,WAS,35,6-4,208,Missouri,USA,1992,1,15,40.0,3.8,1.6,1.4,-10.5,2.4,10.3,15.3,48.4,18.0
31,Antoine Walker,BOS,28,6-9,245,Kentucky,USA,1996,1,6,77.0,19.1,9.0,3.4,-9.4,6.1,18.8,26.8,47.8,16.3
32,Antonio Burks,MEM,25,6-0,195,Memphis,USA,2004,2,36,24.0,3.0,0.5,1.2,-6.3,0.5,5.7,17.7,53.4,25.2
33,Antonio Daniels,SEA,30,6-4,205,Bowling Green,USA,1997,1,4,75.0,11.2,2.3,4.1,4.7,1.0,7.7,18.5,55.7,26.1
34,Antonio Davis,CHI,36,6-9,245,Texas-El Paso,USA,1990,2,45,72.0,7.0,5.9,1.1,1.0,8.1,14.8,14.3,51.6,7.1
35,Antonio McDyess,DET,30,6-9,245,Alabama,USA,1995,1,2,77.0,9.6,6.3,0.9,0.7,10.2,18.1,19.8,54.2,7.3
36,Austin Croshere,IND,30,6-10,242,Providence,USA,1997,1,12,73.0,8.9,5.1,1.3,-5.2,6.0,16.2,18.0,53.1,9.9
37,Awvee Storey,NJN,28,6-6,225,Arizona State,USA,Undrafted,Undrafted,Undrafted,9.0,0.9,0.6,0.1,-15.3,12.1,3.2,17.5,36.8,7.1
38,Baron Davis,GSW,26,6-3,223,UCLA,USA,1999,1,3,46.0,19.2,3.8,7.9,2.1,1.9,9.0,27.3,51.5,39.1
39,Ben Gordon,CHI,22,6-3,200,Connecticut,USA,2004,1,3,82.0,15.1,2.6,2.0,4.2,2.7,7.4,29.4,52.6,16.5
40,Ben Handlogten,UTA,31,6-10,240,Western Michigan,USA,Undrafted,Undrafted,Undrafted,21.0,4.5,3.1,0.6,-8.3,9.1,17.9,16.8,52.5,7.5
41,Ben Wallace,DET,30,6-9,240,Virginia Union,USA,Undrafted,Undrafted,Undrafted,74.0,9.7,12.2,1.7,7.1,11.1,22.7,15.0,45.9,7.5
42,Beno Udrih,SAS,22,6-3,200,None,Slovenia,2004,1,28,80.0,5.9,1.0,1.9,5.1,1.4,5.8,19.8,54.9,23.3
43,Bernard Robinson,CHA,24,6-6,210,Michigan,USA,2004,2,45,31.0,3.0,1.5,1.0,-13.8,3.9,10.2,14.2,50.3,16.9
44,Billy Thomas,NJN,29,6-5,218,Kansas,USA,Undrafted,Undrafted,Undrafted,25.0,3.7,1.4,0.7,-1.1,2.1,8.8,14.1,47.0,7.8
45,Bo Outlaw,PHX,34,6-8,220,Houston,USA,Undrafted,Undrafted,Undrafted,39.0,0.7,1.4,0.3,-9.2,7.0,15.9,9.1,38.2,9.8
46,Bob Sura,HOU,32,6-5,200,Florida State,USA,1995,1,17,61.0,10.3,5.5,5.2,4.3,4.3,13.7,17.4,53.3,26.6
47,Bobby Jackson,SAC,32,6-1,185,Minnesota,USA,1997,1,23,25.0,12.0,3.4,2.4,3.9,4.0,10.8,24.6,53.7,19.5
48,Bobby Simmons,LAC,25,6-6,228,DePaul,USA,2001,2,41,75.0,16.4,5.9,2.7,1.3,4.9,11.6,20.4,54.0,12.6
49,Bonzi Wells,MEM,28,6-5,210,Ball State,USA,1998,1,11,69.0,10.4,3.3,1.2,-1.3,3.5,13.1,24.6,51.5,10.6
50,Boris Diaw,ATL,23,6-8,215,None,France,2003,1,21,66.0,4.8,2.6,2.3,-6.7,4.4,10.5,15.3,47.9,20.2
51,Bostjan Nachbar,NOH,24,6-9,221,None,Slovenia,2002,1,15,71.0,7.0,2.6,1.0,-6.3,1.8,12.6,18.4,53.4,10.2
52,Brad Miller,SAC,29,7-0,261,Purdue,USA,Undrafted,Undrafted,Undrafted,56.0,15.6,9.3,3.9,5.1,6.8,17.7,17.3,59.6,16.0
53,Brandin Knight,HOU,23,6-0,180,Pittsburgh,USA,Undrafted,Undrafted,Undrafted,1.0,0.0,0.0,1.0,-6.7,0.0,0.0,12.5,0.0,33.3
54,Brandon Hunter,ORL,24,6-7,266,Ohio,USA,2003,2,56,31.0,3.1,2.2,0.1,-3.5,10.8,18.3,20.7,52.7,2.3
55,Brendan Haywood,WAS,25,7-0,266,North Carolina,USA,2001,1,20,68.0,9.4,6.8,0.8,6.0,10.5,13.5,14.8,58.8,4.7
56,Brent Barry,SAS,33,6-7,210,Oregon State,USA,1995,1,15,81.0,7.4,2.3,2.2,6.3,1.7,9.5,14.8,58.0,16.8
57,Brevin Knight,CHA,29,5-10,170,Stanford,USA,1997,1,16,66.0,10.1,2.6,9.0,-3.3,1.0,8.2,18.0,49.5,46.2
58,Brian Cardinal,MEM,28,6-8,245,Purdue,USA,2000,2,44,58.0,9.0,3.9,2.0,4.6,4.8,11.9,19.4,51.0,13.5
59,Brian Cook,LAL,24,6-9,234,Illinois,USA,2003,1,24,72.0,6.4,3.0,0.5,3.1,5.7,14.0,19.0,52.2,5.6
60,Brian Grant,LAL,33,6-9,254,Xavier,USA,1994,1,8,69.0,3.8,3.7,0.5,-4.7,8.8,13.3,11.3,53.9,4.8
61,Brian Scalabrine,NJN,27,6-9,235,Southern California,USA,2001,2,34,54.0,6.3,4.5,1.6,1.5,7.2,14.9,16.6,46.8,13.2
62,Brian Skinner,SAC,29,6-9,265,Baylor,USA,1998,1,22,49.0,4.8,5.7,0.9,-5.2,10.7,19.1,12.6,49.4,6.7
63,Britton Johnsen,IND,25,6-10,210,Utah,USA,Undrafted,Undrafted,Undrafted,6.0,2.0,1.7,0.7,-19.3,5.6,7.5,14.2,27.3,8.7
64,Bruce Bowen,SAS,34,6-7,200,California State-Fullerton,USA,Undrafted,Undrafted,Undrafted,82.0,8.2,3.5,1.5,8.6,2.0,9.2,12.6,52.1,7.5
65,Bruno Sundov,NYK,25,7-2,260,None,Croatia,1998,2,35,21.0,1.2,0.6,0.1,-10.4,7.6,10.3,25.7,33.0,6.3
66,Bryon Russell,DEN,34,6-7,225,Long Beach State,USA,1993,2,45,70.0,4.4,2.5,1.0,0.8,4.6,12.3,13.7,53.7,11.5
67,Calbert Cheaney,GSW,33,6-7,217,Indiana,USA,1993,1,6,55.0,4.5,2.3,1.2,-3.5,3.1,9.8,14.7,44.4,11.6
68,Calvin Booth,MIL,29,6-11,231,Penn State,USA,1999,2,35,51.0,2.4,2.1,0.2,-5.8,6.3,16.5,13.4,50.8,3.0
69,Carlos Arroyo,DET,25,6-2,202,Florida International,Puerto Rico,Undrafted,Undrafted,Undrafted,70.0,6.6,1.5,4.0,-7.0,1.8,5.9,18.7,46.6,33.2
70,Carlos Boozer,UTA,23,6-8,258,Duke,USA,2002,2,34,51.0,17.8,9.0,2.8,-2.6,8.7,19.8,24.2,56.0,14.7
71,Carlos Delfino,DET,22,6-6,230,None,Argentina,2003,1,25,30.0,3.9,1.8,1.3,-3.2,3.0,10.0,15.8,43.1,13.8
72,Carmelo Anthony,DEN,21,6-8,220,Syracuse,USA,2003,1,3,75.0,20.8,5.7,2.6,3.0,5.7,10.9,28.6,52.6,12.9
73,Caron Butler,LAL,25,6-7,217,Connecticut,USA,2002,1,10,77.0,15.5,5.8,1.9,-4.2,5.3,10.9,20.4,52.8,9.1
74,Casey Jacobsen,NOH,24,6-6,215,Stanford,USA,2002,1,22,84.0,6.5,2.0,1.3,0.1,2.0,7.2,14.1,55.5,10.2
75,Charlie Ward,HOU,34,6-2,185,Florida State,USA,1994,1,26,14.0,5.4,2.8,3.1,0.4,1.7,9.3,13.2,45.3,18.9
76,Chauncey Billups,DET,28,6-3,202,Colorado,USA,1997,1,3,80.0,16.5,3.4,5.8,6.4,1.8,7.8,20.3,60.9,27.7
77,Chris Andersen,NOH,26,6-10,228,Blinn J.C.,USA,Undrafted,Undrafted,Undrafted,67.0,7.7,6.1,1.1,-1.7,10.2,19.6,16.6,58.1,9.3
78,Chris Bosh,TOR,21,6-10,235,Georgia Tech,USA,2003,1,4,81.0,16.8,8.9,1.9,-0.4,6.6,18.1,21.7,54.7,8.6
79,Chris Duhon,CHI,22,6-1,185,Duke,USA,2004,2,38,82.0,5.9,2.6,4.9,3.5,1.0,8.8,13.0,47.1,28.0
80,Chris Kaman,LAC,23,7-0,265,Central Michigan,USA,2003,1,6,63.0,9.1,6.7,1.2,-3.7,8.8,18.5,18.5,52.2,7.7
81,Chris Mihm,LAL,25,7-0,265,Texas-Austin,USA,2000,1,7,75.0,9.8,6.7,0.7,-4.4,10.7,15.9,18.6,55.2,4.6
82,Chris Webber,PHI,32,6-10,245,Michigan,USA,1993,1,1,67.0,19.5,9.1,4.7,0.8,5.6,19.9,29.2,47.2,23.1
83,Chris Wilcox,LAC,22,6-10,235,Maryland,USA,2002,1,8,54.0,7.9,4.2,0.7,-2.1,6.9,16.6,21.2,54.3,6.8
84,Christian Laettner,MIA,35,6-11,245,Duke,USA,1992,1,3,49.0,5.3,2.7,0.8,11.1,5.3,11.9,14.8,61.9,9.1
85,Chucky Atkins,LAL,30,5-11,160,South Florida,USA,Undrafted,Undrafted,Undrafted,82.0,13.6,2.4,4.4,-2.6,1.1,5.5,17.7,55.8,20.1
86,Clar. Weatherspoon,HOU,34,6-7,270,Southern Mississippi,USA,1992,1,9,40.0,3.1,3.1,0.4,5.9,7.6,16.5,13.3,47.5,5.1
87,Clifford Robinson,NJN,38,6-10,240,Connecticut,USA,1989,2,36,71.0,7.5,2.9,1.5,-7.9,2.9,9.9,16.6,47.1,10.2
88,Corey Maggette,LAC,25,6-6,225,Duke,USA,1999,1,13,66.0,22.2,6.0,3.4,-0.3,3.1,13.5,27.2,57.4,16.7
89,Corliss Williamson,SAC,31,6-7,245,Arkansas,USA,1995,1,13,72.0,10.3,3.6,1.1,-0.6,6.6,10.2,21.9,53.6,9.0
90,Corsley Edwards,NOH,26,6-9,275,Central Connecticut State,USA,2002,2,57,10.0,2.7,2.5,0.3,-13.3,10.3,13.0,16.5,37.2,5.7
91,Cory Alexander,CHA,32,6-1,190,Virginia,USA,1995,1,29,16.0,3.1,1.8,2.3,-15.1,3.5,10.7,15.7,45.1,31.9
92,Curtis Borchardt,UTA,24,7-0,242,Stanford,USA,2002,1,18,67.0,3.0,3.3,0.7,-6.8,10.1,18.8,13.6,49.2,9.6
93,Cuttino Mobley,SAC,29,6-4,215,Rhode Island,USA,1998,2,41,66.0,17.2,3.5,2.8,0.1,1.9,7.6,21.2,55.5,12.2
94,DJ Mbenga,DAL,24,7-0,245,None,Belgium,Undrafted,Undrafted,Undrafted,15.0,1.0,0.5,0.0,-31.5,4.3,8.9,15.4,47.6,0.0
95,Dahntay Jones,MEM,24,6-6,210,Duke,USA,2003,1,20,52.0,4.5,1.3,0.4,0.3,1.8,9.2,17.5,53.4,5.9
96,Dajuan Wagner,CLE,22,6-2,200,Memphis,USA,2002,1,6,11.0,4.0,0.2,1.2,-3.5,0.0,2.4,29.1,38.8,22.0
97,Dale Davis,IND,36,6-11,252,Clemson,USA,1991,1,13,61.0,4.7,6.1,0.8,2.5,11.7,17.2,11.3,51.2,5.7
98,Damien Wilkins,SEA,25,6-6,225,Georgia,USA,Undrafted,Undrafted,Undrafted,29.0,6.3,2.3,0.9,-7.4,5.7,8.3,17.6,50.0,9.1
99,Damon Jones,MIA,28,6-3,185,Houston,USA,Undrafted,Undrafted,Undrafted,82.0,11.6,2.8,4.3,8.1,0.6,8.2,15.0,62.5,20.1
100,Damon Stoudamire,POR,31,5-10,174,Arizona,USA,1995,1,7,81.0,15.8,3.8,5.7,-4.2,2.1,9.1,23.0,51.0,28.3
101,Damone Brown,WAS,26,6-8,202,Syracuse,USA,2001,2,36,14.0,3.9,2.0,1.0,-3.2,5.7,11.6,21.8,40.9,16.1
102,Dan Dickau,NOH,26,6-0,190,Gonzaga,USA,2002,1,28,71.0,12.5,2.5,4.9,-7.8,1.6,7.5,21.9,51.8,30.9
103,Dan Gadzuric,MIL,27,6-11,240,UCLA,Netherlands,2002,2,33,81.0,7.3,8.3,0.4,-0.9,14.7,23.8,15.5,55.1,2.6
104,Daniel Santiago,MIL,29,7-1,256,St. Vincent,Puerto Rico,Undrafted,Undrafted,Undrafted,11.0,2.0,1.7,0.1,-17.7,6.1,14.9,13.2,42.6,1.6
105,Danny Fortson,SEA,29,6-8,260,Cincinnati,USA,1997,1,10,62.0,7.5,5.6,0.1,5.4,16.0,19.0,18.7,68.2,1.3
106,Darius Miles,POR,23,6-9,210,None,USA,2000,1,3,63.0,12.8,4.7,2.0,-2.2,4.5,12.7,25.3,51.1,14.3
107,Darius Songaila,SAC,27,6-8,240,Wake Forest,Lithuania,2002,2,49,81.0,7.5,4.2,1.4,4.6,7.5,13.3,16.1,56.6,10.6
108,Darko Milicic,DET,20,7-0,245,None,Serbia,2003,1,2,37.0,1.8,1.2,0.2,1.6,1.3,14.7,18.9,38.7,5.0
109,Darrell Armstrong,DAL,37,6-1,180,Fayetteville State,USA,Undrafted,Undrafted,Undrafted,66.0,4.0,1.7,2.7,-2.7,3.4,8.3,16.5,43.0,29.5
110,Darrick Martin,LAC,34,5-11,170,UCLA,USA,Undrafted,Undrafted,Undrafted,11.0,3.8,0.9,2.5,3.4,1.6,3.7,14.8,39.2,23.5
111,Darvin Ham,DET,31,6-7,240,Texas Tech,USA,Undrafted,Undrafted,Undrafted,47.0,1.0,0.7,0.1,-13.5,7.9,6.8,9.9,45.4,3.5
112,David Harrison,IND,22,7-0,280,Colorado,USA,2004,1,29,43.0,6.1,3.1,0.3,-0.3,7.4,11.9,17.5,58.9,3.2
113,David Wesley,HOU,34,6-1,203,Baylor,USA,Undrafted,Undrafted,Undrafted,80.0,11.9,2.9,3.3,-0.1,1.4,7.1,16.8,51.3,15.9
114,David West,NOH,24,6-8,226,Xavier,USA,2003,1,18,30.0,6.2,4.3,0.8,-20.8,6.7,17.9,19.1,47.9,8.5
115,DeSagana Diop,CLE,23,7-0,280,None,Senegal,2001,1,8,39.0,1.0,1.8,0.4,-5.5,9.1,13.5,12.1,28.1,8.4
116,DeShawn Stevenson,ORL,24,6-5,210,None,USA,2000,1,23,55.0,7.8,1.9,1.3,-7.2,3.4,6.0,20.6,45.6,10.5
117,Delonte West,BOS,21,6-4,180,St. Joseph's (PA),USA,2004,1,24,39.0,4.5,1.7,1.4,1.1,3.0,9.7,16.7,52.4,17.3
118,DerMarr Johnson,DEN,25,6-9,201,Cincinnati,USA,2000,1,6,71.0,7.1,2.1,1.1,6.4,3.7,8.4,17.2,60.5,9.6
119,Derek Anderson,POR,30,6-5,195,Kentucky,USA,1997,1,13,47.0,9.2,2.7,3.0,-4.7,2.0,8.4,18.2,50.3,19.4
120,Derek Fisher,GSW,30,6-1,200,Arkansas-Little Rock,USA,1996,1,24,74.0,11.9,2.9,4.1,-1.4,1.6,7.9,18.9,51.9,22.2
121,Derrick Coleman,DET,38,6-10,270,Syracuse,USA,1990,1,1,5.0,1.8,3.0,0.0,-23.1,6.0,27.3,15.2,29.4,0.0
122,Desmond Mason,MIL,27,6-5,222,Oklahoma State,USA,2000,1,17,80.0,17.2,3.9,2.7,-3.3,3.0,8.1,22.8,52.6,12.7
123,Devean George,LAL,27,6-8,240,Augsburg,USA,1999,1,23,15.0,7.3,3.5,0.9,-11.7,4.0,14.8,17.7,48.8,7.8
124,Devin Brown,SAS,26,6-5,220,Texas-San Antonio,USA,Undrafted,Undrafted,Undrafted,67.0,7.4,2.6,1.4,1.0,3.0,11.7,18.7,53.0,12.7
125,Devin Harris,DAL,22,6-3,185,Wisconsin,USA,2004,1,5,76.0,5.7,1.3,2.2,-1.5,2.4,6.3,18.0,53.0,22.9
126,Dikembe Mutombo,HOU,39,7-2,265,Georgetown,Congo,1991,1,4,80.0,4.0,5.3,0.1,9.3,12.6,21.6,12.5,57.5,1.4
127,Dion Glover,SAS,26,6-5,225,Georgia Tech,USA,1999,1,20,7.0,3.6,1.6,0.6,5.7,3.5,13.3,17.7,47.3,11.1
128,Dirk Nowitzki,DAL,27,7-0,245,None,Germany,1998,1,9,78.0,26.1,9.7,3.1,9.5,3.3,21.1,28.4,57.8,13.8
129,Donnell Harvey,NJN,24,6-8,220,Florida,USA,2000,1,22,3.0,2.7,2.3,0.3,9.0,20.0,41.7,13.9,106.4,12.5
130,Donta Smith,ATL,21,6-7,215,Southeastern Illinois,USA,2004,2,34,38.0,3.3,1.4,1.0,-6.7,4.2,8.3,15.7,47.3,14.1
131,Donyell Marshall,TOR,32,6-9,230,Connecticut,USA,1994,1,4,65.0,11.5,6.6,1.2,0.8,5.8,19.9,18.4,59.1,8.3
132,Dorell Wright,MIA,19,6-7,210,None,USA,2004,1,19,3.0,2.3,0.3,1.0,-12.1,0.0,3.1,22.2,30.6,17.6
133,Doug Christie,ORL,35,6-6,205,Pepperdine,USA,1992,1,17,52.0,6.6,3.4,3.8,2.1,2.6,8.5,13.6,47.1,19.2
134,Drew Gooden,CLE,23,6-10,242,Kansas,USA,2002,1,4,82.0,14.4,9.2,1.6,2.5,8.4,22.9,21.5,54.8,8.8
135,Dwight Howard,ORL,19,6-11,250,None,USA,2004,1,1,82.0,12.0,10.0,0.9,-2.9,11.1,19.9,16.7,57.1,4.3
136,Dwyane Wade,MIA,23,6-4,212,Marquette,USA,2003,1,5,77.0,24.1,5.2,6.8,6.5,4.0,9.5,30.2,56.1,30.3
137,Earl Boykins,DEN,29,5-5,133,Eastern Michigan,USA,Undrafted,Undrafted,Undrafted,82.0,12.4,1.7,4.5,1.2,1.7,5.0,21.4,53.0,29.3
138,Earl Watson,MEM,26,6-1,190,UCLA,USA,2001,2,39,80.0,7.7,2.1,4.5,4.8,2.1,7.4,20.0,50.0,35.3
139,Eddie Gill,IND,26,6-0,190,Weber State,USA,Undrafted,Undrafted,Undrafted,73.0,3.7,1.5,1.1,-5.3,1.7,10.1,15.7,48.4,16.1
140,Eddie Griffin,MIN,23,6-10,240,Seton Hall,USA,2001,1,7,70.0,7.5,6.5,0.8,4.5,9.0,20.3,18.6,47.4,5.7
141,Eddie House,SAC,27,6-1,175,Arizona State,USA,2000,2,37,68.0,5.8,1.2,1.4,-4.1,1.8,8.3,20.4,52.5,18.0
142,Eddie Jones,MIA,33,6-6,200,Temple,USA,1994,1,10,80.0,12.7,5.1,2.7,8.8,1.5,12.6,16.1,55.6,11.2
143,Eddy Curry,CHI,22,6-11,285,None,USA,2001,1,4,63.0,16.1,5.4,0.6,-1.2,6.9,11.8,25.8,58.3,4.1
144,Eduardo Najera,DEN,28,6-8,235,Oklahoma,Mexico,2000,2,38,68.0,5.2,3.6,1.0,1.8,8.2,12.0,15.3,48.9,8.4
145,Elden Campbell,DET,36,7-0,279,Clemson,USA,1990,1,27,40.0,3.0,2.3,0.5,-3.9,8.0,17.6,21.1,40.8,8.9
146,Elton Brand,LAC,26,6-8,272,Duke,USA,1999,1,1,81.0,20.0,9.5,2.6,2.9,10.7,16.2,24.8,55.4,12.8
147,Emeka Okafor,CHA,22,6-10,252,Connecticut,USA,2004,1,2,73.0,15.1,10.9,0.9,-6.7,10.1,21.5,21.5,47.9,4.2
148,Eric Piatkowski,CHI,34,6-7,215,Nebraska,USA,1994,1,15,68.0,4.8,1.2,0.8,0.1,1.7,7.2,16.0,57.3,9.9
149,Eric Snow,CLE,32,6-3,205,Michigan State,USA,1995,2,43,81.0,4.0,1.9,3.9,3.3,2.0,6.7,11.1,44.5,25.8
150,Eric Williams,TOR,32,6-8,220,Providence,USA,1995,1,14,55.0,7.7,3.1,1.7,-3.0,3.5,9.9,16.1,52.9,12.0
151,Erick Dampier,DAL,29,6-11,265,Mississippi State,USA,1996,1,10,59.0,9.2,8.5,0.9,9.6,12.1,19.4,15.9,58.0,4.8
152,Erick Strickland,MIL,31,6-3,218,Nebraska,USA,Undrafted,Undrafted,Undrafted,62.0,4.9,1.7,1.9,-4.5,1.1,9.6,17.9,45.3,19.3
153,Erik Daniels,SAC,23,6-8,214,Kentucky,USA,Undrafted,Undrafted,Undrafted,21.0,0.6,0.9,0.2,-23.9,8.0,14.3,13.1,36.1,11.8
154,Ervin Johnson,MIN,37,6-11,245,New Orleans,USA,1993,1,23,46.0,1.6,2.5,0.1,-7.8,10.5,17.4,9.7,56.2,2.2
155,Etan Thomas,WAS,27,6-10,260,Syracuse,USA,2000,1,12,47.0,7.1,5.2,0.4,-5.4,8.2,17.6,16.4,52.1,3.4
156,Flip Murray,SEA,25,6-3,197,Shaw,USA,2002,2,41,49.0,7.0,2.0,1.3,-8.4,1.7,10.0,23.9,43.3,13.9
157,Francisco Elson,DEN,29,7-0,235,California,Netherlands,1999,2,41,67.0,3.7,3.0,0.5,0.5,6.5,16.1,13.6,49.4,5.5
158,Frank Williams,CHI,25,6-3,212,Illinois,USA,2002,1,25,9.0,0.7,0.7,1.2,-14.9,2.3,4.9,14.6,15.0,28.9
159,Fred Hoiberg,MIN,32,6-5,210,Iowa State,USA,1995,2,52,76.0,5.8,2.4,1.1,6.1,2.8,11.4,12.4,66.4,10.2
160,Fred Jones,IND,26,6-2,218,Oregon,USA,2002,1,14,77.0,10.6,3.1,2.5,-3.5,1.6,9.9,17.7,55.1,16.6
161,Gary Payton,BOS,36,6-4,180,Oregon State,USA,1990,1,2,77.0,11.3,3.1,6.1,0.8,2.0,7.5,16.8,53.7,27.9
162,Geno Carlisle,POR,28,6-3,200,California,USA,Undrafted,Undrafted,Undrafted,6.0,1.3,0.2,0.2,-17.6,7.1,0.0,15.8,70.9,11.1
163,George Lynch,NOH,34,6-8,235,North Carolina,USA,1993,1,12,44.0,3.7,4.0,2.0,-5.8,6.0,14.2,12.8,41.2,16.0
164,Gerald Wallace,CHA,22,6-7,215,Alabama,USA,2001,1,25,70.0,11.1,5.5,2.0,-3.8,5.3,13.4,18.8,51.0,10.2
165,Gilbert Arenas,WAS,23,6-3,191,Arizona,USA,2001,2,30,80.0,25.5,4.7,5.1,1.0,2.4,9.0,26.5,56.5,22.4
166,Glenn Robinson,SAS,32,6-7,240,Purdue,USA,1994,1,1,9.0,10.0,2.7,0.9,-9.9,2.4,12.3,26.4,51.7,10.5
167,Gordan Giricek,UTA,28,6-5,210,None,Croatia,1999,2,40,81.0,8.8,2.2,1.7,-1.9,1.6,10.5,21.2,51.6,15.0
168,Grant Hill,ORL,32,6-8,225,Duke,USA,1994,1,3,67.0,19.7,4.7,3.3,-0.3,3.4,10.1,24.2,56.5,16.5
169,Greg Buckner,DEN,28,6-4,210,Clemson,USA,1998,2,53,70.0,6.2,3.0,1.9,1.9,4.5,9.6,11.1,63.8,12.7
170,Greg Ostertag,SAC,32,7-2,280,Kansas,USA,1995,1,28,56.0,1.6,3.0,0.7,6.3,9.1,18.7,9.5,43.2,9.4
171,Ha Ha,POR,19,7-3,305,None,South Korea,2004,2,46,19.0,1.4,0.9,0.1,-3.4,6.5,10.5,16.9,46.7,3.0
172,Hedo Turkoglu,ORL,26,6-10,220,None,Turkey,2000,1,16,67.0,14.0,3.5,2.3,-1.4,3.4,9.5,24.1,53.2,15.3
173,Horace Jenkins,DET,30,6-1,180,William Paterson,USA,Undrafted,Undrafted,Undrafted,15.0,2.8,0.6,0.6,-7.4,2.8,5.2,25.1,41.4,21.4
174,Howard Eisley,UTA,32,6-2,185,Boston College,USA,1994,2,30,74.0,5.6,1.2,3.4,-6.6,1.1,5.9,17.8,47.0,29.9
175,Ibrahim Kutluay,SEA,31,6-6,200,None,Turkey,Undrafted,Undrafted,Undrafted,5.0,0.0,0.2,0.0,-81.0,0.0,7.1,13.0,0.0,0.0
176,Ira Newble,CLE,30,6-7,220,Miami (Ohio),USA,Undrafted,Undrafted,Undrafted,74.0,5.9,3.0,1.2,-0.4,4.3,8.0,12.5,48.2,7.4
177,JR Smith,NOH,19,6-6,220,No College,USA,2004,1,18,76.0,10.3,2.0,1.9,-11.5,2.0,6.6,22.6,47.8,14.2
178,Jabari Smith,NJN,28,6-11,250,Louisiana State,USA,2000,2,45,45.0,3.7,2.5,0.8,-9.2,4.5,14.2,14.9,48.2,10.0
179,Jackie Butler,NYK,20,6-10,250,None,USA,Undrafted,Undrafted,Undrafted,3.0,3.3,0.0,0.0,9.1,0.0,0.0,45.5,102.5,0.0
180,Jackson Vroman,NOH,24,6-10,220,Iowa State,USA,2004,2,31,46.0,4.6,3.8,0.9,-4.4,9.0,17.4,18.6,45.7,9.5
181,Jacque Vaughn,NJN,30,6-1,190,Kansas,USA,1997,1,27,71.0,5.3,1.5,1.9,-5.0,1.2,6.8,14.0,51.1,16.9
182,Jahidi White,CHA,29,6-9,290,Georgetown,USA,1998,2,43,17.0,2.5,2.0,0.1,0.0,7.9,17.3,19.0,43.2,1.1
183,Jake Tsakalidis,MEM,26,7-2,290,None,Greece,2000,1,25,31.0,2.5,1.8,0.3,1.7,7.7,12.7,13.7,54.2,6.1
184,Jake Voskuhl,PHX,27,6-11,255,Connecticut,USA,2000,2,33,38.0,2.1,2.4,0.4,7.2,8.3,15.1,11.4,52.8,6.5
185,Jalen Rose,TOR,32,6-8,215,Michigan,USA,1994,1,13,81.0,18.5,3.4,2.6,-3.6,1.6,8.9,24.8,56.2,14.0
186,Jamaal Magloire,NOH,27,6-11,259,Kentucky,Canada,2000,1,19,23.0,11.7,8.9,1.3,-7.1,10.7,20.0,22.0,48.0,7.6
187,Jamaal Tinsley,IND,27,6-3,195,Iowa State,USA,2001,1,27,40.0,15.4,4.0,6.4,3.6,2.1,10.8,25.5,51.8,35.0
188,Jamal Crawford,NYK,25,6-5,190,Michigan,USA,2000,1,8,70.0,17.7,2.9,4.3,-3.7,1.2,6.7,22.1,52.1,19.0
189,Jamal Sampson,CHA,22,6-11,235,California,USA,2002,2,46,23.0,3.4,5.3,0.3,-7.0,9.9,27.8,12.9,49.9,4.2
190,Jameer Nelson,ORL,23,6-0,190,St. Joseph's (PA),USA,2004,1,20,79.0,8.7,2.4,3.0,-2.8,3.2,8.5,20.9,51.0,24.4
191,James Jones,IND,24,6-8,215,Miami,USA,2003,2,49,75.0,4.9,2.3,0.8,1.0,3.2,10.4,13.9,53.7,7.7
192,James Posey,MEM,28,6-8,215,Xavier,USA,1999,1,18,50.0,8.1,4.4,1.8,-2.5,3.5,13.2,16.1,50.0,11.0
193,James Thomas,ATL,24,6-8,235,Texas-Austin,USA,Undrafted,Undrafted,Undrafted,11.0,2.4,3.4,0.4,-22.9,13.5,18.3,10.9,57.4,6.1
194,Jamison Brewer,NYK,24,6-4,195,Auburn,USA,2001,2,40,18.0,1.7,1.2,0.7,-18.5,3.4,10.1,13.8,36.3,11.8
195,Jannero Pargo,CHI,25,6-1,175,Arkansas,USA,Undrafted,Undrafted,Undrafted,32.0,6.4,1.5,2.4,-0.3,2.5,7.2,25.8,45.7,31.5
196,Jared Jeffries,WAS,23,6-10,230,Indiana,USA,2002,1,11,77.0,6.8,4.9,2.0,0.8,7.2,11.3,13.4,51.3,11.5
197,Jared Reiner,CHI,23,6-11,255,Iowa,USA,Undrafted,Undrafted,Undrafted,19.0,1.1,2.0,0.1,-5.8,8.0,17.2,12.3,33.1,1.1
198,Jarron Collins,UTA,26,6-11,252,Stanford,USA,2001,2,52,50.0,4.3,3.3,1.2,0.7,6.3,12.3,11.7,50.9,9.1
199,Jarvis Hayes,WAS,23,6-7,220,Georgia,USA,2003,1,10,54.0,10.2,4.2,1.7,-2.7,2.4,12.3,17.7,47.5,9.3
200,Jason Collier,ATL,27,7-0,260,Georgia Tech,USA,2000,1,15,70.0,5.7,2.6,0.3,-19.3,8.6,12.4,21.8,49.4,3.5
201,Jason Collins,NJN,26,7-0,255,Stanford,USA,2001,1,18,80.0,6.4,6.1,1.3,3.7,6.2,14.0,11.7,47.1,6.6
202,Jason Hart,CHA,27,6-3,185,Syracuse,USA,2000,2,49,74.0,9.5,2.7,5.0,-8.6,0.9,10.5,17.8,53.4,33.5
203,Jason Kapono,CHA,24,6-8,213,UCLA,USA,2003,2,31,81.0,8.5,2.0,0.8,-4.3,2.0,9.0,21.7,48.6,7.2
204,Jason Kidd,NJN,32,6-4,210,California,USA,1994,1,2,66.0,14.4,7.4,8.3,4.8,3.9,16.9,20.6,50.6,36.8
205,Jason Richardson,GSW,24,6-6,225,Michigan State,USA,2001,1,5,72.0,21.7,5.9,3.9,-2.5,4.2,11.0,26.7,51.8,18.5
206,Jason Terry,DAL,27,6-2,180,Arizona,USA,1999,1,10,80.0,12.4,2.4,5.4,9.2,1.7,6.1,17.7,60.6,27.8
207,Jason Williams,MEM,29,6-1,190,Florida,USA,1998,1,7,71.0,10.1,1.7,5.6,1.8,1.0,5.5,18.9,52.2,33.9
208,Jeff Foster,IND,28,6-11,242,Southwest Texas State,USA,1999,1,21,61.0,7.0,9.0,0.7,7.9,13.5,22.2,12.9,55.1,4.7
209,Jeff McInnis,CLE,30,6-4,179,North Carolina,USA,1996,2,37,76.0,12.8,2.1,5.1,0.3,1.2,5.0,18.3,49.5,23.7
210,Jelani McCoy,ATL,27,6-10,245,UCLA,USA,1998,2,33,10.0,1.5,2.1,0.0,1.2,9.3,14.9,10.9,49.3,0.0
211,Jermaine Jackson,NYK,29,6-5,204,Detroit,USA,Undrafted,Undrafted,Undrafted,21.0,2.0,1.1,1.1,-11.2,1.4,9.9,10.1,54.2,18.6
212,Jermaine O'Neal,IND,26,6-11,242,None,USA,1996,1,17,44.0,24.3,8.8,1.9,1.1,6.0,20.5,35.8,52.0,12.4
213,Jerome James,SEA,29,7-1,272,Florida A&M,USA,1998,2,36,80.0,4.9,3.0,0.2,-1.6,6.3,13.1,16.1,53.3,2.4
214,Jerome Moiso,CLE,27,6-10,260,UCLA,France,2000,1,11,20.0,1.4,1.9,0.1,-12.6,7.9,24.1,11.2,59.0,1.4
215,Jerome Williams,NYK,32,6-9,206,Georgetown,USA,1996,1,26,79.0,4.5,3.6,0.5,0.9,9.7,15.1,14.0,56.3,5.5
216,Jerry Stackhouse,DAL,30,6-6,218,North Carolina,USA,1995,1,3,56.0,14.9,3.3,2.3,3.5,2.4,8.6,24.4,52.5,13.7
217,Jim Jackson,PHX,34,6-6,220,Ohio State,USA,1992,1,4,64.0,10.5,4.2,2.9,0.4,1.7,11.0,16.0,55.3,14.7
218,Jiri Welsch,CLE,25,6-7,208,None,Czech Republic,2002,1,16,71.0,6.5,2.4,1.5,-2.0,2.1,11.1,17.3,51.8,12.0
219,Joe Johnson,PHX,24,6-7,230,Arkansas,USA,2001,1,10,82.0,17.1,5.1,3.5,8.4,3.7,8.3,18.7,55.6,13.0
220,Joe Smith,MIL,29,6-10,225,Maryland,USA,1995,1,1,74.0,11.0,7.3,0.9,-1.4,7.8,16.4,15.5,56.4,4.7
221,Joel Przybilla,POR,25,7-1,255,Minnesota,USA,2000,1,9,76.0,6.4,7.7,1.0,-4.0,10.2,21.8,12.3,59.6,6.3
222,John Edwards,IND,23,7-0,275,Kent State,USA,Undrafted,Undrafted,Undrafted,25.0,1.2,0.8,0.1,-27.9,6.7,8.8,15.5,40.1,4.1
223,John Salmons,PHI,25,6-6,207,Miami,USA,2002,1,26,58.0,4.1,2.1,2.0,-4.5,1.2,10.9,12.5,51.1,19.3
224,John Thomas,MIN,29,6-9,265,Minnesota,USA,1997,1,25,44.0,2.5,2.2,0.4,4.7,8.2,11.0,11.1,52.2,4.7
225,Jon Barry,HOU,35,6-5,210,Georgia Tech,USA,1992,1,21,69.0,6.6,2.3,2.4,7.1,1.8,8.9,14.3,57.0,17.7
226,Jonathan Bender,IND,24,7-0,219,None,USA,1999,1,5,7.0,5.1,2.0,0.6,-17.7,6.0,12.3,27.2,42.2,11.1
227,Josh Childress,ATL,22,6-8,210,Stanford,USA,2004,1,6,80.0,10.1,6.0,1.9,-9.4,8.1,13.1,15.5,54.3,10.0
228,Josh Davis,PHI,24,6-8,235,Wyoming,USA,Undrafted,Undrafted,Undrafted,42.0,2.8,1.9,0.3,6.3,8.6,15.2,17.9,49.4,6.3
229,Josh Howard,DAL,25,6-7,210,Wake Forest,USA,2003,1,29,76.0,12.6,6.4,1.4,8.9,7.1,12.5,18.2,53.5,6.9
230,Josh Smith,ATL,19,6-9,225,None,USA,2004,1,17,74.0,9.7,6.2,1.7,-8.6,7.1,15.9,17.8,50.6,10.0
231,Juan Dixon,WAS,26,6-3,164,Maryland,USA,2002,1,17,63.0,8.0,1.9,1.8,-3.9,2.9,8.5,22.8,51.8,19.0
232,Jumaine Jones,LAL,26,6-8,218,Georgia,USA,1999,1,27,76.0,7.6,5.2,0.9,-0.4,5.8,15.6,13.9,55.6,5.7
233,Junior Harrington,NOH,24,6-4,190,Wingate,USA,Undrafted,Undrafted,Undrafted,29.0,5.6,2.2,2.1,-10.0,2.4,9.7,20.4,42.1,23.0
234,Justin Reed,BOS,23,6-8,240,Mississippi,USA,2004,2,40,23.0,1.8,0.7,0.4,7.8,7.9,7.4,15.2,57.6,12.8
235,Juwan Howard,HOU,32,6-9,230,Michigan,USA,1994,1,5,61.0,9.6,5.7,1.5,0.8,8.3,14.0,19.0,49.4,10.0
236,Kaniel Dickens,NJN,26,6-8,215,Idaho,USA,2000,2,50,11.0,1.2,0.8,0.1,-16.1,6.0,12.2,13.9,43.7,3.6
237,Kareem Rush,CHA,24,6-6,215,Missouri,USA,2002,1,20,48.0,8.4,1.9,1.4,-7.4,1.9,7.5,21.5,47.1,12.1
238,Kedrick Brown,PHI,24,6-7,222,Northwest Florida State,USA,2001,1,11,8.0,1.5,1.4,0.5,-25.4,1.9,20.8,11.9,57.7,15.4
239,Keith Bogans,CHA,25,6-5,215,Kentucky,USA,2003,2,43,74.0,9.6,3.1,1.8,-6.4,4.0,9.0,21.3,46.5,12.4
240,Keith McLeod,UTA,25,6-2,190,Bowling Green,USA,Undrafted,Undrafted,Undrafted,53.0,7.8,2.1,4.5,-4.1,1.5,7.4,18.8,44.0,28.2
241,Keith Van Horn,DAL,29,6-10,245,Utah,USA,1997,1,2,62.0,11.2,4.7,1.2,3.0,6.0,14.1,21.2,55.0,8.5
242,Kelvin Cato,ORL,30,6-11,275,Iowa State,USA,1997,1,15,62.0,7.0,6.7,0.6,1.3,7.0,19.7,12.2,60.0,3.9
243,Kendall Gill,MIL,37,6-5,216,Illinois,USA,1990,1,5,14.0,6.1,2.6,1.9,-3.3,3.7,10.6,15.5,47.9,15.9
244,Kendrick Perkins,BOS,20,6-10,280,None,USA,2003,1,27,60.0,2.5,2.9,0.4,1.3,10.7,21.3,15.3,51.5,6.2
245,Kenny Anderson,LAC,34,6-1,168,Georgia Tech,USA,1991,1,2,43.0,4.7,2.0,2.4,-11.3,3.1,10.0,15.5,46.7,22.0
246,Kenny Thomas,SAC,27,6-7,245,New Mexico,USA,1999,1,22,73.0,12.4,7.3,2.1,-1.6,8.3,16.8,20.5,51.5,11.8
247,Kenyon Martin,DEN,27,6-9,234,Cincinnati,USA,2000,1,1,70.0,15.5,7.3,2.4,1.9,6.8,16.3,23.2,52.1,13.1
248,Kerry Kittles,LAC,31,6-5,185,Villanova,USA,1996,1,8,11.0,6.3,2.9,1.8,-1.1,0.4,13.2,15.3,44.6,13.0
249,Kevin Garnett,MIN,29,6-11,220,None,USA,1995,1,5,82.0,22.2,13.5,5.7,2.3,8.3,27.2,26.8,56.7,26.4
250,Kevin Martin,SAC,22,6-7,185,Western Carolina,USA,2004,1,26,45.0,2.9,1.3,0.5,1.8,6.3,6.3,15.8,46.4,7.1
251,Kevin Ollie,PHI,32,6-2,195,Connecticut,USA,Undrafted,Undrafted,Undrafted,26.0,1.1,0.7,0.7,1.6,1.9,11.0,11.3,40.0,19.6
252,Kevin Willis,ATL,42,7-0,245,Michigan State,USA,1984,1,11,29.0,3.0,2.6,0.3,-16.2,8.1,14.6,14.8,43.4,4.3
253,Keyon Dooling,MIA,25,6-3,190,Missouri,USA,2000,1,10,74.0,5.2,1.2,1.8,1.5,1.0,6.5,18.0,48.6,18.7
254,Kirk Hinrich,CHI,24,6-3,190,Kansas,USA,2003,1,7,77.0,15.7,3.9,6.4,0.2,1.1,9.7,22.1,49.5,31.8
255,Kirk Penney,LAC,24,6-5,220,Wisconsin,USA,Undrafted,Undrafted,Undrafted,4.0,0.5,0.3,0.3,4.0,0.0,9.1,17.9,33.3,16.7
256,Kirk Snyder,UTA,22,6-6,225,Nevada-Reno,USA,2004,1,16,68.0,5.0,1.8,0.5,-7.9,5.8,9.0,21.6,45.6,7.3
257,Kobe Bryant,LAL,26,6-6,220,None,USA,1996,1,13,66.0,27.6,5.9,6.0,-2.1,3.5,10.9,31.2,56.3,28.7
258,Kris Humphries,UTA,20,6-9,235,Minnesota,USA,2004,1,14,67.0,4.1,2.9,0.6,-9.2,8.0,15.8,19.8,41.9,9.5
259,Kurt Thomas,NYK,32,6-9,235,TCU,USA,1995,1,10,80.0,11.5,10.4,2.0,-2.7,6.1,24.5,16.4,48.8,9.0
260,Kwame Brown,WAS,23,6-11,243,None,USA,2001,1,1,42.0,7.0,4.9,0.9,-7.4,7.8,15.0,17.5,49.7,7.4
261,Kyle Korver,PHI,24,6-6,211,Creighton,USA,2003,2,51,82.0,11.5,4.6,2.2,0.8,1.5,12.7,14.4,58.8,10.8
262,Lamar Odom,LAL,25,6-10,225,Rhode Island,USA,1999,1,4,64.0,15.2,10.2,3.7,-2.1,5.9,21.5,20.8,53.9,18.2
263,Lamond Murray,TOR,32,6-7,235,California,USA,1994,1,7,62.0,6.0,2.6,0.8,2.2,4.8,12.9,19.5,53.7,8.6
264,Laron Profit,WAS,27,6-5,204,Maryland,USA,1999,2,38,42.0,3.2,1.8,0.9,-3.9,5.5,13.1,16.8,48.9,15.1
265,Larry Hughes,WAS,26,6-5,184,St. Louis,USA,1998,1,8,61.0,22.0,6.3,4.7,1.8,3.0,13.1,26.1,52.3,21.4
266,Latrell Sprewell,MIN,34,6-5,195,Alabama,USA,1992,1,24,80.0,12.8,3.2,2.2,-0.3,2.8,7.5,21.7,48.9,11.9
267,Lawrence Funderburke,CHI,34,6-9,230,Ohio State,USA,1994,2,51,2.0,4.5,1.5,0.0,-3.0,4.5,10.0,17.4,54.9,0.0
268,LeBron James,CLE,20,6-8,240,None,USA,2003,1,1,80.0,27.2,7.4,7.2,2.1,3.3,14.7,29.2,55.4,32.4
269,Leandro Barbosa,PHX,22,6-3,188,None,Brazil,2003,1,28,63.0,7.0,2.1,2.0,-2.2,2.9,8.0,18.4,57.5,18.7
270,Lee Nailon,NOH,30,6-9,238,TCU,USA,1999,2,43,68.0,14.2,4.4,1.6,-8.2,6.2,9.2,23.8,51.1,11.0
271,Lindsey Hunter,DET,34,6-2,195,Jackson State,USA,1993,1,10,76.0,3.8,1.6,1.7,1.0,3.4,7.7,15.6,43.5,19.4
272,Linton Johnson,SAS,25,6-8,225,Tulane,USA,Undrafted,Undrafted,Undrafted,2.0,0.0,1.5,0.0,19.3,0.0,18.8,8.3,0.0,0.0
273,Lionel Chalmers,LAC,24,6-0,180,Xavier,USA,2004,2,33,36.0,3.1,0.9,1.4,-4.7,1.0,6.4,17.4,40.9,21.1
274,Lonny Baxter,NOH,26,6-8,260,Maryland,USA,2002,2,43,4.0,1.5,2.0,0.0,-30.4,10.0,10.0,19.3,25.3,0.0
275,Loren Woods,TOR,27,7-1,260,Arizona,USA,2001,2,45,45.0,3.9,4.9,0.4,-7.4,10.5,21.0,14.3,46.3,3.8
276,Lorenzen Wright,MEM,29,6-11,240,Memphis,USA,1996,1,7,80.0,9.6,7.7,1.1,1.6,8.2,20.5,17.9,50.1,6.6
277,Lucious Harris,CLE,34,6-5,205,Long Beach State,USA,1993,2,28,73.0,4.3,1.7,0.7,-2.5,3.3,7.4,14.0,47.5,7.3
278,Luis Flores,DEN,24,6-2,195,Manhattan,USA,2004,2,55,16.0,2.2,0.2,0.7,15.3,1.4,2.7,22.9,58.6,26.2
279,Luke Jackson,CLE,23,6-7,215,Oregon,USA,2004,1,10,10.0,2.9,0.6,0.3,-19.8,3.5,10.5,28.4,48.9,16.7
280,Luke Ridnour,SEA,24,6-1,167,Oregon,USA,2003,1,14,82.0,10.0,2.5,5.9,-0.3,2.2,6.3,17.0,50.4,30.4
281,Luke Walton,LAL,25,6-8,235,Arizona,USA,2003,2,32,61.0,3.2,2.3,1.5,-7.0,6.9,11.5,14.8,49.2,20.0
282,Luol Deng,CHI,20,6-8,220,Duke,United Kingdom,2004,1,7,61.0,11.7,5.3,2.2,5.2,5.7,13.3,22.1,49.6,14.1
283,Maciej Lampe,NOH,20,6-11,275,None,Poland,2003,2,30,37.0,3.1,2.4,0.3,-2.5,5.9,15.5,18.6,40.6,5.0
284,Malik Allen,CHA,27,6-10,255,Villanova,USA,Undrafted,Undrafted,Undrafted,36.0,5.4,2.8,0.5,-6.7,7.8,11.7,18.1,51.2,6.2
285,Malik Rose,NYK,30,6-7,245,Drexel,USA,1996,2,44,76.0,7.0,4.5,0.8,0.6,9.1,14.9,19.2,51.1,7.0
286,Mamadou N'diaye,LAC,30,7-0,255,Auburn,Senegal,2000,1,26,11.0,1.8,1.6,0.1,-18.4,11.5,12.9,14.6,43.3,2.8
287,Manu Ginobili,SAS,27,6-6,205,None,Argentina,1999,2,57,74.0,16.0,4.4,3.9,16.5,3.7,11.8,23.5,60.9,21.7
288,Marc Jackson,PHI,30,6-10,253,Temple,USA,1997,2,37,81.0,12.0,5.0,1.0,0.1,9.2,11.3,22.3,54.8,7.4
289,Marcus Banks,BOS,23,6-2,200,UNLV,USA,2003,1,13,81.0,4.6,1.6,1.9,1.0,2.6,8.2,16.6,52.0,21.9
290,Marcus Camby,DEN,31,6-11,225,Massachusetts,USA,1996,1,2,66.0,10.3,10.0,2.3,2.7,7.0,25.7,17.4,50.5,11.9
291,Marcus Fizer,MIL,26,6-8,260,Iowa State,USA,2000,1,4,54.0,6.2,3.2,1.2,-9.0,3.5,17.9,21.0,49.8,12.8
292,Marcus Haislip,IND,24,6-10,230,Tennessee,USA,2002,1,13,9.0,3.6,1.7,0.3,-3.6,4.7,10.8,22.2,37.3,5.6
293,Mario Kasun,ORL,25,7-0,260,None,Croatia,2002,2,40,45.0,2.6,2.8,0.2,-3.1,13.3,21.6,16.1,50.5,3.5
294,Mark Blount,BOS,29,7-0,250,Pittsburgh,USA,1997,2,54,82.0,9.4,4.8,1.6,0.0,7.2,11.8,17.8,55.9,9.8
295,Mark Jones,ORL,30,6-6,215,St. Bonaventure,USA,1983,4,82,10.0,2.3,1.3,0.6,0.8,4.3,5.8,13.0,32.5,7.5
296,Mark Madsen,MIN,29,6-9,236,Stanford,USA,2000,1,29,41.0,2.1,3.1,0.4,8.2,11.2,11.0,8.1,52.6,4.1
297,Mark Pope,DEN,32,6-10,235,Kentucky,USA,1996,2,52,9.0,0.4,0.9,0.1,-20.7,16.1,11.1,10.6,33.3,6.3
298,Marko Jaric,LAC,26,6-7,217,None,Serbia,2000,2,30,50.0,9.9,3.2,6.1,1.7,1.4,8.9,16.4,50.0,28.7
299,Marquis Daniels,DAL,24,6-6,200,Auburn,USA,Undrafted,Undrafted,Undrafted,60.0,9.1,3.6,2.1,1.5,6.0,9.2,19.9,48.4,15.3
300,Mateen Cleaves,SEA,27,6-2,210,Michigan State,USA,2000,1,14,14.0,0.9,0.4,0.5,-20.2,3.2,7.0,12.9,41.2,19.4
301,Matt Barnes,SAC,25,6-7,226,UCLA,USA,2002,2,45,43.0,3.8,3.1,1.3,4.7,6.9,12.3,13.6,46.5,11.3
302,Matt Bonner,TOR,25,6-10,240,Florida,USA,2003,2,45,82.0,7.2,3.5,0.6,-1.8,6.9,11.8,15.3,59.6,5.4
303,Matt Carroll,CHA,24,6-6,212,Notre Dame,USA,Undrafted,Undrafted,Undrafted,25.0,9.0,2.4,0.7,0.4,2.9,10.9,23.7,51.7,7.0
304,Matt Freije,NOH,23,6-10,249,Vanderbilt,USA,2004,2,53,23.0,4.0,2.7,0.9,-8.2,3.7,11.4,15.7,35.6,7.9
305,Matt Harpring,UTA,29,6-7,231,Georgia Tech,USA,1998,1,15,78.0,14.0,6.2,1.8,-6.0,8.1,12.5,19.8,54.9,9.7
306,Maurice Baker,POR,25,6-2,200,Oklahoma State,USA,Undrafted,Undrafted,Undrafted,5.0,0.0,0.4,0.2,29.9,5.6,4.5,4.8,0.0,7.7
307,Maurice Evans,SAC,26,6-5,220,Texas,USA,Undrafted,Undrafted,Undrafted,65.0,6.4,3.1,0.7,-1.1,7.0,9.3,15.6,51.1,5.6
308,Maurice Taylor,NYK,28,6-9,255,Michigan,USA,1997,1,14,65.0,7.3,4.0,1.0,-0.9,5.4,14.7,20.4,48.0,9.1
309,Mehmet Okur,UTA,26,6-11,249,None,Turkey,2001,2,37,82.0,12.9,7.5,2.0,-4.3,8.8,20.2,20.8,56.9,13.2
310,Melvin Ely,CHA,27,6-10,261,Fresno State,USA,2002,1,12,79.0,7.3,4.1,1.0,-4.5,8.3,11.7,19.8,46.5,7.8
311,Metta World Peace,IND,25,6-7,246,St. John's,USA,1999,1,16,7.0,24.6,6.4,3.1,6.8,3.2,12.9,25.4,60.8,16.4
312,Michael Bradley,PHI,26,6-9,227,Villanova,USA,2001,1,17,18.0,1.8,1.6,0.3,2.6,7.3,15.7,12.3,60.0,6.8
313,Michael Curry,IND,36,6-5,210,Georgia Southern,USA,Undrafted,Undrafted,Undrafted,18.0,1.7,1.5,0.8,-14.7,3.2,8.0,7.0,46.1,10.7
314,Michael Doleac,MIA,28,6-11,262,Utah,USA,1998,1,12,80.0,4.0,3.2,0.6,2.5,6.6,16.1,15.0,46.0,6.5
315,Michael Finley,DAL,32,6-7,225,Wisconsin,USA,1995,1,21,64.0,15.7,4.1,2.6,8.1,2.0,8.8,19.2,51.9,11.1
316,Michael Olowokandi,MIN,30,7-0,270,Pacific,Nigeria,1998,1,1,62.0,5.9,5.2,0.5,-1.0,8.9,18.0,17.0,48.0,3.8
317,Michael Redd,MIL,25,6-6,214,Ohio State,USA,2000,2,43,75.0,23.0,4.2,2.3,-3.3,2.5,8.7,26.9,53.6,11.2
318,Michael Ruffin,WAS,28,6-8,248,Tulsa,USA,1999,2,32,79.0,1.4,4.2,0.8,-1.9,12.0,14.8,5.9,43.2,7.4
319,Michael Stewart,ATL,30,6-10,230,California,USA,Undrafted,Undrafted,Undrafted,12.0,2.1,3.3,0.4,-10.9,14.7,16.1,9.1,51.9,5.2
320,Michael Sweetney,NYK,22,6-8,270,Georgetown,USA,2003,1,9,77.0,8.4,5.4,0.6,-0.7,11.8,17.7,19.7,59.2,5.0
321,Mickael Pietrus,GSW,23,6-6,215,None,France,2003,1,11,67.0,9.5,2.8,1.2,-0.8,4.6,9.2,22.3,53.9,10.5
322,Mike Bibby,SAC,27,6-1,190,Arizona,USA,1998,1,2,80.0,19.6,4.2,6.8,3.0,2.5,8.0,23.4,54.3,27.7
323,Mike Dunleavy,GSW,24,6-9,230,Duke,USA,2002,1,3,79.0,13.4,5.5,2.6,-1.1,3.5,13.1,18.9,53.9,12.7
324,Mike James,HOU,30,6-2,188,Duquesne,USA,Undrafted,Undrafted,Undrafted,74.0,11.8,2.8,3.6,4.7,1.9,9.3,22.6,53.4,25.3
325,Mike Miller,MEM,25,6-8,218,Florida,USA,2000,1,5,76.0,13.4,3.9,2.9,5.4,1.7,11.8,19.3,61.4,16.9
326,Mike Wilks,SAS,26,5-10,180,Rice,USA,Undrafted,Undrafted,Undrafted,48.0,1.7,0.5,0.7,-15.8,1.4,8.1,16.4,48.2,23.4
327,Mikki Moore,LAC,29,7-0,223,Nebraska,USA,Undrafted,Undrafted,Undrafted,74.0,5.4,3.3,0.6,-1.9,9.2,13.0,16.2,57.1,7.0
328,Milt Palacio,TOR,27,6-3,210,Colorado State,Belize,Undrafted,Undrafted,Undrafted,80.0,5.8,1.7,3.5,0.0,1.8,7.2,16.7,50.7,29.6
329,Mo Williams,MIL,22,6-1,189,Alabama,USA,2003,2,47,80.0,10.2,3.1,6.1,-1.8,2.2,8.9,19.7,50.4,33.9
330,Moochie Norris,HOU,31,6-1,185,West Florida,USA,1996,2,33,38.0,2.4,1.2,1.0,-4.0,2.9,10.1,18.7,37.6,20.7
331,Morris Peterson,TOR,27,6-7,215,Michigan State,USA,2000,1,21,82.0,12.5,4.1,2.1,-1.0,2.9,10.9,18.4,54.3,11.0
332,Nazr Mohammed,SAS,27,6-10,250,Kentucky,USA,1998,1,29,77.0,9.5,7.6,0.4,-4.3,12.6,18.0,18.6,52.1,2.9
333,Ndudi Ebi,MIN,21,6-9,195,None,USA,2003,1,26,2.0,13.5,8.0,0.5,14.8,10.2,18.5,22.4,54.1,3.3
334,Nenad Krstic,NJN,21,7-0,240,None,Serbia,2002,1,24,75.0,10.0,5.3,1.0,3.0,8.4,13.1,18.8,54.7,6.7
335,Nene,DEN,22,6-11,260,None,Brazil,2002,1,7,55.0,9.6,5.9,1.5,2.3,8.1,16.8,19.0,55.1,10.3
336,Nick Collison,SEA,24,6-9,255,Kansas,USA,2003,1,12,82.0,5.6,4.6,0.4,4.5,11.3,16.1,15.0,56.9,4.0
337,Nick Van Exel,POR,33,6-1,190,Cincinnati,USA,1993,2,37,53.0,11.1,3.0,4.3,-2.4,1.3,8.7,19.2,49.4,23.1
338,Nikoloz Tskitishvili,GSW,22,7-0,225,None,Georgia,2002,1,5,35.0,1.4,1.2,0.3,-8.3,5.0,12.2,19.4,32.4,8.1
339,Obinna Ekezie,ATL,29,6-9,270,Maryland,Nigeria,1999,2,37,42.0,5.5,4.3,0.3,-5.0,10.0,16.1,16.5,51.6,2.3
340,Omar Cook,TOR,23,6-1,190,"St. John's, N.Y.",USA,2001,2,31,5.0,4.6,1.4,4.4,15.5,2.8,6.6,19.6,43.2,41.5
341,Othella Harrington,CHI,31,6-9,235,Georgetown,USA,1996,2,30,70.0,8.0,4.2,0.8,7.6,8.3,14.6,20.4,55.9,7.7
342,P.J. Brown,NOH,35,6-11,239,Louisiana Tech,USA,1992,2,29,82.0,10.8,9.0,2.2,-7.8,9.2,18.0,15.7,51.2,10.9
343,Pape Sow,TOR,23,6-10,250,California State-Fullerton,Senegal,2004,2,47,27.0,2.3,2.1,0.1,1.3,7.6,17.4,14.4,44.4,1.2
344,Pat Garrity,ORL,28,6-9,238,Notre Dame,USA,1998,1,19,71.0,4.6,1.7,0.4,-6.2,2.0,10.7,15.2,50.5,5.1
345,Pau Gasol,MEM,24,7-0,240,None,Spain,2001,1,3,56.0,17.8,7.3,2.4,4.0,7.9,16.1,25.7,58.2,14.3
346,Paul Pierce,BOS,27,6-6,230,Kansas,USA,1998,1,10,82.0,21.6,6.6,4.2,3.2,2.8,15.4,26.1,58.3,19.7
347,Paul Shirley,PHX,27,6-10,230,Iowa State,USA,Undrafted,Undrafted,Undrafted,9.0,1.3,0.2,0.3,-59.7,3.3,3.4,19.4,47.0,20.0
348,Pavel Podkolzin,DAL,20,7-5,260,None,Russia,2004,1,21,5.0,0.2,0.4,0.0,-26.4,0.0,28.6,16.7,56.8,0.0
349,Peja Stojakovic,SAC,28,6-10,229,None,Serbia,1996,1,14,66.0,20.1,4.3,2.1,2.3,2.5,8.6,21.3,58.4,8.6
350,Peter John Ramos,WAS,20,7-3,275,None,Puerto Rico,2004,2,32,6.0,1.8,0.7,0.0,-3.4,4.2,17.6,29.2,50.6,0.0
351,Predrag Drobnjak,ATL,29,6-11,270,None,Serbia,1997,2,48,71.0,8.4,3.4,0.7,-7.3,5.0,12.5,20.5,50.1,6.0
352,Primoz Brezec,CHA,25,7-1,252,None,Slovenia,2000,1,27,72.0,13.0,7.4,1.2,-6.9,9.4,14.4,18.1,55.0,6.3
353,Quentin Richardson,PHX,25,6-6,230,DePaul,USA,2000,1,18,79.0,14.9,6.1,2.0,8.8,3.2,12.2,18.6,52.2,7.7
354,Quinton Ross,LAC,24,6-6,193,Southern Methodist,USA,Undrafted,Undrafted,Undrafted,78.0,5.1,2.7,1.4,-4.5,3.9,9.4,13.4,47.1,10.9
355,Qyntel Woods,MIA,24,6-8,221,Northeast Mississippi CC,USA,2002,1,21,3.0,3.3,2.0,0.0,-7.0,5.9,12.1,16.1,41.7,0.0
356,Raef LaFrentz,BOS,29,6-11,245,Kansas,USA,1998,1,3,80.0,11.1,6.9,1.2,2.6,7.4,18.1,16.5,58.7,6.9
357,Rafael Araujo,TOR,24,6-11,280,Brigham Young,Brazil,2004,1,8,59.0,3.3,3.1,0.3,-1.8,8.2,18.2,15.2,49.2,3.2
358,Rafer Alston,TOR,28,6-2,170,Fresno State,USA,1998,2,39,80.0,14.2,3.5,6.4,-1.4,1.5,9.0,20.8,52.2,31.4
359,Raja Bell,UTA,28,6-5,210,Florida International,U.S. Virgin Islands,Undrafted,Undrafted,Undrafted,63.0,12.3,3.2,1.4,-5.6,2.8,9.5,20.5,52.7,9.2
360,Randy Livingston,UTA,30,6-4,209,Louisiana State,USA,1996,2,42,17.0,3.8,0.7,2.6,-10.2,1.3,4.5,14.2,53.8,31.9
361,Rashard Lewis,SEA,25,6-10,215,None,USA,1998,2,32,71.0,20.5,5.5,1.3,6.2,4.2,10.8,23.7,57.1,6.4
362,Rasheed Wallace,DET,30,6-11,230,North Carolina,USA,1995,1,4,79.0,14.5,8.2,1.8,7.6,6.7,17.7,22.0,49.9,9.4
363,Rasho Nesterovic,SAS,29,7-0,255,None,Slovenia,1998,1,17,70.0,5.9,6.6,1.0,12.0,11.0,15.5,13.2,46.3,6.1
364,Rasual Butler,MIA,26,6-7,205,La Salle,USA,2002,2,52,65.0,6.5,2.3,1.0,4.5,1.3,10.8,17.5,48.8,8.5
365,Raul Lopez,UTA,25,6-0,175,None,Spain,2001,1,24,31.0,5.2,1.3,4.0,6.5,1.5,7.0,17.5,53.8,36.3
366,Ray Allen,SEA,29,6-5,205,Connecticut,USA,1996,1,5,78.0,23.9,4.4,3.7,4.1,2.6,9.3,27.0,55.5,17.6
367,Reece Gaines,MIL,24,6-6,205,Louisville,USA,2003,1,15,21.0,2.0,0.7,0.3,-17.9,0.5,6.9,14.2,39.6,7.8
368,Reggie Evans,SEA,25,6-8,245,Iowa,USA,Undrafted,Undrafted,Undrafted,79.0,4.9,9.3,0.7,0.9,13.7,28.0,11.8,51.2,4.6
369,Reggie Miller,IND,39,6-7,195,UCLA,USA,1987,1,11,66.0,14.8,2.4,2.2,5.5,0.9,6.7,19.8,58.2,12.5
370,Richard Hamilton,DET,27,6-7,193,Connecticut,USA,1999,1,7,76.0,18.7,3.9,4.9,7.8,2.6,7.6,24.5,52.8,22.6
371,Richard Jefferson,NJN,25,6-7,225,Arizona,USA,2001,1,13,33.0,22.2,7.3,4.0,-5.3,3.9,14.5,28.1,53.7,20.4
372,Richie Frahm,POR,27,6-5,210,Gonzaga,USA,Undrafted,Undrafted,Undrafted,43.0,3.8,1.4,0.7,-2.4,3.6,8.9,14.8,54.3,9.7
373,Rick Brunson,LAC,33,6-4,190,Temple,USA,Undrafted,Undrafted,Undrafted,80.0,5.5,2.3,5.1,-1.3,1.3,8.6,14.1,46.0,33.2
374,Ricky Davis,BOS,25,6-7,195,Iowa,USA,1998,1,21,82.0,16.0,3.0,3.0,-1.2,2.6,6.7,23.2,54.7,16.3
375,Robert Horry,SAS,34,6-10,240,Alabama,USA,1992,1,11,75.0,6.0,3.6,1.1,10.0,6.8,13.4,16.0,53.3,9.1
376,Robert Swift,SEA,19,7-0,245,None,USA,2004,1,12,16.0,0.9,0.3,0.1,-26.6,1.5,7.3,12.1,50.1,5.1
377,Robert Traylor,CLE,28,6-8,284,Michigan,USA,1998,1,6,74.0,5.5,4.5,0.8,-1.4,9.7,15.2,17.1,46.1,7.5
378,Rod Strickland,HOU,38,6-3,185,DePaul,USA,1988,1,19,16.0,1.8,1.7,2.4,3.8,1.6,12.4,15.4,29.5,30.7
379,Rodney Buford,NJN,27,6-5,195,Creighton,USA,1999,2,53,64.0,7.0,3.0,1.0,-9.2,2.4,13.0,18.8,43.7,9.3
380,Rodney Rogers,PHI,34,6-7,270,Wake Forest,USA,1993,1,9,58.0,7.7,4.2,1.5,-8.4,4.4,14.3,18.8,46.2,11.0
381,Rodney White,GSW,25,6-9,230,North Carolina-Charlotte,USA,2001,1,9,58.0,5.1,1.5,0.8,-3.6,3.3,9.9,22.2,47.5,11.8
382,Ron Mercer,NJN,29,6-7,215,Kentucky,USA,1997,1,6,18.0,7.6,2.2,1.1,-10.3,2.2,8.3,20.5,42.2,11.1
383,Ronald Dupree,DET,24,6-7,209,Louisiana State,USA,Undrafted,Undrafted,Undrafted,47.0,3.2,2.0,0.5,-2.4,7.8,13.4,16.8,51.5,9.4
384,Royal Ivey,ATL,23,6-3,200,Texas-Austin,USA,2004,2,37,62.0,3.5,1.4,1.7,-2.9,2.3,8.6,15.0,48.4,19.7
385,Ruben Patterson,POR,29,6-5,223,Cincinnati,USA,1998,2,31,70.0,11.6,3.9,2.0,-2.1,6.8,7.2,20.0,55.8,12.0
386,Ryan Bowen,HOU,29,6-9,220,Iowa,USA,1998,2,55,66.0,1.7,1.2,0.3,6.5,3.7,8.6,9.9,46.2,5.2
387,Ryan Humphrey,MEM,25,6-8,235,Notre Dame,USA,2002,1,19,35.0,2.9,2.5,0.2,-3.9,14.9,13.5,19.9,42.8,3.6
388,Sam Cassell,MIN,35,6-3,185,Florida State,USA,1993,1,24,59.0,13.5,2.7,5.1,4.0,1.7,8.3,25.5,52.9,33.6
389,Samaki Walker,WAS,29,6-9,250,Louisville,USA,1996,1,9,14.0,1.7,1.3,0.3,-4.8,6.0,7.8,13.1,37.1,4.5
390,Samuel Dalembert,PHI,25,6-11,250,Seton Hall,Haiti,2001,1,26,72.0,8.2,7.5,0.5,1.4,10.7,19.5,16.0,54.3,3.1
391,Sasha Pavlovic,CLE,21,6-7,210,None,Montenegro,2003,1,19,65.0,4.8,1.1,0.8,0.1,1.7,7.1,17.8,51.6,9.1
392,Sasha Vujacic,LAL,21,6-7,193,None,Slovenia,2004,1,27,35.0,2.9,1.8,1.5,1.6,3.0,12.6,14.9,40.3,18.5
393,Scot Pollard,IND,30,6-11,265,Kansas,USA,1997,1,19,49.0,3.9,4.2,0.4,7.0,10.7,15.2,12.0,50.6,3.4
394,Scott Padgett,HOU,29,6-9,240,Kentucky,USA,1999,1,28,66.0,4.2,2.8,0.8,11.2,5.0,14.3,13.5,54.9,9.6
395,Scott Williams,CLE,37,6-10,260,North Carolina,USA,Undrafted,Undrafted,Undrafted,19.0,1.7,1.6,0.4,-9.5,9.8,11.7,14.9,36.0,8.4
396,Sean Marks,SAS,29,6-10,250,California,New Zealand,1998,2,44,23.0,3.3,2.4,0.3,-6.7,6.6,14.7,19.1,41.2,6.5
397,Sebastian Telfair,POR,20,6-0,160,None,USA,2004,1,13,68.0,6.8,1.5,3.3,-6.6,0.8,6.9,20.8,47.1,28.0
398,Shandon Anderson,MIA,31,6-6,210,Georgia,USA,1996,2,54,66.0,3.9,2.9,1.1,7.6,3.9,12.3,11.7,51.8,9.1
399,Shane Battier,MEM,26,6-8,220,Duke,USA,2001,1,6,80.0,9.9,5.2,1.6,6.9,6.6,10.5,14.5,55.5,8.1
400,Shaquille O'Neal,MIA,33,7-1,325,Louisiana State,USA,1992,1,1,73.0,22.9,10.4,2.7,10.0,11.2,19.7,30.1,58.3,14.9
401,Shareef Abdur-Rahim,POR,28,6-9,245,California,USA,1996,1,3,54.0,16.8,7.3,2.1,-5.7,6.9,14.3,21.6,58.1,10.6
402,Shaun Livingston,LAC,19,6-7,182,None,USA,2004,1,4,30.0,7.4,3.0,5.0,-1.3,3.0,8.2,17.2,46.1,28.7
403,Shawn Bradley,DAL,33,7-6,275,Brigham Young,USA,1993,1,2,77.0,2.7,2.8,0.2,11.7,8.3,16.1,12.3,49.4,2.4
404,Shawn Marion,PHX,27,6-7,228,UNLV,USA,1999,1,9,81.0,19.4,11.3,1.9,9.9,7.6,19.7,20.8,55.6,7.2
405,Slava Medvedenko,LAL,26,6-10,250,None,Ukraine,Undrafted,Undrafted,Undrafted,43.0,3.8,1.8,0.3,-2.7,7.1,11.1,18.7,49.0,5.2
406,Smush Parker,PHX,24,6-4,180,Fordham,USA,Undrafted,Undrafted,Undrafted,16.0,3.0,0.8,0.9,-26.5,2.9,6.0,21.5,49.3,25.4
407,Speedy Claxton,NOH,27,5-11,170,Hofstra,USA,2000,1,20,62.0,11.5,3.0,6.0,-5.2,1.9,8.4,19.7,49.3,33.0
408,Stacey Augmon,ORL,36,6-8,203,UNLV,USA,1991,1,9,55.0,3.5,1.8,0.7,-5.0,6.4,8.0,15.0,48.0,8.4
409,Stephen Jackson,IND,27,6-8,218,Butler C.C. (KS),USA,1997,2,42,51.0,18.7,4.9,2.3,4.2,2.6,12.0,27.0,51.8,13.3
410,Stephon Marbury,NYK,28,6-2,200,Georgia Tech,USA,1996,1,4,82.0,21.7,3.0,8.1,-0.7,1.5,6.4,24.3,57.5,34.4
411,Steve Blake,WAS,25,6-3,172,Maryland,USA,2003,2,38,44.0,4.3,1.6,1.6,-8.1,2.6,8.4,16.5,46.8,18.0
412,Steve Francis,ORL,28,6-3,200,Maryland,USA,1999,1,2,78.0,21.3,5.8,7.0,-0.7,4.4,10.7,28.0,52.1,31.5
413,Steve Nash,PHX,31,6-3,195,Santa Clara,Canada,1996,1,15,75.0,15.5,3.3,11.5,12.9,2.3,6.9,20.1,60.6,46.0
414,Steven Hunter,PHX,23,7-0,240,DePaul,USA,2001,1,15,76.0,4.6,3.0,0.2,0.1,8.9,10.7,13.5,59.6,1.8
415,Steven Smith,MIA,36,6-8,221,Michigan State,USA,1991,1,5,50.0,6.3,1.3,1.4,-4.3,1.9,7.4,18.1,55.4,16.1
416,Stromile Swift,MEM,25,6-9,230,Louisiana State,USA,2000,1,2,60.0,10.1,4.6,0.7,1.9,7.7,14.4,24.4,51.7,6.3
417,Tamar Slay,CHA,25,6-8,220,Marshall,USA,2002,2,53,8.0,3.5,1.8,0.4,-14.6,6.1,14.3,24.7,35.1,6.7
418,Tayshaun Prince,DET,25,6-9,215,Kentucky,USA,2002,1,23,82.0,14.7,5.3,3.0,7.8,4.5,10.0,18.5,55.6,14.0
419,Theo Ratliff,POR,32,6-10,235,Wyoming,USA,1995,1,18,63.0,4.8,5.3,0.5,-2.2,6.8,12.7,9.8,50.0,3.0
420,Theron Smith,CHA,24,6-8,225,Ball State,USA,Undrafted,Undrafted,Undrafted,33.0,3.2,3.5,0.8,-15.8,6.9,15.9,14.6,36.7,9.4
421,Tierre Brown,LAL,26,6-2,189,McNeese State,USA,Undrafted,Undrafted,Undrafted,76.0,4.4,1.2,2.0,-4.4,2.0,6.9,19.3,43.7,24.8
422,Tim Duncan,SAS,29,6-11,260,Wake Forest,US Virgin Islands,1997,1,1,66.0,20.3,11.1,2.7,16.3,9.9,24.4,28.9,54.0,15.1
423,Tim Thomas,NYK,28,6-10,240,Villanova,USA,1997,1,7,71.0,12.0,3.3,1.5,-4.8,2.4,10.5,21.1,53.6,9.3
424,Tom Gugliotta,ATL,35,6-10,250,North Carolina State,USA,1992,1,6,47.0,5.1,4.1,1.4,-12.0,6.0,15.3,14.8,46.0,11.5
425,Toni Kukoc,MIL,36,6-11,235,None,Croatia,1990,2,29,53.0,5.6,3.0,3.0,0.1,3.0,11.8,14.3,52.3,22.8
426,Tony Allen,BOS,23,6-4,213,Oklahoma State,USA,2004,1,25,77.0,6.4,2.9,0.8,6.2,7.0,11.0,18.3,54.2,8.0
427,Tony Battie,ORL,29,6-11,240,Texas Tech,USA,1997,1,5,81.0,4.9,5.6,0.5,-3.1,5.8,17.5,11.0,49.8,3.3
428,Tony Bobbitt,LAL,25,6-4,190,Cincinnati,USA,Undrafted,Undrafted,Undrafted,2.0,2.5,1.5,0.0,-8.5,0.0,15.0,18.5,50.0,0.0
429,Tony Delk,ATL,31,6-2,189,Kentucky,USA,1996,1,16,56.0,11.9,2.3,1.9,-8.2,2.0,8.4,22.8,51.2,13.8
430,Tony Massenburg,SAS,37,6-9,250,Maryland,USA,1990,2,43,61.0,3.2,2.7,0.2,-5.2,8.0,17.1,16.5,46.7,3.5
431,Tony Parker,SAS,23,6-2,177,None,France,2001,1,28,80.0,16.6,3.7,6.1,9.3,1.8,9.5,24.7,52.8,32.3
432,Torraye Braggs,HOU,29,6-8,245,Xavier,USA,1998,2,57,7.0,0.9,1.7,0.0,-23.1,31.8,23.8,18.4,42.9,0.0
433,Tracy McGrady,HOU,26,6-8,210,None,USA,1997,1,9,78.0,25.7,6.2,5.7,4.6,2.3,13.1,30.4,52.6,27.6
434,Travis Best,NJN,32,5-11,182,Georgia Tech,USA,1995,1,23,76.0,6.8,1.4,1.9,-6.8,1.3,6.6,18.0,50.8,18.3
435,Travis Outlaw,POR,20,6-9,210,None,USA,2003,1,23,59.0,5.4,2.1,0.6,-6.6,5.5,9.6,19.2,53.2,7.8
436,Tremaine Fowlkes,IND,29,6-8,220,Fresno State,USA,1998,2,54,8.0,2.4,1.0,0.0,-5.3,7.0,10.6,22.5,53.1,0.0
437,Trenton Hassell,MIN,26,6-5,200,Austin Peay,USA,2001,2,29,82.0,6.6,2.7,1.6,-0.9,4.0,6.7,13.0,51.5,9.7
438,Trevor Ariza,NYK,20,6-8,200,UCLA,USA,2004,2,43,80.0,5.9,3.0,1.1,-1.0,6.7,11.4,17.5,50.3,10.1
439,Troy Hudson,MIN,29,6-1,170,Southern Illinois,USA,Undrafted,Undrafted,Undrafted,79.0,8.7,1.3,3.6,-0.2,1.2,4.9,21.4,49.1,26.5
440,Troy Murphy,GSW,25,6-11,245,Notre Dame,USA,2001,1,14,70.0,15.4,10.8,1.4,-4.3,9.7,21.5,21.8,49.5,6.8
441,Tyronn Lue,ATL,28,6-0,178,Nebraska,USA,1998,1,23,70.0,11.2,2.1,4.6,-11.5,0.7,7.3,18.7,54.2,27.5
442,Tyson Chandler,CHI,22,7-1,235,None,USA,2001,1,2,80.0,8.0,9.7,0.8,3.1,11.7,22.4,13.7,56.5,4.9
443,Udonis Haslem,MIA,25,6-8,228,Florida,USA,Undrafted,Undrafted,Undrafted,80.0,10.9,9.1,1.4,8.2,9.8,18.2,14.6,58.8,6.1
444,Viktor Khryapa,POR,22,6-9,210,None,Russia,2004,1,22,32.0,4.2,3.4,0.8,-10.9,5.3,14.7,14.8,47.4,8.0
445,Vin Baker,HOU,33,6-11,240,Hartford,USA,1993,1,8,27.0,1.3,1.4,0.4,-18.9,8.2,11.4,13.9,35.4,7.9
446,Vince Carter,NJN,28,6-6,220,North Carolina,USA,1998,1,5,77.0,24.5,5.2,4.2,0.5,3.7,11.0,30.5,54.1,23.4
447,Vitaly Potapenko,SEA,30,6-10,285,Wright State,Ukraine,1996,1,12,33.0,3.5,2.4,0.3,-3.3,9.3,16.4,15.5,58.1,4.5
448,Vlade Divac,LAL,37,7-1,260,None,Serbia,1989,1,26,15.0,2.3,2.1,1.3,-8.7,12.3,11.3,16.0,46.9,24.7
449,Vladimir Radmanovic,SEA,24,6-10,234,None,Serbia,2001,1,12,63.0,11.8,4.6,1.4,8.0,3.0,13.3,18.8,53.4,7.6
450,Voshon Lenard,DEN,32,6-4,205,Minnesota,USA,1994,2,46,3.0,9.7,2.0,2.0,2.5,0.0,12.8,22.1,49.1,15.0
451,Wally Szczerbiak,MIN,28,6-7,244,Miami (Ohio),USA,1999,1,6,81.0,15.5,3.7,2.4,1.7,3.4,8.4,20.9,59.5,12.5
452,Walter McCarty,PHX,31,6-10,230,Kentucky,USA,1996,1,19,72.0,3.6,1.9,0.5,-2.0,3.3,12.1,13.8,52.5,6.7
453,Wang Zhi-zhi,MIA,27,7-1,284,None,China,1999,2,36,20.0,2.2,0.9,0.3,-11.4,6.7,11.8,22.2,52.1,10.0
454,Wesley Person,DEN,34,6-6,200,Auburn,USA,1994,1,23,41.0,6.4,2.0,1.0,-1.4,0.4,11.7,16.2,57.0,9.4
455,Willie Green,PHI,23,6-2,201,Detroit,USA,2003,2,41,57.0,7.7,2.3,1.8,-5.2,2.0,10.6,22.6,45.7,17.2
456,Yao Ming,HOU,24,7-6,310,None,China,2002,1,1,80.0,18.3,8.4,0.8,2.4,9.1,19.3,26.1,61.4,4.8
457,Yuta Tabuse,PHX,24,5-9,165,Brigham Young-Hawaii,USA,Undrafted,Undrafted,Undrafted,4.0,1.8,1.0,0.8,-6.9,8.7,10.0,17.6,45.1,25.0
458,Zach Randolph,POR,23,6-9,253,Michigan State,USA,2001,1,19,46.0,18.9,9.6,1.9,-2.8,8.9,18.7,27.3,51.1,10.7
459,Zarko Cabarkapa,GSW,24,6-11,225,None,Serbia,2003,1,17,40.0,6.0,2.6,0.6,4.0,7.0,14.3,21.4,57.9,9.3
460,Zaza Pachulia,MIL,21,6-11,265,None,Georgia,2003,2,42,74.0,6.2,5.1,0.8,-0.2,10.1,18.9,16.6,52.6,7.1
461,Zeljko Rebraca,LAC,33,7-0,265,None,Serbia,1994,2,54,58.0,5.8,3.2,0.4,0.3,5.8,14.3,16.0,62.5,4.9
462,Zendon Hamilton,MIL,30,6-11,254,St. John's,USA,Undrafted,Undrafted,Undrafted,16.0,3.2,2.6,0.4,-10.9,11.9,16.8,18.9,48.0,6.3
463,Zoran Planinic,NJN,22,6-7,200,None,Croatia,2003,1,22,43.0,5.0,1.6,1.0,-4.2,3.8,10.2,21.9,53.4,18.5
464,Zydrunas Ilgauskas,CLE,30,7-3,260,None,Lithuania,1996,1,20,78.0,16.9,8.6,1.3,2.7,11.8,14.9,24.2,55.0,6.5
