,Player,Team,Age,Height,Weight,COLLEGE,COUNTRY,DRAFT YEAR,DRAFT ROUND,DRAFT NUMBER,GP,PTS,REB,AST,NETRTG,OREB%,DREB%,USG%,TS%,AST%
0,,,,,,,,,,,,,,,,,,,,
1,Aaron Gordon,ORL,23,6-9,220,Arizona,USA,2014,1,4,78.0,16.0,7.4,3.7,1.5,4.7,16.5,21.3,53.8,16.6
2,Aaron Holiday,IND,22,6-1,185,UCLA,USA,2018,1,23,50.0,5.9,1.3,1.7,7.0,0.8,8.8,20.6,51.8,18.0
3,Abdel Nader,OKC,25,6-6,225,Iowa State,Egypt,2016,2,58,61.0,4.0,1.9,0.3,-9.5,1.7,13.9,14.8,52.2,4.4
4,Al Horford,BOS,33,6-10,245,Florida,Dominican Republic,2007,1,3,68.0,13.6,6.7,4.2,6.1,6.2,16.1,18.8,60.5,20.3
5,Al-Farouq Aminu,POR,28,6-9,220,Wake Forest,USA,2010,1,8,81.0,9.4,7.5,1.3,8.2,4.8,20.4,13.4,56.8,5.7
6,Alan Williams,BKN,26,6-8,265,California-Santa Barbara,USA,Undrafted,Undrafted,Undrafted,5.0,3.6,3.8,0.6,27.1,11.4,40.5,22.2,61.0,17.6
7,Alec Burks,SAC,27,6-6,214,Colorado,USA,2011,1,12,64.0,8.8,3.7,2.0,-11.1,2.1,15.1,18.5,52.3,14.2
8,Alex Abrines,OKC,25,6-6,200,None,Spain,2013,2,32,31.0,5.3,1.5,0.6,1.6,0.7,6.7,12.0,50.7,4.7
9,Alex Caruso,LAL,25,6-5,186,Texas A&M,USA,Undrafted,Undrafted,Undrafted,25.0,9.2,2.7,3.1,3.2,3.5,7.9,18.4,56.9,20.5
10,Alex Len,ATL,26,7-1,250,Maryland,Ukraine,2013,1,5,77.0,11.1,5.5,1.1,-4.4,9.0,15.9,21.4,57.5,8.6
11,Alex Poythress,ATL,25,6-9,235,Kentucky,USA,Undrafted,Undrafted,Undrafted,21.0,5.1,3.6,0.8,-10.0,8.5,15.1,14.0,57.1,8.5
12,Alfonzo McKinnie,GSW,26,6-8,215,Wisconsin-Green Bay,USA,Undrafted,Undrafted,Undrafted,72.0,4.7,3.4,0.4,0.9,7.5,15.2,13.1,56.9,4.1
13,Alize Johnson,IND,23,6-9,212,Missouri State,USA,2018,2,50,14.0,0.9,1.4,0.1,-1.6,5.1,19.2,11.6,33.3,1.8
14,Allen Crabbe,BKN,27,6-6,212,California,USA,2013,2,31,43.0,9.6,3.4,1.1,0.3,1.3,10.8,15.9,51.9,5.9
15,Allonzo Trier,NYK,23,6-5,200,Arizona,USA,2018,,,64.0,10.9,3.1,1.9,-7.2,2.0,10.7,20.7,56.4,13.1
16,Amile Jefferson,ORL,26,6-9,222,Duke,USA,2017,,,12.0,2.3,1.8,0.3,8.8,8.2,25.0,12.5,69.2,5.2
17,Amir Johnson,PHI,32,6-9,240,No College,USA,2005,2,56,51.0,3.9,2.9,1.2,-5.0,8.4,18.5,16.9,57.4,15.6
18,Andre Drummond,DET,25,6-11,279,Connecticut,USA,2012,1,9,79.0,17.3,15.6,1.4,3.3,15.1,31.1,22.6,55.5,6.8
19,Andre Iguodala,GSW,35,6-6,215,Arizona,USA,2004,1,9,68.0,5.7,3.7,3.2,9.0,3.1,11.7,10.1,58.7,17.3
20,Andre Ingram,LAL,33,6-3,190,American,USA,Undrafted,Undrafted,Undrafted,4.0,0.0,0.5,0.0,9.6,5.9,5.3,18.4,0.0,0.0
21,Andrew Bogut,GSW,34,7-0,260,Utah,Australia,2005,1,1,11.0,3.5,5.0,1.0,3.9,10.0,29.7,14.8,52.3,10.4
22,Andrew Harrison,NOP,24,6-6,213,Kentucky,USA,2015,2,44,17.0,3.2,1.2,1.4,-5.5,3.2,7.4,17.1,44.3,19.4
23,Andrew Wiggins,MIN,24,6-8,194,Kansas,Canada,2014,1,1,73.0,18.1,4.8,2.5,-1.2,3.1,9.9,24.0,49.3,10.8
24,Anfernee Simons,POR,20,6-4,185,None,USA,2018,1,24,20.0,3.8,0.7,0.7,-17.6,2.2,6.7,24.0,53.5,13.5
25,Angel Delgado,LAC,24,6-10,245,Seton Hall,Dominican Republic,2018,,,2.0,1.5,2.0,0.0,7.0,8.3,14.3,15.0,25.5,0.0
26,Ante Zizic,CLE,22,6-11,254,None,Croatia,2016,1,23,59.0,7.8,5.4,0.9,-3.9,9.7,19.3,17.8,59.0,7.5
27,Anthony Davis,NOP,26,6-10,253,Kentucky,USA,2012,1,1,56.0,25.9,12.0,3.9,3.4,8.9,24.9,28.8,59.7,18.6
28,Anthony Tolliver,MIN,34,6-8,250,Creighton,USA,Undrafted,Undrafted,Undrafted,65.0,5.0,2.7,0.7,-4.1,1.2,14.3,12.1,57.1,5.9
29,Antonio Blakeney,CHI,22,6-4,192,Louisiana State,USA,Undrafted,Undrafted,Undrafted,57.0,7.3,1.9,0.7,-7.8,0.8,11.4,24.0,48.7,7.9
30,Aron Baynes,BOS,32,6-10,260,Washington State,Australia,Undrafted,Undrafted,Undrafted,51.0,5.6,4.7,1.1,7.7,10.3,17.5,14.7,56.7,9.2
31,Austin Rivers,HOU,26,6-4,200,Duke,USA,2012,1,10,76.0,8.1,2.1,2.2,2.5,1.2,6.5,14.2,50.3,12.0
32,Avery Bradley,MEM,28,6-2,180,Texas-Austin,USA,2010,1,19,63.0,9.9,2.8,2.4,-1.5,2.2,6.5,16.0,49.6,11.4
33,BJ Johnson,SAC,23,6-7,200,La Salle,USA,Undrafted,Undrafted,Undrafted,7.0,3.3,1.1,0.0,-12.6,3.8,15.0,17.8,60.9,0.0
34,Bam Adebayo,MIA,21,6-10,255,Kentucky,USA,2017,1,14,82.0,8.9,7.3,2.2,0.5,8.3,22.1,15.7,62.3,14.6
35,Ben McLemore,SAC,26,6-5,201,Kansas,USA,2013,1,7,19.0,3.9,0.9,0.2,-3.5,1.8,8.9,18.5,54.1,3.5
36,Ben Simmons,PHI,22,6-10,230,Louisiana State,Australia,2016,1,1,79.0,16.9,8.8,7.7,2.4,6.2,17.9,21.5,58.2,34.1
37,Billy Garrett,NYK,24,6-6,215,DePaul,USA,Undrafted,Undrafted,Undrafted,4.0,6.5,0.8,1.8,-8.6,0.0,4.1,21.5,45.2,18.9
38,Bismack Biyombo,CHA,26,6-9,255,None,DRC,2011,1,7,54.0,4.4,4.6,0.6,-7.7,9.9,20.5,12.8,60.2,6.4
39,Blake Griffin,DET,30,6-10,250,Oklahoma,USA,2009,1,1,75.0,24.5,7.5,5.4,0.5,3.6,18.2,29.6,58.1,26.8
40,Boban Marjanovic,PHI,30,7-3,290,None,Serbia,Undrafted,Undrafted,Undrafted,58.0,7.3,4.6,0.9,0.1,12.4,23.2,22.2,66.4,12.8
41,Bobby Portis,WAS,24,6-11,250,Arkansas,USA,2015,1,22,50.0,14.2,8.1,1.4,-4.4,8.3,22.6,24.1,52.9,8.5
42,Bogdan Bogdanovic,SAC,26,6-6,205,None,Serbia,2014,1,27,70.0,14.1,3.5,3.8,-1.1,1.9,9.8,22.0,53.0,19.9
43,Bojan Bogdanovic,IND,30,6-8,216,None,Croatia,2011,2,31,81.0,18.0,4.1,2.0,2.9,1.3,11.3,21.9,61.3,9.5
44,Bonzie Colson,MIL,23,6-6,225,Notre Dame,USA,Undrafted,Undrafted,Undrafted,8.0,4.9,3.8,0.4,-9.2,6.5,18.2,17.4,45.4,4.0
45,Brad Wanamaker,BOS,29,6-4,210,Pittsburgh,USA,Undrafted,Undrafted,Undrafted,36.0,3.9,1.1,1.6,8.8,0.8,9.6,16.2,59.7,22.5
46,Bradley Beal,WAS,26,6-5,207,Florida,USA,2012,1,3,82.0,25.6,5.0,5.5,-1.8,2.8,10.4,27.8,58.1,23.3
47,Brandon Goodwin,DEN,23,6-2,180,Florida Gulf Coast,USA,Undrafted,Undrafted,Undrafted,16.0,1.4,0.2,0.9,8.0,1.6,3.8,22.0,41.3,29.8
48,Brandon Ingram,LAL,21,6-9,190,Duke,USA,2016,1,2,52.0,18.3,5.1,3.0,-1.5,2.2,11.3,22.7,55.5,12.7
49,Brandon Knight,CLE,27,6-3,195,Kentucky,USA,2011,1,8,39.0,6.8,1.5,1.8,-12.0,1.2,7.0,17.8,48.4,14.7
50,Brandon Sampson,CHI,22,6-5,184,Louisiana State,USA,2018,,,14.0,5.1,1.1,0.7,-6.0,1.4,6.3,15.4,56.7,6.3
51,Brook Lopez,MIL,31,7-0,270,Stanford,USA,2008,1,10,81.0,12.5,4.9,1.2,11.5,1.4,13.5,16.5,59.7,5.5
52,Bruce Brown,DET,22,6-5,202,Miami,USA,2018,2,42,74.0,4.3,2.5,1.2,0.7,3.2,9.2,11.3,46.9,8.7
53,Bruno Caboclo,MEM,23,6-9,218,None,Brazil,2014,1,20,34.0,8.3,4.6,1.5,0.9,5.0,13.7,15.0,57.1,9.1
54,Bryn Forbes,SAS,25,6-3,190,Michigan State,USA,Undrafted,Undrafted,Undrafted,82.0,11.8,2.9,2.1,-0.3,0.8,9.6,17.1,58.6,10.5
55,Buddy Hield,SAC,26,6-4,214,Oklahoma,Bahamas,2016,1,6,82.0,20.7,5.0,2.5,-0.6,3.6,11.0,24.3,58.7,11.7
56,C.J. Williams,MIN,29,6-5,226,North Carolina State,USA,2012,0,0,15.0,2.6,0.5,0.8,-17.5,0.7,5.3,13.8,55.0,15.8
57,CJ McCollum,POR,27,6-3,190,Lehigh,USA,2013,1,10,70.0,21.0,4.0,3.0,6.5,2.5,8.7,24.8,55.3,13.3
58,CJ Miles,MEM,32,6-6,220,No College,USA,2005,2,34,53.0,6.4,1.8,0.7,-1.7,1.4,9.0,17.3,50.4,6.1
59,Caleb Swanigan,SAC,22,6-9,250,Purdue,USA,2017,1,26,21.0,2.0,3.0,0.5,-16.8,8.1,23.6,17.0,37.7,9.8
60,Cam Reynolds,MIN,24,6-8,225,Tulane,USA,Undrafted,Undrafted,Undrafted,19.0,5.0,1.6,0.7,-4.9,1.4,10.2,14.1,58.0,7.3
61,Cameron Payne,CLE,24,6-3,190,Murray State,USA,2015,1,14,40.0,6.3,1.8,2.7,-15.2,1.7,8.3,16.9,51.9,22.5
62,Caris LeVert,BKN,24,6-7,204,Michigan,USA,2016,1,20,40.0,13.7,3.8,3.9,-0.2,3.0,10.0,23.5,50.9,23.1
63,Carmelo Anthony,HOU,35,6-8,240,Syracuse,USA,2003,1,3,10.0,13.4,5.4,0.5,-9.9,2.7,15.8,19.9,51.3,2.8
64,Cedi Osman,CLE,24,6-8,215,None,Turkey,2015,2,31,76.0,13.0,4.7,2.6,-12.8,1.8,13.4,18.2,53.6,12.0
65,Chandler Hutchison,CHI,23,6-7,197,Boise State,USA,2018,1,22,44.0,5.2,4.2,0.8,-5.6,3.3,16.7,12.1,50.7,5.5
66,Chandler Parsons,MEM,30,6-10,230,Florida,USA,2011,2,38,25.0,7.5,2.8,1.7,-5.4,0.7,12.6,19.2,48.4,14.3
67,Channing Frye,CLE,36,7-0,255,Arizona,USA,2005,1,8,36.0,3.6,1.4,0.6,-22.6,1.0,15.8,17.4,52.4,10.0
68,Chasson Randle,WAS,26,6-2,185,Stanford,USA,2015,,,49.0,5.5,1.1,2.0,-5.8,1.3,6.2,16.0,55.5,18.2
69,Cheick Diallo,NOP,22,6-9,220,Kansas,Mali,2016,2,33,64.0,6.0,5.2,0.5,-4.7,7.9,26.0,15.5,64.4,5.1
70,Chimezie Metu,SAS,22,6-10,225,Southern California,USA,2018,2,49,29.0,1.8,1.2,0.4,-1.3,6.1,17.9,22.3,38.9,14.0
71,Chris Boucher,TOR,26,6-10,200,Oregon,Saint Lucia,Undrafted,Undrafted,Undrafted,28.0,3.3,2.0,0.1,-4.2,8.6,20.9,21.4,56.3,2.0
72,Chris Chiozza,HOU,23,6-0,175,Florida,USA,Undrafted,Undrafted,Undrafted,7.0,0.9,0.6,0.6,-25.0,2.1,11.1,10.8,37.5,19.0
73,Chris Paul,HOU,34,6-0,175,Wake Forest,USA,2005,1,4,58.0,15.6,4.6,8.2,8.3,1.9,12.3,22.0,56.0,38.2
74,Christian Wood,NOP,23,6-10,214,UNLV,USA,Undrafted,Undrafted,Undrafted,21.0,8.2,4.0,0.4,-9.4,6.1,23.1,24.7,60.7,5.1
75,Clint Capela,HOU,25,6-10,240,None,Switzerland,2014,1,25,67.0,16.6,12.7,1.4,5.4,13.0,24.1,18.0,65.8,7.0
76,Cody Zeller,CHA,26,7-0,240,Indiana,USA,2013,1,4,49.0,10.1,6.8,2.1,1.4,8.4,17.1,15.9,61.1,11.4
77,Collin Sexton,CLE,20,6-2,190,Alabama,USA,2018,1,8,82.0,16.7,2.9,3.0,-12.5,2.1,7.2,24.7,52.0,15.4
78,Corey Brewer,SAC,33,6-9,186,Florida,USA,2007,1,7,31.0,4.9,2.5,1.3,0.0,4.5,9.8,13.0,53.2,10.7
79,Cory Joseph,IND,27,6-3,193,Texas,Canada,2011,1,29,82.0,6.5,3.4,3.9,5.2,1.9,11.1,13.4,47.4,20.8
80,Courtney Lee,DAL,33,6-5,215,Western Kentucky,USA,2008,1,22,34.0,4.0,1.6,1.1,-6.4,1.9,10.5,15.0,49.2,13.0
81,Cristiano Felicio,CHI,26,6-10,265,None,Brazil,Undrafted,Undrafted,Undrafted,60.0,4.0,3.6,0.6,-8.0,10.1,18.7,13.8,56.8,7.0
82,D'Angelo Russell,BKN,23,6-5,198,Ohio State,USA,2015,1,2,81.0,21.1,3.9,7.0,0.2,2.0,9.9,31.1,53.3,39.2
83,D.J. Augustin,ORL,31,6-0,183,University of Texas at Austin,USA,2008,1,9,81.0,11.7,2.5,5.3,3.2,1.8,7.1,16.9,61.6,25.8
84,D.J. Wilson,MIL,23,6-10,231,Michigan,USA,2017,1,17,48.0,5.8,4.6,1.1,4.9,4.7,17.4,14.1,51.5,8.0
85,DJ Stephens,MEM,28,6-5,188,Memphis,USA,Undrafted,Undrafted,Undrafted,1.0,2.0,0.0,0.0,-23.2,0.0,0.0,13.0,50.0,0.0
86,Dairis Bertans,NOP,29,6-4,200,None,Latvia,Undrafted,Undrafted,Undrafted,12.0,2.8,0.8,0.8,-15.0,1.1,3.6,12.0,36.2,7.8
87,Damian Jones,GSW,24,7-0,245,Vanderbilt,USA,2016,1,30,24.0,5.4,3.1,1.2,3.0,8.6,9.9,11.3,72.0,8.4
88,Damian Lillard,POR,28,6-3,195,Weber State,USA,2012,1,6,80.0,25.8,4.6,6.9,8.2,2.3,10.0,28.1,58.8,29.9
89,Damion Lee,GSW,26,6-6,210,Drexel,USA,Undrafted,Undrafted,Undrafted,32.0,4.9,2.0,0.4,-5.5,2.0,13.4,16.4,57.8,5.1
90,Damyean Dotson,NYK,25,6-6,210,Houston,USA,2017,2,44,73.0,10.7,3.6,1.8,-8.0,1.6,10.8,16.9,52.6,10.4
91,Daniel Hamilton,ATL,23,6-7,195,UCONN,USA,2016,2,56,19.0,3.0,2.5,1.2,-4.9,4.3,16.1,15.3,45.5,15.7
92,Daniel Theis,BOS,27,6-8,243,None,Germany,Undrafted,Undrafted,Undrafted,66.0,5.7,3.4,1.0,7.4,8.8,14.5,15.0,62.4,10.8
93,Danilo Gallinari,LAC,30,6-10,225,None,Italy,2008,1,6,68.0,19.8,6.1,2.6,2.3,2.7,17.1,23.7,63.3,13.4
94,Danny Green,TOR,32,6-6,215,North Carolina,USA,2009,2,46,80.0,10.3,4.0,1.6,13.4,2.8,10.7,13.9,63.2,7.3
95,Dante Cunningham,SAS,32,6-8,230,Villanova,USA,2009,2,33,64.0,3.0,2.9,0.8,-8.2,4.9,14.8,8.6,58.5,7.2
96,Dante Exum,UTA,23,6-6,190,None,Australia,2014,1,5,42.0,6.9,1.6,2.6,3.2,2.4,7.7,20.7,51.6,25.1
97,Danuel House Jr.,HOU,26,6-7,220,Texas A&M,USA,Undrafted,Undrafted,Undrafted,39.0,9.4,3.6,1.0,8.9,2.5,11.2,13.7,64.6,5.8
98,Dario Saric,MIN,25,6-10,223,None,Croatia,2014,1,12,81.0,10.6,5.6,1.6,-2.0,5.8,15.3,17.2,56.3,8.9
99,Darius Miller,NOP,29,6-8,225,Kentucky,USA,2012,2,46,69.0,8.2,1.9,2.1,-0.2,0.7,5.9,13.1,55.0,10.7
100,Darren Collison,IND,31,6-0,175,UCLA,USA,2009,1,21,76.0,11.2,3.1,6.0,2.2,1.7,8.9,17.6,57.4,30.2
101,Daryl Macon,DAL,23,6-3,185,Arkansas,USA,2018,,,8.0,3.6,1.5,0.9,-2.1,1.9,9.9,16.7,48.2,12.3
102,David Nwaba,CLE,26,6-4,219,Cal Poly,USA,Undrafted,Undrafted,Undrafted,51.0,6.5,3.2,1.1,-3.8,3.9,12.8,14.1,55.8,7.7
103,Davis Bertans,SAS,26,6-10,225,None,Latvia,2011,2,42,76.0,8.0,3.5,1.3,7.6,1.5,13.9,13.5,63.2,7.9
104,Davon Reed,IND,24,6-5,208,Miami,USA,2017,2,32,10.0,1.2,0.6,0.3,18.7,3.3,7.3,10.4,50.0,6.8
105,De'Aaron Fox,SAC,21,6-3,175,Kentucky,USA,2017,1,5,81.0,17.3,3.8,7.3,0.9,1.5,9.5,23.8,54.4,32.2
106,De'Anthony Melton,PHX,21,6-4,200,Southern California,USA,2018,2,46,50.0,5.0,2.7,3.2,-7.9,2.5,11.4,14.7,46.6,21.4
107,DeAndre Jordan,NYK,30,6-11,265,Texas A&M,USA,2008,2,35,69.0,11.0,13.1,2.3,-5.1,10.5,31.5,14.8,67.4,11.9
108,DeAndre' Bembry,ATL,24,6-6,210,St. Joseph's (PA),USA,2016,1,21,82.0,8.4,4.4,2.5,-5.0,2.6,14.8,16.8,50.8,15.0
109,DeMar DeRozan,SAS,29,6-7,220,Southern California,USA,2009,1,9,77.0,21.2,6.0,6.2,0.0,2.0,14.7,27.7,54.2,27.7
110,DeMarcus Cousins,GSW,28,6-11,270,Kentucky,USA,2010,1,5,30.0,16.3,8.2,3.6,4.5,5.9,23.2,28.1,56.2,20.6
111,DeMarre Carroll,BKN,32,6-8,215,Missouri,USA,2009,1,27,67.0,11.1,5.2,1.3,2.0,3.7,15.1,18.1,54.6,7.5
112,DeVaughn Akoon-Purcell,DEN,26,6-6,200,Illinois State,Trinidad and Tobago,2016,,,7.0,1.0,0.6,0.9,4.2,4.3,15.0,22.8,32.2,37.5
113,Deandre Ayton,PHX,20,7-1,250,Arizona,Bahamas,2018,1,1,71.0,16.3,10.3,1.8,-8.1,10.1,24.0,21.0,60.8,9.4
114,Delon Wright,MEM,27,6-5,183,Utah,USA,2015,1,20,75.0,8.7,3.5,3.3,-0.1,3.7,11.3,17.2,52.3,21.7
115,Demetrius Jackson,PHI,24,6-1,201,Notre Dame,USA,2016,2,45,6.0,3.7,0.5,0.8,-14.8,4.5,2.4,18.2,65.6,18.5
116,Deng Adel,CLE,22,6-7,200,Louisville,South Sudan,2018,,,19.0,1.7,1.0,0.3,-9.5,1.4,8.9,9.7,42.4,3.8
117,Dennis Schroder,OKC,25,6-1,172,None,Germany,2013,1,17,79.0,15.5,3.6,4.1,3.6,1.5,10.2,23.8,50.8,20.9
118,Dennis Smith Jr.,NYK,21,6-3,195,North Carolina State,USA,2017,1,9,53.0,13.6,2.9,4.8,-5.3,2.0,7.5,24.2,50.2,27.8
119,Deonte Burton,OKC,25,6-5,245,Iowa State,USA,Undrafted,Undrafted,Undrafted,32.0,2.6,0.9,0.3,4.3,1.4,9.0,15.9,47.0,5.7
120,Derrick Favors,UTA,27,6-10,265,Georgia Tech,USA,2010,1,3,76.0,11.8,7.4,1.2,4.6,11.5,18.8,18.8,62.4,7.9
121,Derrick Jones Jr.,MIA,22,6-7,200,UNLV,USA,Undrafted,Undrafted,Undrafted,60.0,7.0,4.0,0.6,-1.2,7.6,11.9,15.1,55.9,4.9
122,Derrick Rose,MIN,30,6-3,200,Memphis,USA,2008,1,1,51.0,18.0,2.7,4.3,0.7,2.2,7.0,26.1,55.7,24.4
123,Derrick White,SAS,24,6-4,190,Colorado,USA,2017,1,29,67.0,9.9,3.7,3.9,4.8,2.2,11.6,17.8,55.5,20.6
124,Devin Booker,PHX,22,6-6,210,Kentucky,USA,2015,1,13,64.0,26.6,4.1,6.8,-6.9,1.7,9.9,32.0,58.4,32.7
125,Devin Harris,DAL,36,6-3,185,Wisconsin,USA,2004,1,5,68.0,6.3,1.6,1.8,-4.2,1.0,9.0,18.0,52.7,17.2
126,Devin Robinson,WAS,24,6-8,200,Florida,USA,2017,,,7.0,6.7,2.9,0.9,-1.7,5.8,14.3,17.6,61.6,9.5
127,Devonte' Graham,CHA,24,6-2,185,Kansas,USA,2018,2,34,46.0,4.7,1.4,2.6,-7.3,1.3,7.8,16.6,45.9,26.6
128,Dewayne Dedmon,ATL,29,7-0,245,Southern California,USA,Undrafted,Undrafted,Undrafted,64.0,10.8,7.5,1.4,-4.1,6.3,22.9,16.6,60.2,7.9
129,Deyonta Davis,ATL,22,6-11,237,Michigan State,USA,2016,2,31,9.0,4.0,4.0,0.6,-9.8,6.3,19.3,9.9,68.2,6.3
130,Dillon Brooks,MEM,23,6-6,220,Oregon,Canada,2017,2,45,18.0,7.5,1.7,0.9,-1.6,2.8,7.6,20.7,49.9,7.9
131,Dion Waiters,MIA,27,6-4,215,Syracuse,USA,2012,1,4,44.0,12.0,2.6,2.8,-2.0,0.6,9.4,21.3,53.0,16.4
132,Dirk Nowitzki,DAL,41,7-0,245,None,Germany,1998,1,9,51.0,7.3,3.1,0.7,-4.8,0.6,18.0,21.7,46.9,6.8
133,Domantas Sabonis,IND,23,6-11,240,Gonzaga,Lithuania,2016,1,11,74.0,14.1,9.3,2.9,5.2,9.9,26.9,22.6,63.0,18.0
134,Donatas Motiejunas,SAS,28,7-0,220,None,Lithuania,2011,1,20,3.0,2.0,1.0,0.3,-61.8,15.4,7.7,32.3,43.6,20.0
135,Donovan Mitchell,UTA,22,6-3,215,Louisville,USA,2017,1,13,77.0,23.8,4.1,4.2,6.8,2.2,9.3,30.9,53.7,20.9
136,Donte DiVincenzo,MIL,22,6-4,203,Villanova,USA,2018,1,17,27.0,4.9,2.4,1.1,12.6,3.6,9.9,14.5,50.7,10.2
137,Donte Grantham,OKC,24,6-8,215,Clemson,USA,2018,,,3.0,0.0,0.0,0.0,-53.3,0.0,0.0,33.3,0.0,0.0
138,Dorian Finney-Smith,DAL,26,6-8,220,Florida,USA,Undrafted,Undrafted,Undrafted,81.0,7.5,4.8,1.2,-1.9,6.4,11.9,13.5,53.0,7.0
139,Doug McDermott,IND,27,6-8,225,Creighton,USA,2014,1,11,77.0,7.3,1.4,0.9,3.6,1.2,6.6,15.2,61.7,7.0
140,Dragan Bender,PHX,21,7-1,225,None,Croatia,2016,1,4,46.0,5.0,4.0,1.2,-8.1,4.0,16.8,13.0,52.1,9.4
141,Draymond Green,GSW,29,6-7,230,Michigan State,USA,2012,2,35,66.0,7.4,7.3,6.9,10.7,3.1,18.0,12.8,52.6,26.1
142,Drew Eubanks,SAS,22,6-10,245,Oregon State,USA,Undrafted,Undrafted,Undrafted,23.0,1.8,1.5,0.3,-10.0,5.6,21.4,14.8,64.6,10.0
143,Duncan Robinson,MIA,25,6-8,210,Michigan,USA,Undrafted,Undrafted,Undrafted,15.0,3.3,1.3,0.3,-10.9,1.1,9.1,13.4,51.4,4.5
144,Dusty Hannahs,MEM,25,6-4,195,Arkansas,USA,2017,,,2.0,4.0,0.5,2.5,-17.5,0.0,3.6,22.2,31.1,35.7
145,Dwayne Bacon,CHA,23,6-7,221,Florida State,USA,2017,2,40,43.0,7.3,2.1,1.1,-2.0,1.0,10.5,16.7,57.0,9.2
146,Dwight Howard,WAS,33,6-11,265,None,USA,2004,1,1,9.0,12.8,9.2,0.4,-8.9,10.0,25.8,19.3,63.8,2.6
147,Dwight Powell,DAL,27,6-11,240,Stanford,Canada,2014,2,45,77.0,10.6,5.3,1.5,0.9,8.1,16.0,16.7,68.2,10.1
148,Dwyane Wade,MIA,37,6-4,220,Marquette,USA,2003,1,5,72.0,15.0,4.0,4.2,-1.8,3.3,10.6,26.9,51.0,26.4
149,Dzanan Musa,BKN,20,6-9,208,None,Bosnia and Herzegovina,2018,1,29,9.0,2.1,0.6,0.2,10.6,1.9,10.5,25.0,41.5,8.3
150,E'Twaun Moore,NOP,30,6-4,191,Purdue,USA,2011,2,55,53.0,11.9,2.4,1.9,-0.3,2.3,5.8,17.0,56.7,9.3
151,Ed Davis,BKN,30,6-10,225,North Carolina,USA,2010,1,13,81.0,5.8,8.6,0.8,4.3,13.5,30.7,12.5,63.2,6.4
152,Edmond Sumner,IND,23,6-6,176,Xavier,USA,2017,2,52,23.0,2.9,1.0,0.4,-7.8,3.8,6.5,15.7,44.3,6.3
153,Ekpe Udoh,UTA,32,6-10,245,Baylor,USA,2010,1,6,51.0,2.3,1.8,0.5,-7.7,9.0,18.9,12.8,69.8,13.1
154,Elfrid Payton,NOP,25,6-4,185,Louisana-Lafayette,USA,2014,1,10,42.0,10.6,5.2,7.6,-2.2,3.7,12.9,17.7,50.2,31.8
155,Elie Okobo,PHX,21,6-3,190,None,France,2018,2,31,53.0,5.7,1.8,2.4,-9.9,1.2,9.2,16.8,48.9,19.8
156,Emanuel Terry,MIA,22,6-9,220,Lincoln Memorial,USA,Undrafted,Undrafted,Undrafted,3.0,3.3,2.3,0.7,5.6,14.3,23.5,18.3,57.1,12.5
157,Emmanuel Mudiay,NYK,23,6-5,200,None,DRC,2015,1,7,59.0,14.8,3.3,3.9,-10.8,1.9,9.8,24.8,53.1,24.2
158,Enes Freedom,POR,27,6-11,250,None,Turkey,2011,1,3,67.0,13.7,9.8,1.7,-6.2,13.8,24.5,21.9,59.4,12.0
159,Eric Bledsoe,MIL,29,6-1,205,Kentucky,USA,2010,1,18,78.0,15.9,4.6,5.5,11.1,3.5,10.8,22.5,57.7,26.0
160,Eric Gordon,HOU,30,6-4,215,Indiana,USA,2008,1,7,68.0,16.2,2.2,1.9,8.1,0.7,5.9,21.5,54.9,9.0
161,Eric Moreland,TOR,27,6-10,238,Oregon State,USA,Undrafted,Undrafted,Undrafted,5.0,1.4,4.0,0.8,-21.9,10.8,34.8,11.7,50.0,15.4
162,Ersan Ilyasova,MIL,32,6-10,235,None,Turkey,2005,2,36,67.0,6.8,4.5,0.8,9.7,7.1,15.1,15.1,54.8,5.6
163,Evan Fournier,ORL,26,6-7,205,None,France,2012,1,20,81.0,15.1,3.2,3.6,1.7,1.4,8.6,21.7,53.6,17.0
164,Evan Turner,POR,30,6-7,220,Ohio State,USA,2010,1,2,73.0,6.8,4.5,3.9,1.3,2.2,16.7,15.8,50.4,24.2
165,Frank Jackson,NOP,21,6-3,205,Duke,USA,2017,2,31,61.0,8.1,2.2,1.1,-5.0,1.9,8.5,17.8,51.7,8.0
166,Frank Kaminsky,CHA,26,7-0,242,Wisconsin,USA,2015,1,9,47.0,8.6,3.5,1.3,0.9,4.8,16.4,21.6,58.7,12.9
167,Frank Mason III,SAC,25,5-11,190,Kansas,USA,2017,2,34,38.0,5.1,1.1,2.2,-14.5,1.3,8.3,21.3,50.2,28.0
168,Frank Ntilikina,NYK,20,6-6,200,None,France,2017,1,8,43.0,5.7,2.0,2.8,-8.5,1.2,8.0,16.3,41.7,19.5
169,Fred VanVleet,TOR,25,6-0,195,Wichita State,USA,Undrafted,Undrafted,Undrafted,64.0,11.0,2.6,4.8,8.1,1.2,7.8,17.7,53.9,24.3
170,Furkan Korkmaz,PHI,21,6-7,190,None,Turkey,2016,1,26,48.0,5.8,2.2,1.1,3.7,2.3,13.0,17.4,52.8,10.7
171,Garrett Temple,LAC,33,6-6,195,Louisiana State,USA,Undrafted,Undrafted,Undrafted,75.0,7.8,2.9,1.4,-1.6,1.4,9.2,13.1,54.3,7.5
172,Gary Clark,HOU,24,6-8,225,Cincinnati,USA,Undrafted,Undrafted,Undrafted,51.0,2.9,2.3,0.4,2.0,3.5,14.4,10.6,48.0,4.0
173,Gary Harris,DEN,24,6-4,210,Michigan State,USA,2014,1,19,57.0,12.9,2.8,2.2,6.2,2.4,7.0,19.5,52.6,11.0
174,Gary Payton II,WAS,26,6-3,190,Oregon State,USA,Undrafted,Undrafted,Undrafted,3.0,3.7,0.7,1.3,25.8,6.7,5.0,21.4,68.8,33.3
175,Gary Trent Jr.,POR,20,6-6,205,Duke,USA,2018,2,37,15.0,2.7,0.7,0.3,-4.7,1.0,8.0,21.3,37.7,5.7
176,George Hill,MIL,33,6-3,188,Indiana-Purdue Indianapolis,USA,2008,1,26,60.0,7.6,2.5,2.3,5.6,2.8,7.5,14.7,55.4,14.6
177,George King,PHX,25,6-6,220,Colorado,USA,2018,2,59,1.0,0.0,1.0,0.0,-75.0,0.0,25.0,0.0,0.0,0.0
178,Georges Niang,UTA,26,6-8,230,Iowa State,USA,2016,2,50,59.0,4.0,1.5,0.6,-7.7,2.2,13.5,17.0,61.3,10.7
179,Gerald Green,HOU,33,6-7,205,No College,USA,2005,1,18,73.0,9.2,2.5,0.5,4.6,1.9,10.0,19.0,55.5,4.1
180,Giannis Antetokounmpo,MIL,24,6-11,242,None,Greece,2013,1,15,72.0,27.7,12.5,5.9,12.5,6.6,27.3,31.4,64.4,29.4
181,Glenn Robinson III,DET,25,6-6,222,Michigan,USA,2014,2,40,47.0,4.2,1.5,0.4,-0.8,2.6,8.9,14.6,51.1,5.3
182,Goran Dragic,MIA,33,6-3,190,None,Slovenia,2008,2,45,36.0,13.7,3.1,4.8,1.3,1.9,8.7,22.4,51.7,25.9
183,Gordon Hayward,BOS,29,6-8,225,Butler,USA,2010,1,9,72.0,11.5,4.5,3.4,5.1,2.6,14.1,18.3,57.5,18.5
184,Gorgui Dieng,MIN,29,6-11,252,Louisville,Senegal,2013,1,21,76.0,6.4,4.1,0.9,-3.8,7.2,22.5,19.4,57.2,10.6
185,Grayson Allen,UTA,23,6-5,198,Duke,USA,2018,1,21,38.0,5.6,0.6,0.7,-13.6,0.7,4.7,23.8,51.6,10.2
186,Greg Monroe,PHI,29,6-11,265,Georgetown,USA,2010,1,7,43.0,5.3,4.0,0.6,-6.6,11.9,21.8,21.1,52.1,7.9
187,Guerschon Yabusele,BOS,23,6-8,260,None,France,2016,1,16,41.0,2.3,1.3,0.4,-3.6,8.4,10.4,16.8,54.2,8.8
188,Hamidou Diallo,OKC,20,6-5,198,Kentucky,USA,2018,2,45,51.0,3.7,1.9,0.3,-6.8,6.5,11.0,16.0,49.7,4.4
189,Harrison Barnes,SAC,27,6-8,225,North Carolina,USA,2012,1,7,77.0,16.4,4.7,1.5,-1.5,2.1,11.1,20.2,55.0,6.9
190,Harry Giles III,SAC,21,6-10,240,Duke,USA,2017,1,20,58.0,7.0,3.8,1.5,-5.0,7.6,17.1,22.7,52.6,15.5
191,Hassan Whiteside,MIA,30,7-0,265,Marshall,USA,2010,2,33,72.0,12.3,11.3,0.8,0.7,13.9,30.5,21.5,56.4,5.4
192,Haywood Highsmith,PHI,22,6-7,220,Wheeling Jesuit,USA,2018,,,5.0,1.8,1.0,0.4,-27.6,0.0,14.3,11.5,41.4,6.7
193,Henry Ellenson,NYK,22,6-11,245,Marquette,USA,2016,1,18,19.0,6.0,3.5,0.8,-0.7,1.8,21.4,18.6,53.8,9.6
194,Ian Clark,NOP,28,6-3,175,Belmont,USA,Undrafted,Undrafted,Undrafted,60.0,6.7,1.5,1.6,-3.4,1.2,7.1,18.5,50.2,13.2
195,Ian Mahinmi,WAS,32,6-11,262,None,France,2005,1,28,34.0,4.1,3.8,0.7,-3.2,8.8,16.1,12.8,53.1,7.3
196,Ike Anigbogu,IND,20,6-10,250,UCLA,USA,2017,2,47,3.0,0.0,1.0,0.3,-14.3,14.3,25.0,26.7,0.0,20.0
197,Iman Shumpert,HOU,29,6-5,215,Georgia Tech,USA,2011,1,17,62.0,7.5,3.0,1.8,-1.4,1.6,10.1,14.3,49.9,9.8
198,Isaac Bonga,LAL,19,6-8,180,None,Germany,2018,2,39,22.0,0.9,1.1,0.7,7.0,6.4,11.3,15.1,24.0,16.3
199,Isaac Humphries,ATL,21,7-0,260,Kentucky,Australia,2017,,,5.0,3.0,2.2,0.0,-17.1,5.5,12.3,14.2,35.7,0.0
200,Isaiah Briscoe,ORL,23,6-3,215,Kentucky,USA,Undrafted,Undrafted,Undrafted,39.0,3.5,1.9,2.2,2.0,0.8,11.1,13.9,45.5,22.6
201,Isaiah Canaan,MIL,28,6-0,200,Murray State,USA,2013,2,34,30.0,6.0,1.9,2.8,-12.3,1.0,8.6,14.7,51.8,19.4
202,Isaiah Hartenstein,HOU,21,7-0,249,None,Germany,2017,2,43,28.0,1.9,1.7,0.5,9.6,8.9,11.8,11.2,56.2,10.0
203,Isaiah Hicks,NYK,24,6-9,230,North Carolina,USA,Undrafted,Undrafted,Undrafted,3.0,4.0,2.3,0.7,-4.5,5.9,14.7,15.3,58.8,11.8
204,Isaiah Thomas,DEN,30,5-9,185,Washington,USA,2011,2,60,12.0,8.1,1.1,1.9,-5.5,2.3,4.0,27.4,43.7,19.8
205,Ish Smith,DET,30,6-0,175,Wake Forest,USA,Undrafted,Undrafted,Undrafted,56.0,8.9,2.6,3.6,2.7,1.7,9.7,19.3,48.5,24.3
206,Ivan Rabb,MEM,22,6-10,220,"University of California, Berkeley",USA,2017,2,35,49.0,5.8,4.2,1.1,-6.2,9.7,19.7,16.6,58.6,12.3
207,Ivica Zubac,LAC,22,7-1,240,None,Croatia,2016,2,32,59.0,8.9,6.1,1.1,1.8,10.8,21.6,19.9,60.4,9.3
208,J.J. Barea,DAL,35,6-0,185,Northeastern,Puerto Rico,Undrafted,Undrafted,Undrafted,38.0,10.9,2.5,5.6,3.2,1.6,10.6,26.3,49.5,45.4
209,J.P. Macura,CHA,24,6-5,205,Xavier,USA,2018,,,2.0,3.0,1.5,1.0,-2.2,0.0,14.3,20.9,33.3,20.0
210,JJ Redick,PHI,35,6-4,200,Duke,USA,2006,1,11,76.0,18.1,2.4,2.7,5.6,0.8,6.2,20.9,60.2,12.9
211,JR Smith,CLE,33,6-6,225,No College,USA,2004,1,18,11.0,6.7,1.6,1.9,-3.4,0.0,8.0,17.6,44.4,13.3
212,JaKarr Sampson,CHI,26,6-9,215,"St. John's, N.Y.",USA,Undrafted,Undrafted,Undrafted,4.0,20.0,8.0,1.0,-2.3,3.7,19.6,23.4,63.3,5.2
213,JaMychal Green,LAC,29,6-9,227,Alabama,USA,Undrafted,Undrafted,Undrafted,65.0,9.4,6.3,0.8,-5.8,7.1,21.8,18.5,58.7,5.8
214,JaVale McGee,LAL,31,7-0,270,Nevada,USA,2008,1,18,75.0,12.0,7.5,0.7,-4.4,11.2,20.3,19.7,63.4,4.5
215,Jabari Parker,WAS,24,6-8,245,Duke,USA,2014,1,2,64.0,14.5,6.6,2.4,-6.2,4.5,18.7,23.6,56.0,14.0
216,Jacob Evans,GSW,22,6-6,210,Cincinnati,USA,2018,1,28,30.0,1.3,0.8,0.8,-6.2,2.9,8.4,13.4,37.4,15.0
217,Jae Crowder,UTA,28,6-6,235,Marquette,USA,2012,2,34,80.0,11.9,4.8,1.7,4.4,2.7,13.9,18.3,53.8,9.0
218,Jahlil Okafor,NOP,23,6-11,275,Duke,USA,2015,1,3,59.0,8.2,4.7,0.7,-5.5,8.4,19.6,19.8,60.3,6.4
219,Jake Layman,POR,25,6-9,215,Maryland,USA,2016,2,47,71.0,7.6,3.1,0.7,2.0,4.1,11.5,15.6,59.4,5.6
220,Jakob Poeltl,SAS,23,7-0,230,Utah,Austria,2016,1,9,77.0,5.5,5.3,1.2,3.9,13.6,17.1,12.5,64.0,9.9
221,Jalen Brunson,DAL,22,6-3,190,Villanova,USA,2018,2,33,73.0,9.3,2.3,3.2,-2.8,1.5,8.7,18.6,54.9,22.3
222,Jalen Jones,CLE,26,6-7,220,Texas A&M,USA,2016,,,16.0,5.1,2.1,0.4,-6.7,5.0,11.3,16.2,54.8,5.0
223,Jamal Crawford,PHX,39,6-5,185,Michigan,USA,2000,1,8,64.0,7.9,1.3,3.6,-15.1,0.6,6.1,19.8,52.2,28.3
224,Jamal Murray,DEN,22,6-4,207,Kentucky,Canada,2016,1,7,75.0,18.2,4.2,4.8,4.8,2.6,10.1,24.1,53.8,22.0
225,James Ennis III,PHI,28,6-7,210,Cal State-Long Beach,USA,2013,2,50,58.0,6.7,3.1,0.7,0.7,4.8,9.9,12.5,59.0,4.7
226,James Harden,HOU,29,6-5,220,Arizona State,USA,2009,1,3,78.0,36.1,6.6,7.5,6.3,2.3,15.7,39.6,61.6,39.4
227,James Johnson,MIA,32,6-8,240,Wake Forest,USA,2009,1,16,55.0,7.8,3.2,2.5,-4.6,1.8,12.3,17.7,52.2,16.7
228,James Nunnally,HOU,28,6-7,208,Cal-Santa Barbara,USA,Undrafted,Undrafted,Undrafted,15.0,2.4,0.3,0.5,-11.0,0.0,5.3,15.3,50.3,9.7
229,Jared Dudley,BKN,33,6-7,237,Boston College,USA,2007,1,22,59.0,4.9,2.6,1.4,0.8,2.7,9.6,10.4,55.4,9.3
230,Jared Terrell,MIN,24,6-3,227,Rhode Island,USA,Undrafted,Undrafted,Undrafted,14.0,2.2,0.4,0.9,-12.3,0.8,4.4,19.7,37.2,18.2
231,Jarell Martin,ORL,25,6-10,239,Louisiana State,USA,2015,1,25,42.0,2.7,1.7,0.4,4.4,3.1,18.5,15.3,52.8,7.8
232,Jaren Jackson Jr.,MEM,19,6-11,242,Michigan State,USA,2018,1,4,58.0,13.8,4.7,1.1,-2.3,4.9,13.2,23.1,59.1,7.4
233,Jaron Blossomgame,CLE,25,6-8,220,Clemson,USA,2017,2,59,27.0,4.2,3.6,0.5,-6.0,5.5,16.2,12.0,51.0,4.3
234,Jarred Vanderbilt,DEN,20,6-9,214,Kentucky,USA,2018,2,41,17.0,1.4,1.4,0.2,4.5,8.4,20.5,17.9,51.3,6.4
235,Jarrett Allen,BKN,21,6-11,237,Texas,USA,2017,1,22,80.0,10.9,8.4,1.4,-2.4,8.8,20.8,15.8,63.2,7.6
236,Jason Smith,NOP,33,7-0,240,Colorado State,USA,2007,1,20,20.0,3.3,2.6,0.7,-12.1,7.7,17.4,16.9,49.2,11.2
237,Jawun Evans,OKC,22,6-0,190,Oklahoma State,USA,2017,2,39,8.0,0.8,1.5,1.3,-38.0,1.5,17.2,14.2,21.4,23.8
238,Jaylen Adams,ATL,23,6-2,190,St. Bonaventure,USA,Undrafted,Undrafted,Undrafted,34.0,3.2,1.8,1.9,-6.5,2.2,10.9,13.1,47.4,20.1
239,Jaylen Brown,BOS,22,6-7,220,California,USA,2016,1,3,74.0,13.0,4.2,1.4,2.4,3.2,12.2,21.5,54.7,7.9
240,Jaylen Morris,MIL,23,6-5,185,Molloy,USA,Undrafted,Undrafted,Undrafted,4.0,2.5,1.3,1.0,22.5,0.0,14.7,15.0,46.0,17.4
241,Jayson Tatum,BOS,21,6-8,208,Duke,USA,2017,1,3,79.0,15.7,6.0,2.1,6.8,2.8,15.7,21.8,54.7,9.8
242,Jeff Green,WAS,32,6-9,235,Georgetown,USA,2007,1,5,77.0,12.3,4.0,1.8,-1.9,2.7,11.7,17.4,60.8,9.3
243,Jeff Teague,MIN,31,6-2,195,Wake Forest,USA,2009,1,19,42.0,12.1,2.5,8.2,-0.1,1.2,6.7,18.6,52.8,36.6
244,Jemerrio Jones,LAL,24,6-5,174,New Mexico State,USA,2018,,,6.0,4.5,8.2,2.2,10.7,10.0,19.8,10.8,39.8,11.5
245,Jerami Grant,OKC,25,6-9,220,Syracuse,USA,2014,2,39,80.0,13.6,5.2,1.0,5.4,3.2,11.8,15.0,59.2,4.0
246,Jeremy Lamb,CHA,27,6-5,185,Connecticut,USA,2012,1,12,79.0,15.3,5.5,2.2,0.7,2.7,15.9,22.0,55.2,11.9
247,Jeremy Lin,TOR,30,6-3,200,Harvard,USA,Undrafted,Undrafted,Undrafted,74.0,9.6,2.4,3.1,-5.1,1.4,10.2,21.3,55.8,24.9
248,Jerian Grant,ORL,26,6-4,205,Notre Dame,USA,2015,1,19,60.0,4.2,1.6,2.6,-7.3,1.9,8.3,13.0,52.6,24.2
249,Jerome Robinson,LAC,22,6-5,190,Boston College,USA,2018,1,13,33.0,3.4,1.2,0.6,-3.4,0.9,10.9,15.9,49.1,8.0
250,Jerryd Bayless,MIN,30,6-3,200,Arizona,USA,2008,1,11,34.0,6.1,1.8,3.5,-12.4,1.5,8.0,17.2,43.1,26.2
251,Jevon Carter,MEM,23,6-2,196,West Virginia,USA,2018,2,32,39.0,4.4,1.7,1.8,-6.8,2.3,9.0,17.2,43.2,18.4
252,Jimmer Fredette,PHX,30,6-2,195,Brigham Young,USA,2011,1,10,6.0,3.7,1.2,1.3,-25.5,1.3,8.8,24.2,34.8,20.0
253,Jimmy Butler,PHI,29,6-8,232,Marquette,USA,2011,1,30,65.0,18.7,5.3,4.0,3.6,5.4,9.4,21.8,57.1,17.9
254,Joakim Noah,MEM,34,6-11,230,Florida,USA,2007,1,9,42.0,7.1,5.7,2.1,1.8,7.8,24.7,19.1,57.1,20.2
255,Jodie Meeks,TOR,31,6-4,210,Kentucky,USA,2009,2,41,8.0,6.4,1.5,1.0,5.8,1.0,9.3,16.9,64.7,9.6
256,Joe Chealey,CHA,23,6-3,190,College of Charleston,USA,2018,,,1.0,2.0,0.0,1.0,-25.8,0.0,0.0,17.6,33.3,25.0
257,Joe Harris,BKN,27,6-6,218,Virginia,USA,2014,2,33,76.0,13.7,3.8,2.4,-1.6,2.2,9.6,16.7,64.5,11.4
258,Joe Ingles,UTA,31,6-8,226,None,Australia,Undrafted,Undrafted,Undrafted,82.0,12.1,4.0,5.7,7.7,1.3,10.8,17.0,58.1,26.2
259,Joel Embiid,PHI,25,7-0,250,Kansas,Cameroon,2014,1,3,64.0,27.5,13.6,3.7,7.6,7.5,29.2,32.7,59.3,18.5
260,John Collins,ATL,21,6-10,235,Wake Forest,USA,2017,1,19,61.0,19.5,9.8,2.0,-1.4,11.2,19.6,23.0,62.7,10.2
261,John Henson,CLE,28,6-11,219,North Carolina,USA,2012,1,14,14.0,5.6,5.1,1.0,1.7,7.4,23.3,17.3,55.3,10.8
262,John Holland,CLE,30,6-5,205,Boston U.,USA,Undrafted,Undrafted,Undrafted,1.0,0.0,0.0,0.0,50.0,0.0,0.0,0.0,0.0,0.0
263,John Jenkins,NYK,28,6-4,215,Vanderbilt,USA,2012,1,23,26.0,4.7,1.4,0.8,-6.5,1.8,8.3,16.0,53.6,10.5
264,John Wall,WAS,28,6-4,210,Kentucky,USA,2010,1,1,32.0,20.7,3.6,8.7,-6.1,1.3,8.7,28.6,52.7,39.1
265,Johnathan Motley,LAC,24,6-10,230,Baylor,USA,Undrafted,Undrafted,Undrafted,22.0,4.6,2.3,0.5,-8.9,10.4,21.3,26.6,56.3,12.9
266,Johnathan Williams,LAL,24,6-9,228,Gonzaga,USA,Undrafted,Undrafted,Undrafted,24.0,6.5,4.1,0.5,7.6,11.6,13.0,15.8,59.9,5.1
267,Jon Leuer,DET,30,6-10,228,Wisconsin,USA,2011,2,40,41.0,3.8,2.4,0.3,-13.3,6.2,18.2,15.7,61.6,6.0
268,Jonah Bolden,PHI,23,6-10,220,UCLA,Australia,2017,2,36,44.0,4.7,3.8,0.9,-1.8,6.7,17.3,13.1,59.5,8.5
269,Jonas Jerebko,GSW,32,6-10,231,None,Sweden,2009,2,39,73.0,6.3,3.9,1.3,1.5,5.5,16.8,14.4,58.8,10.6
270,Jonas Valanciunas,MEM,27,7-0,265,None,Lithuania,2011,1,5,49.0,15.6,8.6,1.4,2.7,9.6,26.8,27.4,61.6,10.9
271,Jonathan Isaac,ORL,21,6-10,210,Florida State,USA,2017,1,6,75.0,9.6,5.5,1.1,1.0,4.8,15.2,16.0,53.7,5.5
272,Jonathon Simmons,PHI,29,6-6,195,Houston,USA,2012,0,0,56.0,6.5,2.3,2.3,-5.3,2.4,9.0,18.2,46.6,17.5
273,Jordan Bell,GSW,24,6-9,224,Oregon,USA,2017,2,38,68.0,3.3,2.7,1.1,-5.4,6.8,15.4,13.3,53.1,13.4
274,Jordan Clarkson,CLE,27,6-5,194,Missouri,USA,2014,2,46,81.0,16.8,3.3,2.4,-8.0,3.5,8.7,26.6,53.9,15.3
275,Jordan Loyd,TOR,25,6-4,210,Indianapolis,USA,Undrafted,Undrafted,Undrafted,12.0,2.4,0.8,0.5,-15.7,1.7,13.3,15.9,63.5,18.2
276,Jordan McRae,WAS,28,6-5,179,Tennessee,USA,2014,2,58,27.0,5.9,1.5,1.1,-3.3,1.7,9.5,19.1,55.0,13.1
277,Jordan Sibert,ATL,26,6-4,187,University of Dayton,USA,2015,,,1.0,3.0,0.0,0.0,-36.7,0.0,0.0,8.3,150.0,0.0
278,Jose Calderon,DET,37,6-3,200,None,Spain,Undrafted,Undrafted,Undrafted,49.0,2.3,1.2,2.3,-14.0,1.5,7.8,10.4,45.3,28.2
279,Josh Hart,LAL,24,6-5,215,Villanova,USA,2017,1,30,67.0,7.8,3.7,1.4,0.4,1.9,10.9,13.0,52.6,7.2
280,Josh Jackson,PHX,22,6-8,200,Kansas,USA,2017,1,4,79.0,11.5,4.4,2.3,-9.6,3.2,13.6,23.4,48.7,14.2
281,Josh Okogie,MIN,20,6-4,212,Georgia Tech,Nigeria,2018,1,20,74.0,7.7,2.9,1.2,-1.0,2.1,9.8,14.8,49.2,6.8
282,Josh Richardson,MIA,25,6-6,200,Tennessee,USA,2015,2,40,73.0,16.6,3.6,4.1,0.9,2.0,7.8,20.3,53.6,17.7
283,Jrue Holiday,NOP,29,6-4,205,UCLA,USA,2009,1,17,67.0,21.2,5.0,7.7,4.4,3.0,9.9,25.0,55.5,30.8
284,Juancho Hernangomez,DEN,23,6-9,230,None,Spain,2016,1,15,70.0,5.8,3.8,0.8,1.3,4.4,14.4,11.9,58.0,5.4
285,Julian Washburn,MEM,27,6-8,209,Texas-El Paso,USA,2015,,,18.0,2.2,2.3,0.8,-2.0,2.7,12.8,9.6,40.2,8.3
286,Julius Randle,NOP,24,6-9,250,Kentucky,USA,2014,1,7,73.0,21.4,8.7,3.1,-0.2,6.9,19.8,27.3,60.0,15.8
287,Justin Anderson,ATL,25,6-6,230,Virginia,USA,2015,1,21,48.0,3.7,1.8,0.5,-5.7,4.6,11.9,16.6,51.6,7.3
288,Justin Holiday,MEM,30,6-6,181,Washington,USA,Undrafted,Undrafted,Undrafted,82.0,10.5,3.9,1.8,-7.7,1.7,10.3,15.3,52.0,8.4
289,Justin Jackson,DAL,24,6-8,210,North Carolina,USA,2017,1,15,81.0,7.2,2.6,1.2,-0.9,2.5,9.6,14.1,56.1,8.1
290,Justin Patton,PHI,22,7-0,241,Creighton,USA,2017,1,16,3.0,1.7,2.0,1.0,-12.9,6.5,17.4,14.0,31.7,25.0
291,Justise Winslow,MIA,23,6-7,225,Duke,USA,2015,1,10,66.0,12.6,5.4,4.3,3.4,3.1,14.1,20.6,51.3,21.3
292,Jusuf Nurkic,POR,24,7-0,275,None,Bosnia and Herzegovina,2014,1,16,72.0,15.6,10.4,3.2,10.5,11.9,24.1,24.1,57.0,16.8
293,Kadeem Allen,NYK,26,6-3,200,Arizona,USA,2017,2,53,19.0,9.9,2.7,4.0,-4.3,1.9,10.0,19.5,57.4,27.7
294,Kalin Lucas,DET,30,6-1,195,Michigan State,USA,Undrafted,Undrafted,Undrafted,1.0,2.0,3.0,1.0,-25.0,0.0,50.0,15.4,53.2,50.0
295,Karl-Anthony Towns,MIN,23,7-0,248,Kentucky,USA,2015,1,1,77.0,24.4,12.4,3.4,0.9,9.7,25.7,28.0,62.2,16.9
296,Kawhi Leonard,TOR,28,6-7,230,San Diego State,USA,2011,1,15,60.0,26.6,7.3,3.3,7.9,3.9,16.5,30.0,60.6,15.9
297,Keita Bates-Diop,MIN,23,6-9,229,Ohio State,USA,2018,2,48,30.0,5.0,2.8,0.6,-5.1,2.9,12.9,14.0,48.9,4.7
298,Kelly Olynyk,MIA,28,7-0,240,Gonzaga,Canada,2013,1,13,79.0,10.0,4.7,1.8,1.9,3.8,16.0,17.5,61.0,11.3
299,Kelly Oubre Jr.,PHX,23,6-7,205,Kansas,USA,2015,1,15,69.0,15.2,4.7,1.2,-6.0,3.5,12.6,22.3,55.1,6.7
300,Kemba Walker,CHA,29,6-1,184,Connecticut,USA,2011,1,9,82.0,25.6,4.4,5.9,0.4,1.7,10.6,30.8,55.8,28.7
301,Kenneth Faried,HOU,29,6-8,220,Morehead State,USA,2011,1,22,37.0,10.4,6.8,0.5,4.1,12.3,21.0,19.4,62.2,4.3
302,Kenrich Williams,NOP,24,6-7,210,TCU,USA,Undrafted,Undrafted,Undrafted,46.0,6.1,4.8,1.8,-3.8,4.6,14.5,11.9,48.5,9.4
303,Kent Bazemore,ATL,29,6-5,201,Old Dominion,USA,Undrafted,Undrafted,Undrafted,67.0,11.6,3.9,2.3,-7.7,2.0,12.6,21.5,50.7,14.4
304,Kentavious Caldwell-Pope,LAL,26,6-5,205,Georgia,USA,2013,1,8,82.0,11.4,2.9,1.3,-3.7,2.2,8.8,17.5,56.8,7.7
305,Kevin Durant,GSW,30,6-9,240,Texas,USA,2007,1,2,78.0,26.0,6.4,5.9,11.4,1.3,15.3,28.3,63.1,25.1
306,Kevin Huerter,ATL,20,6-7,190,Maryland,USA,2018,1,19,75.0,9.7,3.3,2.9,-2.2,2.7,8.7,15.3,53.3,13.9
307,Kevin Knox II,NYK,19,6-9,215,Kentucky,USA,2018,1,9,75.0,12.8,4.5,1.1,-13.7,2.5,12.0,21.9,47.5,6.0
308,Kevin Love,CLE,30,6-10,251,UCLA,USA,2008,1,5,22.0,17.0,10.9,2.2,-4.2,5.1,34.4,25.9,56.1,12.5
309,Kevon Looney,GSW,23,6-9,220,UCLA,USA,2015,1,30,80.0,6.3,5.2,1.5,10.3,12.6,13.3,12.2,63.6,10.6
310,Khem Birch,ORL,26,6-9,233,UNLV,Canada,Undrafted,Undrafted,Undrafted,50.0,4.8,3.8,0.8,3.2,11.2,16.6,13.6,64.0,8.7
311,Khris Middleton,MIL,27,6-8,222,Texas A&M,USA,2012,2,39,77.0,18.3,6.0,4.3,10.5,2.1,14.9,24.6,55.8,19.4
312,Khyri Thomas,DET,23,6-3,210,Creighton,USA,2018,2,38,26.0,2.3,0.8,0.3,-8.0,1.7,8.2,15.8,41.3,6.7
313,Klay Thompson,GSW,29,6-7,215,Washington State,USA,2011,1,11,78.0,21.5,3.8,2.4,6.5,1.5,8.9,25.4,57.1,10.3
314,Kobi Simmons,CLE,21,6-4,170,Arizona,USA,Undrafted,Undrafted,Undrafted,1.0,0.0,0.0,0.0,66.7,0.0,0.0,0.0,0.0,0.0
315,Kosta Koufos,SAC,30,7-0,245,Ohio State,USA,2008,1,23,42.0,3.7,4.2,0.9,-1.3,8.8,22.9,15.0,47.7,9.9
316,Kostas Antetokounmpo,DAL,21,6-10,200,University of Dayton,Greece,2018,2,60,2.0,1.0,0.5,0.0,17.6,0.0,11.1,24.0,21.0,0.0
317,Kris Dunn,CHI,25,6-4,205,Providence,USA,2016,1,5,46.0,11.3,4.1,6.0,-7.6,1.3,11.9,19.8,48.4,29.0
318,Kyle Anderson,MEM,25,6-9,230,UCLA,USA,2014,1,30,43.0,8.0,5.8,3.0,-2.1,3.8,16.1,12.7,56.9,15.5
319,Kyle Korver,UTA,38,6-7,212,Creighton,USA,2003,2,51,70.0,8.6,2.3,1.2,3.6,0.6,10.5,17.4,58.2,8.8
320,Kyle Kuzma,LAL,23,6-9,220,Utah,USA,2017,1,27,70.0,18.7,5.5,2.5,-1.3,2.5,12.7,23.3,54.6,11.3
321,Kyle Lowry,TOR,33,6-1,196,Villanova,USA,2006,1,24,65.0,14.2,4.8,8.7,10.7,1.9,11.4,19.1,56.2,32.9
322,Kyle O'Quinn,IND,29,6-10,250,Norfolk State,USA,2012,2,49,45.0,3.5,2.6,1.2,-0.3,7.8,21.6,19.6,53.7,20.4
323,Kyrie Irving,BOS,27,6-3,193,Duke,Australia,2011,1,1,67.0,23.8,5.0,6.9,6.2,3.1,11.3,28.6,59.2,33.0
324,LaMarcus Aldridge,SAS,33,6-11,260,Texas-Austin,USA,2006,1,2,81.0,21.3,9.2,2.4,1.5,9.6,18.0,26.8,57.6,11.5
325,Lance Stephenson,LAL,28,6-6,230,Cincinnati,USA,2010,2,40,68.0,7.2,3.2,2.1,-4.5,2.6,15.0,19.7,52.9,17.5
326,Lance Thomas,NYK,31,6-8,240,Duke,USA,Undrafted,Undrafted,Undrafted,46.0,4.5,2.5,0.6,-10.9,2.3,11.5,12.7,48.2,5.1
327,Landry Shamet,LAC,22,6-5,188,Wichita State,USA,2018,1,26,79.0,9.1,1.7,1.5,1.7,1.1,6.0,14.5,60.4,9.0
328,Langston Galloway,DET,27,6-2,200,St. Joseph's (PA),USA,Undrafted,Undrafted,Undrafted,80.0,8.4,2.1,1.1,0.1,2.5,7.0,15.3,53.4,7.2
329,Larry Nance Jr.,CLE,26,6-9,230,Wyoming,USA,2015,1,27,67.0,9.4,8.2,3.2,-8.8,9.0,22.4,15.2,58.3,17.9
330,Lauri Markkanen,CHI,22,7-0,240,Arizona,Finland,2017,1,7,52.0,18.7,9.0,1.4,-5.5,4.3,23.4,24.5,55.3,7.0
331,LeBron James,LAL,34,6-8,250,None,USA,2003,1,1,55.0,27.4,8.5,8.3,2.0,2.9,19.3,31.1,58.8,37.6
332,Lonnie Walker IV,SAS,20,6-5,205,Miami,USA,2018,1,18,17.0,2.6,1.0,0.5,-24.3,0.0,12.2,19.6,44.6,14.3
333,Lonzo Ball,LAL,21,6-6,190,UCLA,USA,2017,1,2,47.0,9.9,5.3,5.4,-0.7,3.6,12.4,16.7,48.7,23.6
334,Lorenzo Brown,TOR,28,6-5,189,North Carolina State,USA,2013,2,52,26.0,2.1,1.2,1.1,-7.0,2.1,11.0,16.7,38.0,19.9
335,Lou Williams,LAC,32,6-1,175,None,USA,2005,2,45,75.0,20.0,3.0,5.4,3.9,1.9,8.1,30.8,55.4,31.8
336,Luc Mbah a Moute,LAC,32,6-8,230,UCLA,Cameroon,2008,2,37,4.0,5.0,1.8,0.5,7.8,3.4,6.5,14.1,49.5,4.5
337,Luka Doncic,DAL,20,6-7,218,None,Slovenia,2018,1,3,72.0,21.2,7.8,6.0,-3.1,3.6,19.8,29.6,54.5,31.7
338,Luke Kennard,DET,23,6-5,206,Duke,USA,2017,1,12,63.0,9.7,2.9,1.8,0.3,0.8,12.1,17.9,56.0,12.2
339,Luke Kornet,NYK,23,7-1,250,Vanderbilt,USA,Undrafted,Undrafted,Undrafted,46.0,7.0,2.9,1.2,-3.5,3.3,12.3,17.8,53.1,10.8
340,Luol Deng,MIN,34,6-9,237,Duke,United Kingdom,2004,1,7,22.0,7.1,3.3,0.8,10.0,4.9,12.5,15.5,58.8,6.2
341,Malachi Richardson,TOR,23,6-6,205,Syracuse,USA,2016,1,22,22.0,1.4,0.6,0.0,-4.6,1.6,8.7,14.2,48.1,0.0
342,Malcolm Brogdon,MIL,26,6-5,229,Virginia,USA,2016,2,36,64.0,15.6,4.5,3.2,10.7,3.5,10.7,20.2,61.4,15.7
343,Malcolm Miller,TOR,26,6-7,210,Holy Cross,USA,Undrafted,Undrafted,Undrafted,10.0,3.5,0.5,0.1,-4.7,1.5,4.8,18.0,63.0,2.4
344,Malik Beasley,DEN,22,6-5,195,Florida State,USA,2016,1,19,81.0,11.3,2.5,1.2,3.9,1.8,8.5,18.1,59.9,7.4
345,Malik Monk,CHA,21,6-3,200,Kentucky,USA,2017,1,11,73.0,8.9,1.9,1.6,-2.7,1.2,9.5,23.6,51.8,14.3
346,MarShon Brooks,MEM,30,6-5,200,Providence,USA,2011,1,25,29.0,6.6,1.6,0.9,-2.8,3.0,8.9,23.3,51.8,11.2
347,Marc Gasol,TOR,34,7-1,255,None,Spain,2007,2,48,79.0,13.6,7.9,4.4,3.5,3.4,22.7,21.0,54.6,22.2
348,Marcin Gortat,LAC,35,6-11,240,None,Poland,2005,2,57,47.0,5.0,5.6,1.4,-6.5,8.9,25.3,14.8,56.2,12.3
349,Marco Belinelli,SAS,33,6-5,210,None,Italy,2007,1,18,79.0,10.5,2.5,1.7,0.8,0.9,9.3,18.7,55.7,10.2
350,Marcus Derrickson,GSW,23,6-7,249,Georgetown,USA,Undrafted,Undrafted,Undrafted,11.0,4.2,1.2,0.1,-7.9,10.4,6.3,23.3,65.3,2.6
351,Marcus Morris Sr.,BOS,29,6-9,235,Kansas,USA,2011,1,14,75.0,13.9,6.1,1.5,1.4,3.5,17.6,20.3,56.8,7.3
352,Marcus Smart,BOS,25,6-4,220,Oklahoma State,USA,2014,1,6,80.0,8.9,2.9,4.0,3.8,2.5,7.7,14.4,56.8,19.0
353,Mario Hezonja,NYK,24,6-8,225,None,Croatia,2015,1,5,58.0,8.8,4.1,1.5,-10.0,2.1,16.8,20.8,49.7,11.6
354,Markelle Fultz,ORL,21,6-4,200,Washington,USA,2017,1,1,19.0,8.2,3.7,3.1,-0.4,5.6,8.8,18.9,45.2,21.2
355,Markieff Morris,OKC,29,6-10,245,Kansas,USA,2011,1,13,58.0,9.4,4.6,1.4,-5.9,4.5,16.1,19.1,52.1,9.2
356,Marquese Chriss,CLE,21,6-10,240,Washington,USA,2016,1,8,43.0,4.2,3.3,0.5,-17.2,7.2,21.6,19.6,45.5,6.9
357,Marvin Bagley III,SAC,20,6-11,234,Duke,USA,2018,1,2,62.0,14.9,7.6,1.0,-3.2,9.2,18.0,23.7,56.2,6.0
358,Marvin Williams,CHA,33,6-9,237,North Carolina,USA,2005,1,2,75.0,10.1,5.4,1.2,-0.4,3.3,15.2,14.7,54.8,6.1
359,Mason Plumlee,DEN,29,6-11,235,Duke,USA,2013,1,22,82.0,7.8,6.4,3.0,3.2,9.1,19.8,15.9,60.2,19.9
360,Matthew Dellavedova,CLE,28,6-4,200,St. Mary's,Australia,Undrafted,Undrafted,Undrafted,48.0,5.9,1.6,3.8,-3.7,0.7,8.1,17.3,53.2,32.9
361,Maurice Harkless,POR,26,6-9,220,"St. John's, N.Y.",USA,2012,1,15,60.0,7.7,4.5,1.2,7.9,5.2,12.8,13.5,54.7,6.8
362,Maxi Kleber,DAL,27,6-11,240,None,Germany,Undrafted,Undrafted,Undrafted,71.0,6.8,4.6,1.0,2.7,5.7,14.9,13.2,57.9,6.8
363,Melvin Frazier Jr.,ORL,22,6-6,200,Tulane,USA,2018,2,35,10.0,1.5,0.5,0.1,-13.5,5.3,4.5,20.5,33.0,3.2
364,Meyers Leonard,POR,27,7-1,255,Illinois,USA,2012,1,11,61.0,5.9,3.8,1.2,-3.7,5.5,20.6,14.9,67.5,12.3
365,Michael Beasley,LAL,30,6-9,235,Kansas State,USA,2008,1,2,26.0,7.0,2.3,1.0,-6.0,4.4,15.3,28.8,53.2,14.9
366,Michael Carter-Williams,ORL,27,6-6,190,Syracuse,USA,2013,1,11,28.0,4.8,2.5,2.5,0.2,4.3,14.3,17.6,45.8,26.2
367,Michael Kidd-Gilchrist,CHA,25,6-7,232,Kentucky,USA,2012,1,2,64.0,6.7,3.8,1.0,-0.9,6.9,12.9,15.3,55.3,7.7
368,Mikal Bridges,PHX,22,6-7,210,Villanova,USA,2018,1,10,82.0,8.3,3.2,2.1,-6.8,2.3,8.5,11.9,55.6,9.7
369,Mike Conley,MEM,31,6-1,175,Ohio State,USA,2007,1,4,70.0,21.1,3.4,6.4,0.7,1.7,8.8,26.2,56.9,32.7
370,Mike Muscala,LAL,27,6-11,240,Bucknell,USA,2013,2,44,64.0,7.0,3.8,1.2,1.0,4.1,13.3,13.8,56.4,8.1
371,Mike Scott,PHI,30,6-8,237,Virginia,USA,2012,2,43,79.0,5.8,3.5,0.8,1.8,2.9,14.7,13.9,52.8,6.4
372,Miles Bridges,CHA,21,6-7,225,Michigan State,USA,2018,1,12,80.0,7.5,4.0,1.2,-3.7,3.7,14.8,14.7,54.8,8.1
373,Miles Plumlee,ATL,30,6-11,249,Duke,USA,2012,1,26,18.0,4.4,2.2,0.9,-10.2,8.5,14.1,16.6,65.4,15.5
374,Milos Teodosic,LAC,32,6-5,196,None,Serbia,Undrafted,Undrafted,Undrafted,15.0,3.2,1.1,2.1,5.4,2.1,8.4,17.1,55.7,26.0
375,Mitchell Creek,MIN,27,6-6,225,None,Australia,Undrafted,Undrafted,Undrafted,5.0,4.2,2.4,1.2,8.9,10.9,10.5,16.9,55.0,18.8
376,Mitchell Robinson,NYK,21,7-1,240,Western Kentucky,USA,2018,2,36,66.0,7.3,6.4,0.6,-6.2,12.2,16.6,11.9,69.2,4.2
377,Mo Bamba,ORL,21,7-0,221,Texas,USA,2018,1,6,47.0,6.2,5.0,0.8,-14.9,7.4,21.3,17.4,53.9,8.6
378,Monte Morris,DEN,24,6-3,175,Iowa State,USA,2017,2,51,82.0,10.4,2.4,3.6,4.3,1.7,7.8,16.8,57.7,22.1
379,Montrezl Harrell,LAC,25,6-8,240,Louisville,USA,2015,2,32,82.0,16.6,6.5,2.0,1.9,8.5,14.6,22.7,63.6,12.3
380,Moritz Wagner,LAL,22,6-11,245,Michigan,Germany,2018,1,25,43.0,4.8,2.0,0.6,-9.8,3.5,14.2,21.0,53.3,8.4
381,Myles Turner,IND,23,6-11,250,Texas,USA,2015,1,11,74.0,13.3,7.2,1.6,2.8,4.8,19.5,19.9,56.7,8.3
382,Naz Mitrou-Long,UTA,25,6-4,218,Iowa State,Canada,Undrafted,Undrafted,Undrafted,14.0,1.1,0.4,1.1,-21.2,1.1,5.7,13.9,38.3,25.0
383,Nemanja Bjelica,SAC,31,6-10,234,None,Serbia,2010,2,35,77.0,9.6,5.8,1.9,2.7,6.5,17.1,16.2,58.5,10.7
384,Nene,HOU,36,6-11,250,None,Brazil,2002,1,7,42.0,3.6,2.9,0.6,9.2,5.8,15.2,11.4,55.2,7.0
385,Nerlens Noel,OKC,25,6-11,220,Kentucky,USA,2013,1,6,77.0,4.9,4.2,0.6,-2.6,10.5,17.6,13.7,60.8,6.7
386,Nick Young,DEN,34,6-7,210,Southern California,USA,2007,1,16,4.0,2.3,0.3,0.5,-5.1,0.0,2.6,12.6,50.0,7.7
387,Nicolas Batum,CHA,30,6-8,200,None,France,2008,1,25,75.0,9.3,5.2,3.3,-0.5,2.8,13.1,12.9,58.1,14.5
388,Nik Stauskas,CLE,25,6-6,205,Michigan,Canada,2014,1,8,68.0,5.9,1.9,1.2,-12.9,1.6,10.4,17.1,54.5,12.3
389,Nikola Jokic,DEN,24,7-0,250,None,Serbia,2014,2,41,80.0,20.1,10.8,7.3,5.8,8.9,24.9,27.1,58.9,36.1
390,Nikola Mirotic,MIL,28,6-10,250,None,Montenegro,2011,1,23,46.0,15.2,7.4,1.2,3.7,4.5,19.8,20.6,58.4,6.1
391,Nikola Vucevic,ORL,28,7-0,260,Southern California,Montenegro,2011,1,16,80.0,20.8,12.0,3.8,4.0,8.8,28.6,27.6,57.3,20.8
392,Noah Vonleh,NYK,23,6-9,250,Indiana,USA,2014,1,9,68.0,8.4,7.8,1.9,-7.7,6.0,23.4,14.4,56.1,10.8
393,Norman Powell,TOR,26,6-4,215,UCLA,USA,2015,2,46,60.0,8.6,2.3,1.5,0.3,1.3,10.2,18.2,59.6,11.9
394,O.G. Anunoby,TOR,21,6-8,232,Indiana,United Kingdom,2017,1,23,67.0,7.0,2.9,0.7,-1.7,4.0,10.0,14.8,54.4,5.0
395,Okaro White,WAS,26,6-8,205,Florida State,USA,Undrafted,Undrafted,Undrafted,3.0,0.0,0.7,0.0,-26.2,9.1,14.3,10.5,0.0,0.0
396,Omari Spellman,ATL,21,6-9,245,Villanova,USA,2018,1,30,46.0,5.9,4.2,1.0,-10.3,8.0,14.4,14.6,51.6,8.5
397,Omri Casspi,MEM,31,6-9,225,None,Israel,2009,1,23,36.0,6.3,3.2,0.7,1.1,3.3,18.4,17.0,60.6,7.7
398,Otto Porter Jr.,CHI,26,6-8,198,Georgetown,USA,2013,1,3,56.0,13.9,5.6,2.1,-0.4,3.1,15.3,18.5,56.9,10.0
399,P.J. Tucker,HOU,34,6-6,245,Texas,USA,2006,2,35,82.0,7.3,5.8,1.2,4.5,4.1,12.9,9.4,54.7,4.7
400,PJ Dozier,BOS,22,6-6,205,South Carolina,USA,Undrafted,Undrafted,Undrafted,6.0,3.2,2.8,0.8,22.5,10.2,17.2,17.3,43.4,12.5
401,Pascal Siakam,TOR,25,6-9,230,New Mexico State,Cameroon,2016,1,27,80.0,16.9,6.9,3.1,10.6,5.0,15.4,20.5,62.8,14.1
402,Pat Connaughton,MIL,26,6-4,209,Notre Dame,USA,2015,2,41,61.0,6.9,4.2,2.0,5.0,4.6,13.5,13.0,57.3,12.8
403,Patrick Beverley,LAC,30,6-1,185,Arkansas,USA,2009,2,42,78.0,7.6,5.0,3.8,4.0,3.5,13.5,12.0,56.1,18.3
404,Patrick McCaw,TOR,23,6-7,185,UNLV,USA,2016,2,38,29.0,2.6,1.7,1.0,-6.4,1.7,10.5,9.3,53.2,9.9
405,Patrick Patterson,OKC,30,6-9,230,Kentucky,USA,2010,1,14,63.0,3.6,2.3,0.5,-5.7,4.3,11.4,11.8,49.3,4.9
406,Patty Mills,SAS,30,6-0,180,St. Mary's,Australia,2009,2,55,82.0,9.9,2.2,3.0,4.5,1.2,7.6,17.5,57.2,17.4
407,Pau Gasol,MIL,38,7-0,250,None,Spain,2001,1,3,30.0,3.9,4.6,1.7,-6.2,5.8,30.4,15.1,52.9,20.9
408,Paul George,OKC,29,6-9,220,Fresno State,USA,2010,1,10,77.0,28.0,8.2,4.1,8.2,3.3,17.3,28.5,58.3,17.3
409,Paul Millsap,DEN,34,6-8,246,Louisiana Tech,USA,2006,2,47,70.0,12.6,7.2,2.0,8.6,7.8,18.2,19.1,57.0,10.4
410,Quincy Acy,PHX,28,6-7,240,Baylor,USA,2012,2,37,10.0,1.7,2.5,0.8,2.8,2.2,15.3,8.8,37.9,8.8
411,Quincy Pondexter,SAS,31,6-7,230,Washington,USA,2010,1,26,53.0,1.8,0.9,0.5,-2.2,2.8,12.3,12.9,64.1,12.1
412,Quinn Cook,GSW,26,6-2,179,Duke,USA,Undrafted,Undrafted,Undrafted,74.0,6.9,2.1,1.6,-6.3,2.1,12.3,20.0,56.5,16.7
413,RJ Hunter,BOS,25,6-5,185,Georgia State,USA,2015,1,28,1.0,17.0,3.0,3.0,52.8,3.7,5.0,22.6,61.2,15.0
414,Rajon Rondo,LAL,33,6-1,186,Kentucky,USA,2006,1,21,46.0,9.2,5.3,8.0,-8.6,2.3,14.2,17.2,47.3,36.0
415,Raul Neto,UTA,27,6-1,179,None,Brazil,2013,2,47,37.0,5.3,1.7,2.5,17.5,1.4,10.5,18.4,55.8,25.1
416,Rawle Alkins,CHI,21,6-5,225,Arizona,USA,Undrafted,Undrafted,Undrafted,10.0,3.7,2.6,1.3,-5.5,7.7,12.0,17.3,41.8,13.7
417,Ray Spalding,PHX,22,6-10,215,Louisville,USA,2018,2,56,14.0,3.9,3.4,0.4,-6.8,9.1,19.0,16.4,51.6,5.2
418,Raymond Felton,OKC,35,6-1,205,North Carolina,USA,2005,1,5,33.0,4.3,1.0,1.6,2.6,0.9,7.4,16.5,50.5,20.9
419,Reggie Bullock,LAL,28,6-7,205,North Carolina,USA,2013,1,25,63.0,11.3,2.7,2.0,-1.3,1.1,8.2,15.4,56.3,9.6
420,Reggie Jackson,DET,29,6-3,208,Boston College,USA,2011,1,24,82.0,15.4,2.6,4.2,0.5,1.9,7.6,23.7,54.7,24.1
421,Richaun Holmes,PHX,25,6-10,235,Bowling Green,USA,2015,2,37,70.0,8.2,4.7,0.9,-5.4,9.5,17.3,17.4,64.7,8.2
422,Ricky Rubio,UTA,28,6-4,190,None,Spain,2009,1,5,68.0,12.7,3.6,6.1,6.3,1.7,10.7,22.1,52.0,31.3
423,Robert Covington,MIN,28,6-9,225,Tennessee State,USA,Undrafted,Undrafted,Undrafted,35.0,13.3,5.5,1.3,2.3,2.2,12.7,15.4,58.0,5.5
424,Robert Williams III,BOS,21,6-10,240,Texas A&M,USA,2018,1,27,32.0,2.5,2.5,0.2,-5.9,8.6,16.4,10.1,70.3,4.0
425,Robin Lopez,CHI,31,7-0,275,Stanford,USA,2008,1,15,74.0,9.5,3.9,1.2,-4.4,8.5,8.5,18.3,59.8,8.4
426,Rodions Kurucs,BKN,21,6-9,210,None,Latvia,2018,2,40,63.0,8.5,3.9,0.8,-0.4,4.0,13.1,17.5,54.5,5.7
427,Rodney Hood,POR,26,6-8,206,Duke,USA,2014,1,23,72.0,11.2,2.2,1.8,-7.4,1.2,7.1,17.8,54.5,10.1
428,Rodney McGruder,LAC,27,6-4,200,Kansas State,USA,Undrafted,Undrafted,Undrafted,66.0,7.6,3.6,1.7,-1.4,3.5,10.6,14.7,51.0,10.3
429,Ron Baker,WAS,26,6-4,220,Wichita State,USA,Undrafted,Undrafted,Undrafted,15.0,0.9,0.7,1.0,-5.2,0.6,6.9,7.5,30.9,13.9
430,Rondae Hollis-Jefferson,BKN,24,6-7,217,Arizona,USA,2015,1,23,59.0,8.9,5.3,1.6,0.7,6.0,17.0,21.0,46.4,11.9
431,Royce O'Neale,UTA,26,6-6,226,Baylor,USA,Undrafted,Undrafted,Undrafted,82.0,5.2,3.5,1.5,4.8,1.3,14.6,10.8,58.9,10.2
432,Rudy Gay,SAS,32,6-8,230,Connecticut,USA,2006,1,8,69.0,13.7,6.8,2.6,4.1,3.4,20.9,21.6,58.3,14.5
433,Rudy Gobert,UTA,27,7-1,245,None,France,2013,1,27,81.0,15.9,12.9,2.0,6.9,11.7,27.0,17.5,68.2,9.5
434,Russell Westbrook,OKC,30,6-3,200,UCLA,USA,2008,1,4,73.0,22.9,11.1,10.7,5.0,3.6,25.5,30.1,50.1,44.0
435,Ryan Anderson,MIA,31,6-10,240,California,USA,2008,1,21,25.0,2.5,2.2,0.8,-12.8,5.5,11.2,12.0,41.4,8.8
436,Ryan Arcidiacono,CHI,25,6-3,200,Villanova,USA,Undrafted,Undrafted,Undrafted,81.0,6.7,2.7,3.3,-5.8,1.3,9.6,11.7,58.8,19.1
437,Ryan Broekhoff,DAL,28,6-7,215,Valparaiso,Australia,Undrafted,Undrafted,Undrafted,42.0,4.0,1.5,0.5,8.3,1.7,11.3,14.0,62.1,6.9
438,Salah Mejri,DAL,33,7-2,235,None,Tunisia,Undrafted,Undrafted,Undrafted,36.0,3.9,3.6,1.0,-4.4,8.1,21.6,15.3,55.9,13.7
439,Sam Dekker,WAS,25,6-9,230,Wisconsin,USA,2015,1,18,47.0,6.1,3.1,1.0,-5.3,6.4,12.3,15.7,51.9,8.1
440,Scott Machado,LAL,29,6-1,205,Iona,USA,Undrafted,Undrafted,Undrafted,4.0,2.5,0.0,0.8,0.0,0.0,0.0,13.0,77.6,21.4
441,Semi Ojeleye,BOS,24,6-7,241,Southern Methodist,USA,2017,2,37,56.0,3.3,1.5,0.4,6.0,3.8,9.3,13.7,53.1,5.4
442,Serge Ibaka,TOR,29,6-10,235,None,Republic of the Congo,2008,1,24,74.0,15.0,8.1,1.3,6.1,7.8,20.4,22.7,58.2,7.6
443,Seth Curry,POR,28,6-2,185,Duke,USA,Undrafted,Undrafted,Undrafted,74.0,7.9,1.6,0.9,4.3,1.9,6.2,16.4,59.5,6.8
444,Shabazz Napier,BKN,27,6-1,180,Connecticut,USA,2014,1,24,56.0,9.4,1.8,2.6,1.3,1.7,7.9,23.4,53.4,23.5
445,Shai Gilgeous-Alexander,LAC,20,6-6,181,Kentucky,Canada,2018,1,11,82.0,10.8,2.8,3.3,-2.0,2.6,7.8,18.2,55.4,17.9
446,Shake Milton,PHI,22,6-6,207,Southern Methodist,USA,2018,2,54,20.0,4.4,1.8,0.9,-1.1,3.1,9.6,14.7,48.3,8.6
447,Shaquille Harrison,CHI,25,6-4,190,Tulsa,USA,Undrafted,Undrafted,Undrafted,73.0,6.5,3.0,1.9,-10.2,2.2,13.2,16.0,49.4,14.2
448,Shaun Livingston,GSW,33,6-7,192,None,USA,2004,1,4,64.0,4.0,1.8,1.8,3.2,4.3,7.1,11.8,55.5,15.4
449,Shelvin Mack,CHA,29,6-3,203,Butler,USA,2011,2,34,57.0,7.5,1.8,3.2,-9.1,1.4,6.9,17.9,48.9,24.1
450,Sindarius Thornwell,LAC,24,6-5,215,South Carolina,USA,2017,2,48,64.0,1.0,0.7,0.3,-0.8,1.5,10.8,10.5,48.5,7.9
451,Skal Labissiere,POR,23,6-11,235,Kentucky,Haiti,2016,1,28,22.0,3.0,2.0,0.5,-8.3,5.1,18.5,15.4,59.3,7.8
452,Solomon Hill,NOP,28,6-7,225,Arizona,USA,2013,1,23,44.0,4.3,3.0,1.3,-6.5,3.6,10.2,10.4,49.7,8.0
453,Spencer Dinwiddie,BKN,26,6-6,210,Colorado,USA,2014,2,38,68.0,16.8,2.4,4.6,-2.7,1.3,6.9,24.2,58.0,27.2
454,Stanley Johnson,NOP,23,6-7,245,Arizona,USA,2015,1,8,66.0,6.9,3.3,1.3,-7.9,2.5,14.2,18.6,48.5,11.8
455,Stephen Curry,GSW,31,6-3,190,Davidson,USA,2009,1,7,69.0,27.3,5.3,5.2,13.7,2.0,12.2,29.2,64.1,22.5
456,Sterling Brown,MIL,24,6-6,232,Southern Methodist,USA,2017,2,46,58.0,6.4,3.2,1.4,0.2,2.6,13.0,14.9,56.3,11.5
457,Steven Adams,OKC,25,7-0,265,Pittsburgh,New Zealand,2013,1,12,80.0,13.9,9.5,1.6,6.7,12.9,13.3,16.0,59.1,6.3
458,Svi Mykhailiuk,DET,22,6-8,205,Kansas,Ukraine,2018,2,47,42.0,3.2,0.9,0.9,-0.5,1.9,5.5,15.7,44.7,11.0
459,T.J. Leaf,IND,22,6-10,225,UCLA,USA,2017,1,18,58.0,3.9,2.2,0.4,3.6,7.7,14.5,15.8,57.2,6.3
460,T.J. McConnell,PHI,27,6-2,190,Arizona,USA,2015,0,,76.0,6.4,2.3,3.4,-0.7,1.8,9.4,14.8,55.5,24.9
461,T.J. Warren,PHX,25,6-8,215,North Carolina State,USA,2014,1,14,43.0,18.0,4.0,1.5,-7.7,2.2,10.8,22.1,58.0,7.3
462,Tahjere McCall,BKN,24,6-5,190,Tennessee State,USA,2017,0,,1.0,4.0,1.0,0.0,63.9,0.0,20.0,13.6,58.1,0.0
463,Taj Gibson,MIN,34,6-9,232,Southern California,USA,2009,1,26,70.0,10.8,6.5,1.2,-2.1,9.5,16.1,16.7,61.2,7.2
464,Taurean Prince,ATL,25,6-8,220,Baylor,USA,2016,1,12,55.0,13.5,3.6,2.1,-6.9,1.3,11.0,19.0,57.5,10.7
465,Terrance Ferguson,OKC,21,6-7,190,None,USA,2017,1,21,74.0,6.9,1.9,1.0,3.9,1.5,5.5,10.4,56.6,4.6
466,Terrence Jones,HOU,27,6-9,252,Kentucky,USA,2012,1,18,2.0,1.0,2.0,0.0,-95.6,0.0,57.1,33.3,22.5,0.0
467,Terrence Ross,ORL,28,6-7,206,Washington,USA,2012,1,8,81.0,15.1,3.5,1.7,-0.5,1.2,11.3,23.0,56.1,10.3
468,Terry Rozier,BOS,25,6-1,190,Louisville,USA,2015,1,16,79.0,9.0,3.9,2.9,-1.1,1.6,14.5,18.1,50.1,19.3
469,Thabo Sefolosha,UTA,35,6-7,220,None,Switzerland,2006,1,13,50.0,3.8,2.5,0.5,8.8,1.4,18.1,12.9,59.9,5.9
470,Thaddeus Young,IND,31,6-8,221,Georgia Tech,USA,2007,1,12,81.0,12.6,6.5,2.5,2.5,7.8,13.2,17.9,56.9,12.0
471,Theo Pinson,BKN,23,6-6,218,North Carolina,USA,Undrafted,Undrafted,Undrafted,18.0,4.5,2.0,1.2,-0.6,1.5,12.6,19.1,49.0,16.7
472,Thomas Bryant,WAS,21,6-11,248,Indiana,USA,2017,2,42,72.0,10.5,6.3,1.3,-3.6,7.2,21.9,17.0,67.4,9.0
473,Thomas Welsh,DEN,23,7-0,255,UCLA,USA,2018,2,58,11.0,1.6,0.4,0.5,2.3,0.0,11.4,15.3,64.8,20.0
474,Thon Maker,DET,22,7-1,221,None,South Sudan,2016,1,10,64.0,5.0,3.2,0.7,0.9,3.9,14.9,14.8,53.0,6.6
475,Tim Frazier,MIL,28,6-1,170,Penn State,USA,Undrafted,Undrafted,Undrafted,59.0,5.3,2.8,4.2,-2.7,3.5,10.6,13.2,54.4,28.6
476,Tim Hardaway Jr.,DAL,27,6-6,205,Michigan,USA,2013,1,24,65.0,18.1,3.4,2.4,-9.1,1.5,9.0,24.6,52.7,12.5
477,Timothe Luwawu-Cabarrot,CHI,24,6-6,210,None,France,2016,1,24,50.0,4.6,1.9,0.5,-14.4,1.5,12.5,15.6,48.9,5.7
478,Tobias Harris,PHI,26,6-9,235,Tennessee,USA,2011,1,19,82.0,20.0,7.9,2.8,0.4,2.4,18.8,22.5,59.2,12.6
479,Tomas Satoransky,WAS,27,6-7,210,None,Czech Republic,2012,2,32,80.0,8.9,3.5,5.0,-0.4,3.6,9.0,13.9,59.0,24.8
480,Tony Bradley,UTA,21,6-10,248,North Carolina,USA,2017,1,28,3.0,5.7,5.0,0.3,-18.9,19.6,18.8,20.0,50.4,4.2
481,Tony Parker,CHA,37,6-2,185,None,France,2001,1,28,56.0,9.5,1.5,3.7,-0.1,1.3,6.7,24.7,51.2,33.1
482,Tony Snell,MIL,27,6-7,213,New Mexico,USA,2013,1,20,74.0,6.0,2.1,0.9,6.6,2.1,8.6,12.7,58.5,6.9
483,Torrey Craig,DEN,28,6-7,215,South Carolina Upstate,USA,Undrafted,Undrafted,Undrafted,75.0,5.7,3.5,1.0,3.3,5.7,11.2,12.1,54.7,6.2
484,Trae Young,ATL,20,6-2,180,Oklahoma,USA,2018,1,5,81.0,19.1,3.7,8.1,-6.3,2.4,9.1,27.7,53.9,39.0
485,Treveon Graham,BKN,25,6-5,225,Virginia Commonwealth,USA,Undrafted,Undrafted,Undrafted,35.0,5.3,3.1,1.0,2.3,2.8,10.7,12.3,45.8,6.2
486,Trevon Duval,HOU,20,6-2,189,Duke,USA,Undrafted,Undrafted,Undrafted,3.0,1.7,0.3,0.7,7.7,0.0,20.0,23.1,83.3,66.7
487,Trevor Ariza,WAS,33,6-8,215,UCLA,USA,2004,2,43,69.0,12.5,5.4,3.7,-6.8,2.1,13.9,16.4,53.4,14.9
488,Trey Burke,DAL,26,6-1,175,Michigan,USA,2013,1,9,58.0,10.9,1.7,2.7,-1.5,2.3,5.9,24.2,52.4,22.9
489,Trey Lyles,DEN,23,6-10,234,Kentucky,Canada,2015,1,12,64.0,8.5,3.8,1.4,0.0,3.6,17.2,22.9,50.0,11.6
490,Tristan Thompson,CLE,28,6-10,238,University of Texas at Austin,Canada,2011,1,4,43.0,10.9,10.2,2.0,-12.3,13.7,23.7,17.5,55.1,11.0
491,Troy Brown Jr.,WAS,19,6-7,215,Oregon,USA,2018,1,15,52.0,4.8,2.8,1.5,-0.3,4.5,14.9,15.8,48.7,14.7
492,Troy Caupain,ORL,23,6-4,210,Cincinnati,USA,Undrafted,Undrafted,Undrafted,4.0,2.5,0.8,1.0,25.0,7.1,15.4,21.6,62.5,40.0
493,Troy Daniels,PHX,27,6-4,205,Va Commonwealth,USA,Undrafted,Undrafted,Undrafted,51.0,6.2,1.4,0.5,-6.4,1.6,7.9,17.1,55.8,5.2
494,Troy Williams,SAC,24,6-7,218,Indiana,USA,Undrafted,Undrafted,Undrafted,21.0,5.3,2.8,0.5,-9.5,3.4,14.4,14.4,53.1,5.1
495,Tyler Cavanaugh,UTA,25,6-9,238,George Washington,USA,Undrafted,Undrafted,Undrafted,11.0,0.8,0.7,0.1,-40.7,6.5,12.8,11.8,41.4,4.3
496,Tyler Davis,OKC,22,6-10,266,Texas A&M,USA,Undrafted,Undrafted,Undrafted,1.0,0.0,1.0,0.0,0.0,50.0,0.0,33.3,0.0,0.0
497,Tyler Dorsey,MEM,23,6-5,183,Oregon,USA,2017,2,41,48.0,6.2,2.4,1.2,-2.0,3.6,11.8,18.2,50.9,11.8
498,Tyler Johnson,PHX,27,6-4,190,Fresno State,USA,Undrafted,Undrafted,Undrafted,57.0,10.9,3.0,2.9,-4.0,2.1,8.7,18.0,53.2,16.5
499,Tyler Lydon,DEN,23,6-10,225,Syracuse,USA,2017,1,24,25.0,0.9,0.7,0.2,-8.3,6.2,13.3,9.7,59.5,8.7
500,Tyler Ulis,CHI,23,5-10,160,Kentucky,USA,2016,2,34,1.0,0.0,0.0,0.0,0.0,0.0,0.0,0.0,0.0,0.0
501,Tyler Zeller,MEM,29,7-0,253,North Carolina,USA,2012,1,17,6.0,7.7,4.0,0.7,6.7,10.5,12.3,19.1,60.7,6.9
502,Tyreke Evans,IND,29,6-6,220,Memphis,USA,2009,1,4,69.0,10.2,2.9,2.4,1.9,2.3,11.4,25.5,48.3,17.6
503,Tyrone Wallace,LAC,25,6-5,198,California,USA,2016,2,60,62.0,3.5,1.6,0.7,3.7,3.0,11.1,17.4,45.0,9.0
504,Tyson Chandler,LAL,36,7-1,240,None,USA,2001,1,2,55.0,3.1,5.6,0.7,-1.9,9.4,21.3,8.4,63.0,5.7
505,Tyus Jones,MIN,23,6-2,196,Duke,USA,2015,1,24,68.0,6.9,2.0,4.8,-0.3,1.4,6.9,13.9,49.1,28.4
506,Udonis Haslem,MIA,39,6-8,235,Florida,USA,Undrafted,Undrafted,Undrafted,10.0,2.5,2.7,0.2,-21.3,3.1,24.0,19.6,36.0,4.8
507,Victor Oladipo,IND,27,6-4,210,Indiana,USA,2013,1,2,36.0,18.8,5.6,5.2,5.6,1.8,15.4,27.8,51.9,25.0
508,Vince Carter,ATL,42,6-6,220,North Carolina,USA,1998,1,5,76.0,7.4,2.6,1.1,-6.3,2.1,11.4,16.4,56.5,9.7
509,Vincent Edwards,HOU,23,6-8,225,Purdue,USA,2018,2,52,2.0,1.5,1.0,0.0,-6.1,5.9,5.9,11.1,37.5,0.0
510,Wade Baldwin IV,POR,23,6-4,200,Vanderbilt,USA,2016,1,17,16.0,1.9,0.9,0.8,-36.8,1.8,12.3,22.7,39.6,24.0
511,Walt Lemon Jr.,CHI,26,6-3,180,Bradley,USA,2014,,,6.0,14.3,4.5,5.0,-7.8,2.1,13.6,25.3,46.8,28.3
512,Wayne Ellington,DET,31,6-5,200,North Carolina,USA,2009,1,28,53.0,10.3,2.0,1.4,-0.5,1.0,7.3,16.7,56.9,8.6
513,Wayne Selden,CHI,24,6-5,230,Kansas,USA,2016,,,75.0,6.9,2.4,1.5,-9.6,2.4,9.8,17.8,49.1,11.2
514,Wendell Carter Jr.,CHI,20,6-10,255,Duke,USA,2018,1,7,44.0,10.3,7.0,1.8,-11.7,7.5,19.8,19.2,54.1,11.8
515,Wes Iwundu,ORL,24,6-7,195,Kansas State,USA,2017,2,33,68.0,5.0,2.7,1.1,1.7,2.7,10.8,12.5,53.1,8.0
516,Wesley Johnson,WAS,31,6-7,215,Syracuse,USA,2010,1,4,38.0,3.4,1.9,0.6,-7.3,2.0,10.4,11.5,46.9,5.4
517,Wesley Matthews,IND,32,6-5,220,Marquette,USA,Undrafted,Undrafted,Undrafted,69.0,12.2,2.5,2.3,-2.0,1.5,6.3,17.5,54.6,11.3
518,Will Barton,DEN,28,6-6,190,Memphis,USA,2012,2,40,43.0,11.5,4.6,2.9,0.6,2.6,13.7,19.5,50.1,14.6
519,Willie Cauley-Stein,SAC,25,7-0,240,Kentucky,USA,2015,1,6,81.0,11.9,8.4,2.4,1.2,7.4,21.3,17.3,56.6,12.1
520,Willy Hernangomez,CHA,25,6-11,240,None,Spain,2015,2,35,58.0,7.3,5.4,1.0,-6.2,13.0,24.0,20.6,58.7,11.2
521,Wilson Chandler,LAC,32,6-9,225,DePaul,USA,2007,1,23,51.0,6.0,4.2,1.6,4.2,4.1,13.2,11.5,53.7,8.9
522,Yante Maten,MIA,22,6-8,240,Georgia,USA,2018,,,2.0,1.0,1.5,0.0,14.8,7.1,9.5,13.3,25.0,0.0
523,Yogi Ferrell,SAC,26,6-0,180,Indiana,USA,Undrafted,Undrafted,Undrafted,71.0,5.9,1.5,1.9,-2.6,1.1,8.5,16.0,55.0,17.6
524,Yuta Watanabe,MEM,24,6-9,205,George Washington,Japan,Undrafted,Undrafted,Undrafted,15.0,2.6,2.1,0.5,5.5,2.2,15.2,14.8,35.2,6.3
525,Zach Collins,POR,21,7-0,235,Gonzaga,USA,2017,1,10,77.0,6.6,4.2,0.9,0.1,7.8,14.4,16.6,56.2,7.6
526,Zach LaVine,CHI,24,6-5,200,UCLA,USA,2014,1,13,63.0,23.7,4.7,4.5,-6.5,1.8,11.3,29.8,57.4,22.4
527,Zach Lofton,DET,26,6-4,180,New Mexico State,USA,Undrafted,Undrafted,Undrafted,1.0,0.0,0.0,0.0,0.0,0.0,0.0,25.0,0.0,0.0
528,Zaza Pachulia,DET,35,6-11,270,None,Georgia,2003,2,42,68.0,3.9,3.9,1.3,-4.6,10.1,18.4,14.7,53.9,16.1
529,Zhaire Smith,PHI,20,6-4,199,Texas Tech,USA,2018,1,16,6.0,6.7,2.2,1.7,7.3,2.8,8.7,16.6,53.3,10.1
530,Zhou Qi,HOU,23,7-1,210,None,China,2016,2,43,1.0,2.0,0.0,0.0,-66.7,0.0,0.0,33.3,100,0.0
