,Player,Team,Age,Height,Weight,COLLEGE,COUNTRY,DRAFT YEAR,DRAFT ROUND,DRAFT NUMBER,GP,PTS,REB,AST,NETRTG,OREB%,DREB%,USG%,TS%,AST%
0,,,,,,,,,,,,,,,,,,,,
1,Aaron Brooks,HOU,24,6-0,161,Oregon,USA,2007,1,26,80.0,11.2,2.0,3.0,3.9,1.8,6.3,22.6,52.1,20.1
2,Aaron Gray,CHI,24,7-0,270,Pittsburgh,USA,2007,2,49,56.0,3.5,3.9,0.8,-3.1,11.6,19.2,13.9,50.8,9.8
3,Acie Law,ATL,24,6-3,202,Texas A&M,USA,2007,1,11,55.0,2.9,1.1,1.6,-0.6,1.1,8.7,15.7,49.0,25.7
4,Adam Morrison,LAL,24,6-8,205,Gonzaga,USA,2006,1,3,52.0,4.0,1.5,0.8,-8.1,2.7,9.3,17.3,44.8,10.1
5,Adonal Foyle,ORL,34,6-10,270,Colgate,St. Vincent & Grenadines,1997,1,8,10.0,1.7,2.6,0.1,-6.3,12.7,23.6,11.9,62.3,2.8
6,Al Harrington,NYK,29,6-9,250,None,USA,1998,1,25,73.0,20.1,6.2,1.4,-1.1,3.7,14.5,25.4,54.7,6.8
7,Al Horford,ATL,23,6-10,245,Florida,Dominican Republic,2007,1,3,67.0,11.5,9.3,2.4,0.6,6.9,22.3,16.5,56.5,11.9
8,Al Jefferson,MIN,24,6-10,265,None,USA,2004,1,15,50.0,23.1,11.0,1.6,-2.6,9.3,21.9,28.5,53.2,8.2
9,Al Thornton,LAC,25,6-8,220,Florida State,USA,2007,1,14,71.0,16.8,5.2,1.5,-10.5,4.7,9.8,22.5,50.2,6.8
10,Alando Tucker,PHX,25,6-6,205,Wisconsin,USA,2007,1,29,30.0,4.6,1.0,0.4,4.3,6.3,4.3,20.9,50.9,6.4
11,Alex Acker,LAC,26,6-5,185,Pepperdine,USA,2005,2,60,25.0,2.9,1.0,0.5,2.3,3.9,8.2,19.8,44.8,9.1
12,Alexis Ajinca,CHA,21,7-0,220,None,France,2008,1,20,31.0,2.3,1.0,0.1,3.1,5.7,13.2,24.6,43.0,3.2
13,Allen Iverson,DET,34,6-0,180,Georgetown,USA,1996,1,1,57.0,17.5,3.0,5.0,-1.5,1.5,7.2,25.8,50.4,23.8
14,Amar'e Stoudemire,PHX,26,6-10,249,None,USA,2002,1,9,53.0,21.4,8.1,2.0,3.0,6.8,15.8,24.5,61.7,8.7
15,Amir Johnson,DET,22,6-9,210,No College,USA,2005,2,56,62.0,3.5,3.7,0.3,5.3,11.6,15.0,10.8,60.8,3.3
16,Anderson Varejao,CLE,26,6-11,260,None,Brazil,2004,2,30,81.0,8.6,7.2,1.0,10.7,7.7,18.5,14.0,56.5,5.5
17,Andray Blatche,WAS,22,6-11,248,None,USA,2005,2,49,71.0,10.0,5.3,1.7,-5.9,7.6,16.0,21.8,50.8,11.8
18,Andre Brown,CHA,28,6-9,245,DePaul,USA,Undrafted,Undrafted,Undrafted,4.0,1.0,3.0,0.3,-7.5,20.0,11.4,13.5,25.4,3.8
19,Andre Iguodala,PHI,25,6-6,207,Arizona,USA,2004,1,9,82.0,18.8,5.7,5.3,2.1,2.9,12.3,22.1,56.0,22.1
20,Andre Miller,PHI,33,6-2,200,Utah,USA,1999,1,8,82.0,16.3,4.5,6.5,1.6,4.3,8.8,21.5,54.8,29.8
21,Andrea Bargnani,TOR,23,7-0,250,None,Italy,2006,1,1,78.0,15.4,5.3,1.2,-5.2,3.0,14.6,22.6,55.9,6.5
22,Andrei Kirilenko,UTA,28,6-9,225,None,Russia,1999,1,24,67.0,11.6,4.8,2.6,7.1,4.9,13.5,20.1,54.9,15.1
23,Andres Nocioni,SAC,29,6-7,225,None,Argentina,Undrafted,Undrafted,Undrafted,76.0,11.4,4.8,1.3,-0.3,2.8,15.6,19.8,55.5,8.1
24,Andrew Bogut,MIL,24,7-0,260,Utah,Australia,2005,1,1,36.0,11.7,10.3,2.0,3.9,10.9,23.7,17.8,58.6,10.9
25,Andrew Bynum,LAL,21,7-0,285,None,USA,2005,1,10,50.0,14.3,8.0,1.4,8.3,9.9,17.8,20.6,59.8,7.6
26,Andris Biedrins,GSW,23,6-11,240,None,Latvia,2004,1,11,62.0,11.9,11.2,2.0,-4.5,11.7,25.2,16.8,58.5,10.1
27,Antawn Jamison,WAS,33,6-9,235,North Carolina,USA,1998,1,4,81.0,22.2,8.9,1.9,-8.4,6.3,18.4,25.5,54.9,9.0
28,Anthony Carter,DEN,34,6-2,195,Hawaii,USA,Undrafted,Undrafted,Undrafted,78.0,5.3,2.6,4.7,2.6,2.3,8.8,13.8,49.0,30.3
29,Anthony Johnson,ORL,34,6-3,195,College of Charleston,USA,1997,2,39,80.0,5.3,1.8,2.5,3.7,2.0,7.9,15.3,50.5,22.3
30,Anthony Morrow,GSW,23,6-5,210,Georgia Tech,USA,Undrafted,Undrafted,Undrafted,67.0,10.1,3.0,1.2,-1.7,5.0,7.6,17.3,58.8,8.1
31,Anthony Parker,TOR,34,6-6,215,Bradley,USA,1997,1,21,80.0,10.7,4.0,3.4,-1.8,1.8,10.7,16.1,52.4,15.7
32,Anthony Randolph,GSW,19,6-10,210,Louisiana State,USA,2008,1,14,63.0,7.9,5.8,0.8,-3.6,11.0,19.8,21.1,50.6,6.6
33,Anthony Roberson,CHI,26,6-2,180,Florida,USA,Undrafted,Undrafted,Undrafted,29.0,4.1,0.8,0.7,-10.9,1.9,6.0,20.0,48.7,12.4
34,Anthony Tolliver,SAS,24,6-8,240,Creighton,USA,Undrafted,Undrafted,Undrafted,19.0,2.7,2.2,0.9,0.8,5.6,15.2,16.8,37.5,13.4
35,Antoine Wright,DAL,25,6-7,215,Texas A&M,USA,2005,1,15,65.0,7.3,2.1,1.2,2.5,2.1,7.1,15.4,50.1,7.1
36,Antonio Daniels,NOH,34,6-4,205,Bowling Green,USA,1997,1,4,74.0,4.1,1.0,2.4,-12.1,0.5,8.3,16.2,53.6,30.0
37,Antonio McDyess,DET,34,6-9,245,Alabama,USA,1995,1,2,62.0,9.6,9.8,1.3,-1.6,10.4,24.9,15.5,52.9,7.3
38,Arron Afflalo,DET,23,6-5,215,UCLA,USA,2007,1,27,74.0,4.9,1.8,0.6,-0.5,2.5,8.8,13.7,54.8,5.5
39,Austin Croshere,SAS,34,6-10,240,Providence,USA,1997,1,12,14.0,2.9,2.4,0.6,-14.1,8.7,24.7,20.2,45.2,16.1
40,Baron Davis,LAC,30,6-3,215,UCLA,USA,1999,1,3,65.0,14.9,3.7,7.7,-7.9,2.0,9.0,24.6,46.0,36.5
41,Ben Gordon,CHI,26,6-3,200,Connecticut,USA,2004,1,3,82.0,20.7,3.5,3.4,0.1,1.8,7.8,24.3,57.3,15.6
42,Ben Wallace,CLE,34,6-9,240,Virginia Union,USA,Undrafted,Undrafted,Undrafted,56.0,2.9,6.5,0.8,17.9,11.2,17.8,7.7,45.0,4.5
43,Beno Udrih,SAC,26,6-3,205,None,Slovenia,2004,1,28,73.0,11.0,3.0,4.7,-7.8,2.1,8.0,18.0,52.5,23.7
44,Blake Ahearn,SAS,25,6-2,190,Missouri State,USA,Undrafted,Undrafted,Undrafted,3.0,2.7,0.3,0.7,24.1,0.0,5.9,18.6,58.1,20.0
45,Bobby Brown,MIN,24,6-2,175,Cal State-Fullerton,USA,Undrafted,Undrafted,Undrafted,68.0,5.3,0.8,1.7,-10.1,1.5,4.4,20.6,47.6,21.4
46,Bobby Jackson,SAC,36,6-1,185,Minnesota,USA,1997,1,23,71.0,7.5,2.8,2.0,-6.5,2.9,11.0,17.5,50.2,16.0
47,Bobby Simmons,NJN,29,6-6,230,DePaul,USA,2001,2,41,71.0,7.8,3.9,1.3,0.7,4.3,12.5,13.9,59.6,8.1
48,Boris Diaw,CHA,27,6-8,235,None,France,2003,1,21,81.0,13.2,5.3,4.1,1.7,4.7,12.0,19.6,56.5,20.8
49,Brad Miller,CHI,33,7-0,261,Purdue,USA,Undrafted,Undrafted,Undrafted,70.0,11.9,7.8,3.3,-3.6,7.4,19.8,18.3,56.6,17.3
50,Brandan Wright,GSW,21,6-10,210,North Carolina,USA,2007,1,8,39.0,8.3,4.0,0.5,-4.7,9.0,12.9,18.9,57.0,4.7
51,Brandon Bass,DAL,24,6-8,250,Louisiana State,USA,2005,2,33,81.0,8.5,4.5,0.5,1.9,8.7,15.5,19.5,57.1,4.5
52,Brandon Roy,POR,24,6-6,211,Washington,USA,2006,1,6,78.0,22.6,4.7,5.1,9.0,3.9,10.3,27.2,57.3,24.3
53,Brandon Rush,IND,23,6-6,210,Kansas,USA,2008,1,13,75.0,8.1,3.1,0.9,-4.2,1.8,10.8,16.4,50.5,5.6
54,Brendan Haywood,WAS,29,7-0,263,North Carolina,USA,2001,1,20,6.0,9.7,7.3,1.3,-7.2,8.1,17.4,17.3,49.0,7.3
55,Brent Barry,HOU,37,6-7,210,Oregon State,USA,1995,1,15,56.0,3.7,1.7,1.4,0.7,2.0,9.3,11.8,57.5,14.1
56,Brevin Knight,UTA,33,5-10,166,Stanford,USA,1997,1,16,74.0,2.4,1.2,2.6,3.9,1.4,8.3,13.1,41.4,30.7
57,Brian Cardinal,MIN,32,6-8,240,Purdue,USA,2000,2,44,64.0,3.0,2.2,1.2,1.5,4.5,12.3,11.5,51.5,12.6
58,Brian Cook,HOU,28,6-9,250,Illinois,USA,2003,1,24,30.0,2.5,1.1,0.2,-14.6,4.0,14.3,23.6,47.0,6.1
59,Brian Scalabrine,BOS,31,6-9,235,Southern California,USA,2001,2,34,39.0,3.5,1.3,0.5,10.4,1.6,8.6,11.7,55.8,5.1
60,Brian Skinner,LAC,33,6-9,255,Baylor,USA,1998,1,22,51.0,4.2,4.0,0.5,-17.2,8.2,16.4,14.4,47.4,5.4
61,Brook Lopez,NJN,21,7-0,260,Stanford,USA,2008,1,10,82.0,13.0,8.1,1.0,-2.3,9.3,18.9,19.8,56.8,6.0
62,Bruce Bowen,SAS,38,6-7,200,California State-Fullerton,USA,Undrafted,Undrafted,Undrafted,80.0,2.7,1.8,0.5,-0.5,1.1,8.9,7.0,53.9,4.1
63,C.J. Watson,GSW,25,6-2,175,Tennessee,USA,Undrafted,Undrafted,Undrafted,77.0,9.5,2.5,2.7,-2.2,2.0,7.9,16.5,56.4,16.5
64,CJ Miles,UTA,22,6-6,227,No College,USA,2005,2,34,72.0,9.1,2.3,1.5,1.0,2.9,8.1,18.1,54.6,9.8
65,Calvin Booth,SAC,33,6-11,230,Penn State,USA,1999,2,35,8.0,2.0,1.4,0.0,-21.0,8.8,9.8,11.6,59.2,0.0
66,Carl Landry,HOU,25,6-9,248,Purdue,USA,2007,2,31,69.0,9.2,5.0,0.6,1.6,8.7,15.5,17.7,63.4,4.8
67,Carlos Boozer,UTA,27,6-9,266,Duke,USA,2002,2,34,37.0,16.2,10.4,2.1,-1.4,9.6,25.0,24.1,52.3,11.0
68,Carmelo Anthony,DEN,25,6-8,230,Syracuse,USA,2003,1,3,66.0,22.8,6.8,3.4,6.5,5.0,14.9,31.3,53.2,17.2
69,Caron Butler,WAS,29,6-7,228,Connecticut,USA,2002,1,10,67.0,20.8,6.2,4.3,-7.8,4.7,12.4,25.4,55.2,19.4
70,Cartier Martin,CHA,24,6-7,220,Kansas State,USA,Undrafted,Undrafted,Undrafted,33.0,2.6,1.0,0.4,3.7,2.9,9.9,16.5,48.9,7.8
71,Cedric Simmons,SAC,23,6-9,235,North Carolina State,USA,2006,1,15,18.0,1.6,0.9,0.1,-12.5,5.7,13.9,17.3,45.3,4.2
72,Channing Frye,POR,26,6-11,245,Arizona,USA,2005,1,8,63.0,4.2,2.2,0.4,-8.3,5.6,14.6,19.1,46.5,5.8
73,Charlie Bell,MIL,30,6-3,200,Michigan State,USA,Undrafted,Undrafted,Undrafted,70.0,8.4,1.9,2.2,-2.7,1.7,6.3,15.7,52.5,13.7
74,Charlie Villanueva,MIL,24,6-11,232,Connecticut,USA,2005,1,7,78.0,16.2,6.7,1.8,-1.3,7.5,19.1,27.9,52.9,11.9
75,Chauncey Billups,DEN,32,6-3,202,Colorado,USA,1997,1,3,79.0,17.7,3.0,6.4,5.3,1.2,7.6,21.6,59.2,28.7
76,Cheikh Samb,NYK,24,7-1,245,None,Senegal,2006,2,51,18.0,0.8,1.3,0.1,0.5,11.4,13.9,19.8,21.4,1.9
77,Chris Andersen,DEN,30,6-10,228,Blinn J.C.,USA,Undrafted,Undrafted,Undrafted,71.0,6.4,6.2,0.4,3.5,11.5,17.6,13.0,60.8,3.3
78,Chris Bosh,TOR,25,6-10,230,Georgia Tech,USA,2003,1,4,77.0,22.7,10.0,2.5,-1.3,7.9,19.6,26.8,56.9,11.4
79,Chris Douglas-Roberts,NJN,22,6-7,200,Memphis,USA,2008,2,40,44.0,4.9,1.1,1.2,3.7,2.6,6.5,18.6,53.1,15.2
80,Chris Duhon,NYK,26,6-1,185,Duke,USA,2004,2,38,79.0,11.1,3.1,7.2,-3.3,1.5,7.0,14.5,56.9,27.9
81,Chris Kaman,LAC,27,7-0,265,Central Michigan,USA,2003,1,6,31.0,12.0,8.0,1.5,-8.0,8.3,19.4,20.6,55.2,8.5
82,Chris Mihm,LAL,29,7-0,265,Texas-Austin,USA,2000,1,7,18.0,2.0,1.9,0.6,-19.3,13.0,16.5,20.8,41.8,17.2
83,Chris Paul,NOH,24,6-0,175,Wake Forest,USA,2005,1,4,78.0,22.8,5.5,11.0,6.5,2.5,12.8,27.1,59.9,51.2
84,Chris Quinn,MIA,25,6-2,175,Notre Dame,USA,Undrafted,Undrafted,Undrafted,66.0,5.1,1.1,2.0,0.0,0.8,7.4,16.7,53.9,22.9
85,Chris Wilcox,NYK,26,6-10,235,Maryland,USA,2002,1,8,62.0,7.2,4.5,0.8,-8.3,9.0,18.0,20.9,51.8,8.1
86,Chuck Hayes,HOU,26,6-6,238,Kentucky,USA,Undrafted,Undrafted,Undrafted,71.0,1.3,3.5,0.6,-2.0,8.6,21.5,7.7,37.5,7.6
87,Chucky Atkins,OKC,34,5-11,185,South Florida,USA,Undrafted,Undrafted,Undrafted,33.0,3.0,0.7,1.8,-7.0,1.3,4.4,15.2,40.8,22.4
88,Corey Brewer,MIN,23,6-9,188,Florida,USA,2007,1,7,15.0,6.2,3.3,1.7,0.7,6.0,10.3,15.9,47.3,12.5
89,Corey Maggette,GSW,29,6-6,225,Duke,USA,1999,1,13,51.0,18.6,5.5,1.8,-4.4,3.1,14.6,25.1,58.2,9.5
90,Courtney Lee,ORL,23,6-5,200,Western Kentucky,USA,2008,1,22,77.0,8.4,2.3,1.2,6.2,1.0,8.0,15.2,55.6,7.4
91,Courtney Sims,NYK,25,6-11,245,Michigan,USA,Undrafted,Undrafted,Undrafted,2.0,3.0,2.0,0.0,6.8,13.3,16.7,21.9,50.0,0.0
92,Craig Smith,MIN,25,6-7,250,Boston College,USA,2006,2,36,74.0,10.1,3.8,1.1,-5.9,7.0,13.5,22.7,59.9,9.7
93,Cuttino Mobley,LAC,33,6-4,215,Rhode Island,USA,1998,2,41,11.0,13.7,2.6,1.1,-7.8,2.3,5.7,20.6,49.1,5.5
94,D.J. Augustin,CHA,21,6-0,180,University of Texas at Austin,USA,2008,1,9,72.0,11.8,1.8,3.5,-0.7,0.9,6.5,20.4,58.7,23.7
95,DJ Mbenga,LAL,28,7-0,255,None,Belgium,Undrafted,Undrafted,Undrafted,23.0,2.7,1.3,0.4,0.5,4.7,11.3,17.4,50.4,7.8
96,DJ White,OKC,22,6-9,251,Indiana,USA,2008,1,29,7.0,8.9,4.6,0.9,0.0,8.4,17.6,19.9,55.6,7.0
97,Daequan Cook,MIA,22,6-5,210,Ohio State,USA,2007,1,21,75.0,9.1,2.5,0.9,-0.3,1.0,9.8,17.9,51.2,6.2
98,Dahntay Jones,DEN,28,6-6,210,Duke,USA,2003,1,20,79.0,5.4,2.1,1.0,-1.7,4.4,7.9,14.8,53.3,8.3
99,Damien Wilkins,OKC,29,6-6,225,Georgia,USA,Undrafted,Undrafted,Undrafted,41.0,5.3,1.7,0.9,-11.5,3.0,9.2,18.2,46.7,10.3
100,Damon Jones,MIL,32,6-3,195,Houston,USA,Undrafted,Undrafted,Undrafted,18.0,1.8,0.3,0.4,4.1,0.0,5.6,16.8,48.5,8.6
101,Dan Gadzuric,MIL,31,6-11,245,UCLA,Netherlands,2002,2,33,67.0,4.0,3.8,0.6,-2.0,10.3,18.9,14.8,49.5,6.3
102,Daniel Gibson,CLE,23,6-2,200,Texas,USA,2006,2,42,75.0,7.8,2.1,1.8,6.2,1.8,6.9,16.0,51.9,11.9
103,Danilo Gallinari,NYK,20,6-10,225,None,Italy,2008,1,6,28.0,6.1,2.0,0.5,6.4,3.1,10.3,15.8,62.1,5.4
104,Danny Granger,IND,26,6-8,228,New Mexico,USA,2005,1,17,67.0,25.8,5.1,2.7,1.5,2.0,12.0,28.9,58.4,12.7
105,Darius Miles,MEM,27,6-9,235,None,USA,2000,1,3,34.0,3.5,1.7,0.5,-12.9,6.8,13.7,20.1,53.3,11.6
106,Darius Songaila,WAS,31,6-9,248,Wake Forest,Lithuania,2002,2,49,77.0,7.4,2.9,1.2,-4.7,5.2,10.8,16.8,57.0,10.1
107,Darko Milicic,MEM,24,7-0,275,None,Serbia,2003,1,2,61.0,5.5,4.3,0.6,-3.7,8.6,18.2,15.9,53.3,5.4
108,Darnell Jackson,CLE,23,6-9,253,Kansas,USA,2008,2,52,51.0,1.9,1.7,0.2,-9.3,8.0,13.8,12.3,48.3,3.0
109,Darrell Arthur,MEM,21,6-9,225,Kansas,USA,2008,1,27,76.0,5.6,4.6,0.6,-7.6,7.8,18.1,15.9,45.6,4.9
110,David Lee,NYK,26,6-9,240,Florida,USA,2005,1,30,81.0,16.0,11.7,2.1,-2.9,8.7,25.0,18.9,59.0,9.8
111,David West,NOH,28,6-9,240,Xavier,USA,2003,1,18,76.0,21.0,8.5,2.3,4.1,5.9,17.5,25.9,54.0,10.5
112,DeAndre Jordan,LAC,20,6-11,250,Texas A&M,USA,2008,2,35,53.0,4.3,4.5,0.2,-15.7,9.3,22.3,13.7,58.5,2.5
113,DeMarcus Nelson,GSW,23,6-4,200,Duke,USA,Undrafted,Undrafted,Undrafted,13.0,4.1,1.8,1.0,-9.3,3.0,10.1,17.4,44.0,12.0
114,DeSagana Diop,CHA,27,7-0,280,None,Senegal,2001,1,8,75.0,2.3,3.6,0.4,-6.1,11.6,16.7,10.7,42.5,4.7
115,DeShawn Stevenson,WAS,28,6-5,218,None,USA,2000,1,23,32.0,6.6,2.4,3.1,-9.8,1.2,7.9,14.6,41.0,16.4
116,Dee Brown,PHX,24,6-0,185,Illinois,USA,2006,2,46,19.0,2.4,1.5,1.9,-6.5,2.6,8.9,11.5,44.9,18.5
117,Delonte West,CLE,25,6-3,180,St. Joseph's (PA),USA,2004,1,24,64.0,11.7,3.2,3.5,14.8,1.6,8.0,16.6,55.9,16.2
118,Demetris Nichols,NYK,24,6-8,216,Syracuse,USA,2007,2,53,4.0,1.8,0.5,0.3,38.7,0.0,11.8,28.6,35.4,11.1
119,Derek Fisher,LAL,34,6-1,210,Arkansas-Little Rock,USA,1996,1,24,82.0,9.9,2.3,3.2,11.1,1.1,6.6,14.6,54.6,14.6
120,Deron Williams,UTA,25,6-3,207,Illinois,USA,2005,1,3,68.0,19.4,2.9,10.7,3.7,1.0,7.2,24.4,57.3,45.7
121,Derrick Rose,CHI,20,6-3,190,Memphis,USA,2008,1,1,81.0,16.8,3.9,6.3,-1.8,3.3,7.6,22.2,51.6,28.3
122,Desmon Farmer,SAS,27,6-5,220,Southern California,USA,Undrafted,Undrafted,Undrafted,3.0,4.3,2.0,0.7,4.9,0.0,11.3,16.8,43.7,5.4
123,Desmond Mason,OKC,31,6-5,222,Oklahoma State,USA,2000,1,17,39.0,7.5,4.0,1.2,-2.6,3.9,10.7,15.5,45.6,6.5
124,Devean George,DAL,31,6-8,235,Augsburg,USA,1999,1,23,43.0,3.4,1.8,0.3,-5.9,3.7,7.9,10.8,48.5,3.1
125,Devin Brown,NOH,30,6-5,210,Texas-San Antonio,USA,Undrafted,Undrafted,Undrafted,63.0,5.2,1.9,0.9,0.2,3.8,10.8,22.1,45.9,11.2
126,Devin Harris,NJN,26,6-3,185,Wisconsin,USA,2004,1,5,69.0,21.3,3.3,6.9,-1.7,1.2,8.6,27.4,56.3,33.2
127,Dikembe Mutombo,HOU,43,7-2,260,Georgetown,Congo,1991,1,4,9.0,1.8,3.7,0.0,0.6,13.3,21.4,10.8,47.2,0.0
128,Dirk Nowitzki,DAL,31,7-0,245,None,Germany,1998,1,9,81.0,25.9,8.4,2.4,3.5,3.0,20.1,29.5,56.4,11.7
129,Dominic McGuire,WAS,23,6-9,220,Fresno State,USA,2007,2,47,79.0,4.5,5.4,2.5,-9.0,5.6,16.6,10.0,48.3,13.7
130,Donte Greene,SAC,21,6-11,226,Syracuse,USA,2008,1,28,55.0,3.8,1.6,0.5,-11.5,2.5,9.3,17.3,41.6,6.7
131,Dontell Jefferson,CHA,25,6-5,195,Arkansas,USA,Undrafted,Undrafted,Undrafted,6.0,4.8,2.0,1.5,-6.5,1.2,11.8,18.3,55.9,23.1
132,Donyell Marshall,PHI,36,6-9,245,Connecticut,USA,1994,1,4,25.0,3.8,1.6,0.6,9.2,3.4,18.2,18.9,62.1,12.0
133,Dorell Wright,MIA,23,6-9,210,None,USA,2004,1,19,6.0,3.0,3.3,0.3,-14.1,2.7,23.7,19.0,39.8,6.1
134,Drew Gooden,SAS,27,6-10,250,Kansas,USA,2002,1,4,51.0,11.9,7.1,0.9,-4.2,8.9,20.1,23.1,52.6,6.9
135,Dwayne Jones,CHA,26,6-10,251,St. Joseph's (PA),USA,Undrafted,Undrafted,Undrafted,6.0,2.0,2.0,0.0,4.0,12.5,14.3,12.2,62.2,0.0
136,Dwight Howard,ORL,23,6-11,265,None,USA,2004,1,1,79.0,20.6,13.8,1.4,10.1,12.6,26.2,25.8,60.0,7.2
137,Dwyane Wade,MIA,27,6-4,216,Marquette,USA,2003,1,5,79.0,30.2,5.0,7.5,3.6,3.1,10.7,35.2,57.4,37.7
138,Earl Watson,OKC,30,6-1,185,UCLA,USA,2001,2,39,68.0,6.6,2.7,5.8,-7.2,2.1,8.8,16.1,44.8,33.5
139,Eddie Gill,MIL,30,6-0,190,Weber State,USA,Undrafted,Undrafted,Undrafted,6.0,2.3,0.7,1.8,-21.6,0.0,13.8,12.7,77.8,44.0
140,Eddie House,BOS,31,6-1,175,Arizona State,USA,2000,2,37,81.0,8.5,1.9,1.1,4.8,0.8,10.1,19.2,59.2,10.9
141,Eddy Curry,NYK,26,6-11,285,None,USA,2001,1,4,3.0,1.7,1.3,0.0,-53.8,0.0,30.8,17.9,75.3,0.0
142,Eduardo Najera,NJN,32,6-8,235,Oklahoma,Mexico,2000,2,38,27.0,2.9,2.5,0.7,-14.0,5.2,17.0,14.7,47.2,11.0
143,Elton Brand,PHI,30,6-9,254,Duke,USA,1999,1,1,29.0,13.8,8.8,1.3,-0.6,8.5,19.7,23.1,48.4,7.0
144,Emeka Okafor,CHA,26,6-10,255,Connecticut,USA,2004,1,2,82.0,13.2,10.1,0.6,0.6,11.1,21.9,18.7,58.1,3.4
145,Eric Gordon,LAC,20,6-3,222,Indiana,USA,2008,1,7,78.0,16.1,2.6,2.8,-8.7,1.7,6.1,20.5,59.3,13.7
146,Erick Dampier,DAL,33,6-11,265,Mississippi State,USA,1996,1,10,80.0,5.7,7.1,1.0,2.2,12.6,19.7,10.4,66.4,5.9
147,Etan Thomas,WAS,31,6-10,260,Syracuse,USA,2000,1,12,26.0,3.1,2.5,0.2,-20.0,8.0,15.3,14.3,52.5,3.2
148,Fabricio Oberto,SAS,34,6-10,245,None,Argentina,Undrafted,Undrafted,Undrafted,54.0,2.6,2.6,1.1,-3.2,10.0,11.9,10.9,59.5,13.8
149,Flip Murray,ATL,29,6-3,200,Shaw,USA,2002,2,41,80.0,12.2,2.1,2.0,4.3,1.2,7.5,23.7,54.3,14.1
150,Francisco Elson,MIL,33,7-0,235,California,Netherlands,1999,2,41,59.0,3.4,3.9,0.5,-3.3,10.1,14.9,10.6,53.7,4.9
151,Francisco Garcia,SAC,27,6-7,195,Louisville,Dominican Republic,2005,1,23,65.0,12.7,3.4,2.3,-10.5,2.8,8.6,19.1,55.4,13.2
152,Fred Jones,LAC,30,6-2,225,Oregon,USA,2002,1,14,52.0,7.3,2.4,3.6,-8.3,1.6,7.2,12.7,53.6,18.9
153,Gabe Pruitt,BOS,23,6-4,170,Southern California,USA,2007,2,32,47.0,2.0,0.9,0.8,0.8,2.4,9.2,15.7,42.2,18.1
154,George Hill,SAS,23,6-2,180,Indiana-Purdue Indianapolis,USA,2008,1,26,77.0,5.7,2.1,1.8,2.1,2.5,10.5,18.9,50.2,18.3
155,Gerald Green,DAL,23,6-8,200,No College,USA,2005,1,18,38.0,5.2,1.4,0.4,-9.4,3.6,10.8,25.9,51.3,7.6
156,Gerald Wallace,CHA,26,6-7,220,Alabama,USA,2001,1,25,71.0,16.6,7.8,2.7,1.2,4.6,17.6,20.2,58.5,12.0
157,Gilbert Arenas,WAS,27,6-4,215,Arizona,USA,2001,2,30,2.0,13.0,4.5,10.0,0.7,1.7,13.3,23.7,43.3,46.5
158,Glen Davis,BOS,23,6-9,289,Louisiana State,USA,2007,2,35,76.0,7.0,4.0,0.9,4.0,8.1,12.0,17.1,50.2,7.0
159,Goran Dragic,PHX,23,6-4,180,None,Slovenia,2008,2,45,55.0,4.5,1.9,2.0,0.0,4.7,10.3,18.9,48.7,22.2
160,Grant Hill,PHX,36,6-8,225,Duke,USA,1994,1,3,82.0,12.0,4.9,2.3,3.9,3.0,13.7,17.3,58.4,10.7
161,Greg Buckner,MEM,32,6-4,210,Clemson,USA,1998,2,53,63.0,2.5,2.1,0.9,-3.3,3.9,12.2,10.8,45.6,10.3
162,Greg Oden,POR,21,7-0,285,Ohio State,USA,2007,1,1,61.0,8.9,7.0,0.5,7.6,13.7,22.5,18.9,59.9,3.8
163,Hakim Warrick,MEM,26,6-9,219,Syracuse,USA,2005,1,19,82.0,11.6,5.0,0.8,-4.5,6.8,14.8,21.5,55.4,6.0
164,Hamed Haddadi,MEM,24,7-2,254,None,Iran,Undrafted,Undrafted,Undrafted,19.0,2.5,2.5,0.4,21.7,14.3,23.8,19.9,54.3,11.4
165,Hassan Adams,TOR,25,6-4,220,Arizona,USA,2006,2,54,12.0,0.9,0.6,0.1,-14.3,1.7,13.0,15.7,35.2,3.0
166,Hedo Turkoglu,ORL,30,6-10,220,None,Turkey,2000,1,16,77.0,16.8,5.3,4.9,9.1,1.7,12.5,22.7,54.1,22.3
167,Henry Walker,BOS,21,6-6,220,Kansas State,USA,2008,2,47,29.0,3.0,1.0,0.4,-13.0,3.8,10.1,17.3,64.6,10.7
168,Hilton Armstrong,NOH,24,6-11,235,Connecticut,USA,2006,1,12,70.0,4.8,2.8,0.4,-2.9,8.1,11.7,16.3,58.5,4.5
169,Ike Diogu,SAC,25,6-9,250,Arizona State,USA,2005,1,9,29.0,4.1,1.9,0.1,-21.2,11.8,14.9,22.2,61.1,3.0
170,Ime Udoka,SAS,31,6-5,220,Portland State,USA,Undrafted,Undrafted,Undrafted,67.0,4.3,2.8,0.8,5.8,2.7,15.7,15.3,47.0,8.3
171,J.J. Barea,DAL,25,6-0,175,Northeastern,Puerto Rico,Undrafted,Undrafted,Undrafted,79.0,7.8,2.2,3.4,0.0,2.4,9.1,20.0,51.6,27.2
172,J.R. Giddens,BOS,24,6-5,215,New Mexico,USA,2008,1,30,6.0,0.7,0.5,0.0,-2.6,40.0,16.7,23.5,66.7,0.0
173,JJ Hickson,CLE,20,6-9,242,North Carolina State,USA,2008,1,19,62.0,4.0,2.7,0.1,-7.7,8.1,15.7,17.7,54.8,2.3
174,JJ Redick,ORL,25,6-4,190,Duke,USA,2006,1,11,64.0,6.0,1.7,1.1,4.8,0.7,8.8,15.6,56.2,10.5
175,JR Smith,DEN,23,6-6,220,No College,USA,2004,1,18,81.0,15.2,3.7,2.8,6.9,2.0,11.0,23.4,57.6,17.2
176,JaVale McGee,WAS,21,7-0,237,Nevada,USA,2008,1,18,75.0,6.5,3.9,0.3,-11.9,10.4,16.1,20.0,53.4,3.5
177,Jacque Vaughn,SAS,34,6-1,190,Kansas,USA,1997,1,27,30.0,2.2,0.7,1.8,-6.2,1.4,6.3,16.1,39.2,31.6
178,Jake Voskuhl,TOR,31,6-11,255,Connecticut,USA,2000,2,33,38.0,0.9,1.6,0.2,0.7,9.4,15.3,12.6,34.2,4.3
179,Jamaal Magloire,MIA,31,6-11,265,Kentucky,Canada,2000,1,19,55.0,2.9,4.0,0.4,2.3,11.8,22.6,12.5,50.5,4.7
180,Jamal Crawford,GSW,29,6-5,200,Michigan,USA,2000,1,8,65.0,19.7,3.0,4.4,-4.1,0.9,6.6,22.2,54.5,17.7
181,Jamario Moon,MIA,29,6-8,200,Meridian CC,USA,Undrafted,Undrafted,Undrafted,80.0,7.2,4.6,1.2,0.5,3.1,15.2,12.6,56.7,7.0
182,Jameer Nelson,ORL,27,6-0,190,St. Joseph's (PA),USA,2004,1,20,42.0,16.7,3.5,5.4,14.2,1.6,9.1,22.5,61.2,29.2
183,James Jones,MIA,28,6-8,220,Miami,USA,2003,2,49,40.0,4.2,1.6,0.5,2.4,1.9,8.7,12.8,52.0,4.9
184,James Posey,NOH,32,6-8,217,Xavier,USA,1999,1,18,75.0,8.9,4.8,1.1,1.5,1.9,16.5,14.7,56.8,6.5
185,James Singleton,DAL,27,6-8,230,Murray State,USA,Undrafted,Undrafted,Undrafted,62.0,5.1,4.0,0.3,3.4,10.2,17.0,14.6,61.5,3.1
186,James White,HOU,26,6-7,200,Cincinnati,USA,2006,2,31,4.0,1.8,0.0,0.3,-44.7,0.0,0.0,30.8,70.0,25.0
187,Jared Dudley,PHX,23,6-7,225,Boston College,USA,2007,1,22,68.0,5.5,3.0,0.8,0.0,7.2,11.1,14.0,56.2,7.2
188,Jared Jeffries,NYK,27,6-11,240,Indiana,USA,2002,1,11,56.0,5.3,4.1,1.4,-3.3,9.5,8.2,12.4,47.3,8.8
189,Jarrett Jack,IND,25,6-3,197,Georgia Tech,USA,2005,1,22,82.0,13.1,3.4,4.1,-0.2,1.6,8.4,18.1,55.4,18.4
190,Jarron Collins,UTA,30,6-11,249,Stanford,USA,2001,2,52,26.0,1.5,1.4,0.3,-6.9,9.3,8.9,10.6,50.2,5.8
191,Jarvis Hayes,NJN,27,6-8,228,Georgia,USA,2003,1,10,74.0,8.7,3.6,0.7,0.1,1.5,13.5,16.3,53.7,5.0
192,Jason Collins,MIN,30,7-0,255,Stanford,USA,2001,1,18,31.0,1.8,2.3,0.4,-24.2,6.4,11.6,10.6,34.6,4.2
193,Jason Hart,DEN,31,6-3,180,Syracuse,USA,2000,2,49,39.0,2.0,1.2,1.2,-20.2,3.4,9.9,15.9,37.5,26.8
194,Jason Kapono,TOR,28,6-8,215,UCLA,USA,2003,2,31,80.0,8.2,2.0,1.3,-4.4,1.5,7.5,16.8,52.5,9.3
195,Jason Kidd,DAL,36,6-4,210,California,USA,1994,1,2,81.0,9.0,6.2,8.7,5.6,3.1,14.6,13.2,55.0,33.6
196,Jason Maxiell,DET,26,6-7,260,Cincinnati,USA,2005,1,26,78.0,5.8,4.2,0.3,-4.4,12.4,11.9,14.2,58.0,2.8
197,Jason Richardson,PHX,28,6-6,225,Michigan State,USA,2001,1,5,72.0,16.8,4.4,2.0,-0.4,3.4,10.4,20.9,57.1,9.2
198,Jason Terry,DAL,31,6-2,180,Arizona,USA,1999,1,10,74.0,19.6,2.4,3.4,2.3,1.6,5.6,25.1,57.1,17.9
199,Jason Thompson,SAC,22,6-11,250,Rider University,USA,2008,1,12,82.0,11.1,7.4,1.1,-6.0,10.4,16.8,19.0,54.0,6.6
200,Javaris Crittenton,WAS,21,6-5,200,Georgia Tech,USA,2007,1,19,63.0,5.0,2.6,2.4,-8.8,5.0,10.2,15.2,48.7,20.2
201,Jawad Williams,CLE,26,6-9,218,North Carolina,USA,Undrafted,Undrafted,Undrafted,10.0,1.2,0.2,0.0,2.9,5.3,5.0,26.0,50.0,0.0
202,Jeff Foster,IND,32,6-11,250,Southwest Texas State,USA,1999,1,21,74.0,6.1,6.9,1.8,3.1,11.5,16.0,11.9,54.2,9.9
203,Jeff Green,OKC,22,6-9,235,Georgetown,USA,2007,1,5,78.0,16.5,6.7,2.0,-7.2,4.2,14.6,20.9,53.6,9.0
204,Jeremy Richardson,ORL,25,6-7,195,Delta State,USA,Undrafted,Undrafted,Undrafted,12.0,3.1,1.2,0.3,-23.7,0.9,12.6,24.5,35.8,6.7
205,Jermaine O'Neal,MIA,30,6-11,258,None,USA,1996,1,17,68.0,13.3,6.4,1.8,-3.2,6.8,16.1,23.6,52.2,10.5
206,Jermareo Davidson,GSW,24,6-10,230,Alabama,USA,2007,2,36,14.0,3.0,2.4,0.1,-6.4,7.3,19.0,16.8,49.4,1.6
207,Jerome James,NYK,33,7-1,285,Florida A&M,USA,1998,2,36,2.0,3.0,1.5,0.0,-5.0,9.1,25.0,36.0,37.5,0.0
208,Jerry Stackhouse,DAL,34,6-6,218,North Carolina,USA,1995,1,3,10.0,4.2,1.7,1.2,-23.5,2.7,7.4,19.0,33.3,12.9
209,Jerryd Bayless,POR,20,6-3,200,Arizona,USA,2008,1,11,53.0,4.3,1.1,1.5,-2.6,1.3,8.1,19.8,48.7,20.2
210,Joakim Noah,CHI,24,6-11,232,Florida,USA,2007,1,9,80.0,6.7,7.6,1.3,2.1,13.1,19.3,12.1,59.4,7.8
211,Joe Alexander,MIL,22,6-8,230,West Virginia,USA,2008,1,8,59.0,4.7,1.9,0.7,-1.4,5.9,10.7,19.7,49.4,9.4
212,Joe Crawford,NYK,23,6-5,210,Kentucky,USA,2008,2,58,2.0,4.5,2.0,0.5,18.5,3.7,11.1,21.6,41.4,9.1
213,Joe Johnson,ATL,28,6-7,240,Arkansas,USA,2001,1,10,79.0,21.4,4.4,5.8,2.5,2.2,9.5,26.2,53.4,25.6
214,Joe Smith,CLE,33,6-10,225,Maryland,USA,1995,1,1,57.0,6.6,4.6,0.7,-1.6,7.9,15.9,16.2,50.7,6.3
215,Joel Anthony,MIA,26,6-9,245,UNLV,Canada,Undrafted,Undrafted,Undrafted,65.0,2.2,3.0,0.4,-3.3,9.1,10.8,8.1,52.1,3.8
216,Joel Przybilla,POR,29,7-1,245,Minnesota,USA,2000,1,9,82.0,5.5,8.7,0.3,8.5,11.5,28.5,10.1,65.2,2.1
217,Joey Dorsey,HOU,25,6-8,268,Memphis,USA,2008,2,33,3.0,0.7,0.3,0.3,-29.4,0.0,20.0,14.3,50.0,50.0
218,Joey Graham,TOR,27,6-7,225,Oklahoma State,USA,2005,1,16,78.0,7.7,3.7,0.6,-4.4,6.3,13.2,18.0,54.2,5.1
219,Johan Petro,DEN,23,7-0,247,None,France,2005,1,25,49.0,3.3,3.2,0.3,-15.6,7.1,22.4,16.8,42.9,4.7
220,John Salmons,CHI,29,6-6,207,Miami,USA,2002,1,26,79.0,18.3,4.2,3.2,-7.9,2.1,9.8,21.2,58.0,14.3
221,Jordan Farmar,LAL,22,6-2,180,UCLA,USA,2006,1,26,65.0,6.4,1.8,2.4,1.1,1.8,7.8,18.9,46.6,19.4
222,Jose Calderon,TOR,27,6-3,210,None,Spain,Undrafted,Undrafted,Undrafted,68.0,12.8,2.9,8.9,-2.7,0.7,8.0,16.5,61.3,40.3
223,Josh Boone,NJN,24,6-10,237,Connecticut,USA,2006,1,23,62.0,4.2,4.2,0.5,-1.3,10.9,16.4,13.2,51.3,5.2
224,Josh Howard,DAL,29,6-7,210,Wake Forest,USA,2003,1,29,52.0,18.0,5.1,1.6,6.0,3.8,12.3,26.2,53.2,8.2
225,Josh McRoberts,IND,22,6-10,240,Duke,USA,2007,2,37,33.0,2.4,2.2,0.5,-1.7,9.0,16.5,15.7,45.1,9.1
226,Josh Powell,LAL,26,6-9,240,North Carolina State,USA,Undrafted,Undrafted,Undrafted,60.0,4.2,2.9,0.5,-11.4,9.9,15.2,18.9,47.9,6.0
227,Josh Smith,ATL,23,6-9,240,None,USA,2004,1,17,69.0,15.6,7.2,2.4,3.1,5.9,15.5,22.4,53.3,11.6
228,Juan Dixon,WAS,30,6-3,165,Maryland,USA,2002,1,17,50.0,5.2,1.3,2.4,-8.4,1.0,7.3,18.9,47.8,23.2
229,Julian Wright,NOH,22,6-8,225,Kansas,USA,2007,1,13,54.0,4.4,2.8,0.8,0.1,6.7,13.9,17.8,47.9,9.4
230,Juwan Howard,CHA,36,6-9,253,Michigan,USA,1994,1,5,42.0,4.1,1.8,0.6,-12.0,6.8,11.2,18.3,53.4,10.7
231,Kareem Rush,PHI,28,6-6,215,Missouri,USA,2002,1,20,25.0,2.2,0.6,0.6,-5.2,0.0,8.2,14.7,45.2,11.1
232,Keith Bogans,MIL,29,6-5,215,Kentucky,USA,2003,2,43,65.0,5.6,3.1,1.0,3.8,2.4,13.5,13.6,52.1,7.7
233,Kelenna Azubuike,GSW,25,6-5,220,Kentucky,United Kingdom,Undrafted,Undrafted,Undrafted,74.0,14.4,5.0,1.6,-2.4,4.5,10.3,18.3,56.2,7.6
234,Kendrick Perkins,BOS,24,6-10,280,None,USA,2003,1,27,76.0,8.5,8.1,1.3,7.8,10.7,18.6,14.7,59.1,6.3
235,Kenny Thomas,SAC,31,6-7,245,New Mexico,USA,1999,1,22,8.0,0.8,1.9,0.1,-3.1,6.5,19.0,6.5,37.5,2.2
236,Kenyon Martin,DEN,31,6-9,240,Cincinnati,USA,2000,1,1,66.0,11.7,6.0,2.0,4.0,4.1,15.1,17.8,52.3,9.9
237,Kevin Durant,OKC,20,6-9,215,Texas,USA,2007,1,2,74.0,25.3,6.5,2.8,-8.7,2.7,14.9,27.7,57.7,13.5
238,Kevin Garnett,BOS,33,6-11,253,None,USA,1995,1,5,57.0,15.8,8.5,2.5,13.6,5.2,22.8,23.2,56.3,13.7
239,Kevin Love,MIN,20,6-10,260,UCLA,USA,2008,1,5,81.0,11.1,9.1,1.0,-6.1,12.8,23.9,20.3,53.8,7.0
240,Kevin Martin,SAC,26,6-7,185,Western Carolina,USA,2004,1,26,51.0,24.6,3.6,2.7,-7.8,1.6,8.3,26.6,60.1,12.1
241,Kevin Ollie,MIN,36,6-2,195,Connecticut,USA,Undrafted,Undrafted,Undrafted,50.0,4.0,1.5,2.3,-6.7,1.5,8.2,12.2,52.5,21.8
242,Keyon Dooling,NJN,29,6-3,195,Missouri,USA,2000,1,10,77.0,9.7,2.0,3.5,-6.1,1.2,6.9,17.2,56.2,22.4
243,Kirk Hinrich,CHI,28,6-3,190,Kansas,USA,2003,1,7,51.0,9.9,2.4,3.9,7.5,1.2,7.9,17.7,55.1,22.5
244,Kobe Bryant,LAL,30,6-6,205,None,USA,1996,1,13,82.0,26.8,5.2,4.9,10.9,3.1,11.2,31.7,56.1,23.2
245,Kosta Koufos,UTA,20,7-0,265,Ohio State,USA,2008,1,23,48.0,4.7,2.9,0.4,-1.9,8.8,15.5,18.0,54.0,6.1
246,Kris Humphries,TOR,24,6-9,235,Minnesota,USA,2004,1,14,29.0,3.9,2.4,0.3,-0.8,9.2,18.8,19.6,51.3,6.2
247,Kurt Thomas,SAS,36,6-9,235,TCU,USA,1995,1,10,79.0,4.3,5.1,0.8,4.3,9.9,20.1,12.3,53.0,7.4
248,Kwame Brown,DET,27,6-11,270,None,USA,2001,1,1,58.0,4.2,5.0,0.6,0.0,9.7,21.9,13.2,54.6,5.0
249,Kyle Korver,UTA,28,6-7,212,Creighton,USA,2003,2,51,78.0,9.0,3.3,1.8,4.5,2.0,12.3,16.4,57.2,11.6
250,Kyle Lowry,HOU,23,6-0,205,Villanova,USA,2006,1,24,77.0,7.6,2.5,3.6,-5.3,1.6,10.4,17.6,54.7,26.8
251,Kyle Weaver,OKC,23,6-6,201,Washington State,USA,2008,2,38,56.0,5.3,2.3,1.8,-2.0,2.8,8.7,12.6,55.1,12.8
252,Kyrylo Fesenko,UTA,22,7-1,300,None,Ukraine,2007,2,38,21.0,2.3,1.8,0.2,3.6,9.0,14.5,14.8,54.2,4.1
253,LaMarcus Aldridge,POR,23,6-11,240,Texas-Austin,USA,2006,1,2,81.0,18.1,7.5,1.9,8.8,8.3,13.9,23.4,52.9,9.1
254,Lamar Odom,LAL,29,6-10,230,Rhode Island,USA,1999,1,4,78.0,11.3,8.2,2.6,15.3,7.7,19.4,17.8,54.2,12.6
255,Larry Hughes,NYK,30,6-5,185,St. Louis,USA,1998,1,8,55.0,11.6,2.9,2.2,-5.4,1.1,10.0,20.6,51.5,13.0
256,LeBron James,CLE,24,6-8,250,None,USA,2003,1,1,81.0,28.4,7.6,7.2,14.6,3.7,16.8,33.0,59.1,36.5
257,Leandro Barbosa,PHX,26,6-3,202,None,Brazil,2003,1,28,70.0,14.2,2.6,2.3,1.2,2.1,8.8,23.5,58.8,15.3
258,Leon Powe,BOS,25,6-8,240,California,USA,2006,2,49,70.0,7.7,4.9,0.7,7.9,12.7,17.5,19.5,59.1,6.5
259,Linas Kleiza,DEN,24,6-8,245,Missouri,Lithuania,2005,1,27,82.0,9.9,4.0,0.8,-0.4,5.1,12.1,19.1,55.2,6.0
260,Lindsey Hunter,CHI,38,6-2,195,Jackson State,USA,1993,1,10,28.0,2.6,0.4,1.3,-8.3,0.7,4.1,17.1,43.3,24.5
261,Linton Johnson,CHI,29,6-8,205,Tulane,USA,Undrafted,Undrafted,Undrafted,10.0,0.9,0.8,0.2,-20.0,5.2,10.4,10.1,40.9,6.5
262,Lorenzen Wright,CLE,33,6-11,255,Memphis,USA,1996,1,7,17.0,1.4,1.5,0.2,0.8,6.3,14.9,14.3,37.7,3.8
263,Lou Amundson,PHX,26,6-9,225,UNLV,USA,Undrafted,Undrafted,Undrafted,76.0,4.2,3.6,0.4,2.9,12.1,13.2,14.1,53.0,3.8
264,Lou Williams,PHI,22,6-2,175,None,USA,2005,2,45,81.0,12.8,2.0,3.0,-2.3,1.9,7.3,26.6,51.3,22.7
265,Luc Mbah a Moute,MIL,22,6-8,230,UCLA,Cameroon,2008,2,37,82.0,7.2,5.9,1.1,-0.2,8.9,15.4,14.1,51.6,6.4
266,Luis Scola,HOU,29,6-9,245,None,Argentina,2002,2,55,82.0,12.7,8.8,1.5,4.9,8.6,20.9,19.2,57.2,8.3
267,Luke Ridnour,MIL,28,6-2,175,Oregon,USA,2003,1,14,72.0,9.6,3.0,5.1,-1.7,1.6,10.2,17.9,50.0,28.8
268,Luke Walton,LAL,29,6-8,235,Arizona,USA,2003,2,32,65.0,5.0,2.8,2.7,9.3,4.8,10.4,14.9,49.1,20.4
269,Luol Deng,CHI,24,6-9,220,Duke,United Kingdom,2004,1,7,49.0,14.1,6.0,1.9,-0.6,4.8,12.9,19.8,51.1,9.0
270,Luther Head,MIA,26,6-3,185,Illinois,USA,2005,1,24,32.0,4.7,1.6,1.8,-7.7,1.3,10.3,16.6,48.2,19.6
271,Maceo Baston,IND,33,6-10,230,Michigan,USA,1998,2,58,27.0,2.5,1.9,0.3,-2.9,10.1,12.3,13.9,57.9,5.1
272,Malik Allen,MIL,31,6-10,255,Villanova,USA,Undrafted,Undrafted,Undrafted,49.0,3.2,2.1,0.7,-1.0,5.8,12.3,15.5,43.5,9.9
273,Malik Hairston,SAS,22,6-6,220,Oregon,USA,2008,2,48,15.0,3.3,1.9,0.9,3.2,6.4,10.7,18.0,48.0,14.0
274,Malik Rose,OKC,34,6-7,255,Drexel,USA,1996,2,44,38.0,3.4,2.5,0.9,-0.7,3.7,16.7,18.1,42.4,11.8
275,Manu Ginobili,SAS,31,6-6,205,None,Argentina,1999,2,57,44.0,15.5,4.5,3.6,3.3,2.2,15.6,25.6,59.4,23.0
276,Marc Gasol,MEM,24,7-1,265,None,Spain,2007,2,48,82.0,11.9,7.4,1.7,-7.0,8.7,18.4,18.2,59.0,9.6
277,Marcin Gortat,ORL,25,6-11,240,None,Poland,2005,2,57,63.0,3.8,4.5,0.2,-3.9,11.6,22.9,12.9,57.8,3.2
278,Marco Belinelli,GSW,23,6-5,200,None,Italy,2007,1,18,42.0,8.9,1.7,2.1,-4.6,1.1,6.8,18.7,54.7,14.6
279,Marcus Banks,TOR,27,6-2,205,UNLV,USA,2003,1,13,22.0,2.5,0.8,1.3,-22.9,0.5,8.8,16.9,43.1,25.2
280,Marcus Camby,LAC,35,6-11,235,Massachusetts,USA,1996,1,2,62.0,10.3,11.1,2.0,-5.4,8.4,27.7,15.7,55.6,10.7
281,Marcus Williams,SAS,22,6-7,207,Arizona,USA,2007,2,33,2.0,2.0,0.0,0.0,-19.6,0.0,0.0,25.0,100,0.0
282,Marcus Williams,GSW,23,6-3,210,Connecticut,USA,2006,1,22,9.0,1.3,0.4,1.4,-5.2,0.0,6.0,17.8,30.5,34.2
283,Mardy Collins,LAC,24,6-6,220,Temple,USA,2006,1,29,48.0,5.2,2.2,2.3,-4.3,3.5,8.6,16.0,47.0,19.3
284,Mario Chalmers,MIA,23,6-1,190,Kansas,USA,2008,2,34,82.0,10.0,2.8,4.9,0.7,1.5,8.0,16.0,54.8,23.1
285,Mario West,ATL,25,6-5,210,Georgia Tech,USA,Undrafted,Undrafted,Undrafted,53.0,0.8,1.1,0.4,0.3,8.8,11.4,9.6,45.6,10.7
286,Mark Blount,MIA,33,7-0,250,Pittsburgh,USA,1997,2,54,20.0,4.0,2.1,0.2,2.0,5.2,14.5,22.2,47.2,3.4
287,Mark Madsen,MIN,33,6-9,255,Stanford,USA,2000,1,29,19.0,0.3,0.9,0.2,4.2,7.5,7.1,6.7,19.0,4.4
288,Marko Jaric,MEM,30,6-7,224,None,Serbia,2000,2,30,53.0,2.6,1.2,1.4,5.8,4.2,7.2,15.9,41.7,19.6
289,Marquis Daniels,IND,28,6-6,200,Auburn,USA,Undrafted,Undrafted,Undrafted,54.0,13.6,4.6,2.1,0.1,4.6,9.9,20.9,49.1,10.6
290,Marreese Speights,PHI,21,6-10,245,Florida,USA,2008,1,16,79.0,7.7,3.7,0.4,-3.3,9.9,14.6,21.3,54.3,4.4
291,Martell Webster,POR,22,6-7,235,None,USA,2005,1,6,1.0,0.0,0.0,0.0,-50.0,0.0,0.0,8.3,0.0,0.0
292,Marvin Williams,ATL,23,6-9,240,North Carolina,USA,2005,1,2,61.0,13.9,6.3,1.3,0.4,5.6,13.6,18.1,56.9,6.4
293,Matt Barnes,PHX,29,6-7,226,UCLA,USA,2002,2,45,77.0,10.2,5.5,2.8,1.5,4.0,16.3,17.9,53.7,13.9
294,Matt Bonner,SAS,29,6-10,240,Florida,USA,2003,2,45,81.0,8.2,4.8,1.0,8.6,5.6,15.6,14.5,61.1,6.4
295,Matt Carroll,DAL,28,6-6,212,Notre Dame,USA,Undrafted,Undrafted,Undrafted,55.0,3.0,1.3,0.5,-10.0,1.1,10.8,15.3,45.1,7.8
296,Matt Harpring,UTA,33,6-7,230,Georgia Tech,USA,1998,1,15,63.0,4.4,2.0,0.4,4.6,7.2,12.1,19.6,50.8,7.2
297,Maurice Ager,NJN,25,6-5,202,Michigan State,USA,2006,1,28,20.0,1.7,0.5,0.2,-2.5,2.8,6.9,22.9,36.5,7.1
298,Maurice Evans,ATL,30,6-5,220,Texas,USA,Undrafted,Undrafted,Undrafted,80.0,7.2,3.0,0.7,-1.3,5.0,8.5,13.8,55.8,4.7
299,Mehmet Okur,UTA,30,6-11,263,None,Turkey,2001,2,37,72.0,17.0,7.7,1.7,3.7,5.7,19.0,21.4,59.2,7.8
300,Melvin Ely,NOH,31,6-10,261,Fresno State,USA,2002,1,12,31.0,3.1,2.1,0.6,-4.9,8.5,9.3,17.4,43.8,8.7
301,Metta World Peace,HOU,29,6-7,260,St. John's,USA,1999,1,16,69.0,17.1,5.2,3.3,6.7,2.8,12.0,24.3,51.2,16.2
302,Michael Beasley,MIA,20,6-9,245,Kansas State,USA,2008,1,2,81.0,13.9,5.4,1.0,-0.1,5.7,17.4,27.3,52.8,7.8
303,Michael Finley,SAS,36,6-7,225,Wisconsin,USA,1995,1,21,81.0,9.7,3.3,1.4,3.0,1.2,11.2,15.9,54.7,7.4
304,Michael Redd,MIL,29,6-6,215,Ohio State,USA,2000,2,43,33.0,21.2,3.2,2.7,3.4,2.1,7.7,25.0,56.6,12.1
305,Michael Ruffin,POR,32,6-8,248,Tulsa,USA,1999,2,32,11.0,0.5,1.0,0.0,-15.4,18.2,14.3,11.5,38.1,0.0
306,Mickael Pietrus,ORL,27,6-6,215,None,France,2003,1,11,54.0,9.4,3.3,1.2,5.3,3.4,10.1,18.0,53.8,8.2
307,Mike Bibby,ATL,31,6-2,195,Arizona,USA,1998,1,2,79.0,14.9,3.5,5.0,0.8,1.4,9.2,20.1,54.4,23.5
308,Mike Conley,MEM,21,6-1,180,Ohio State,USA,2007,1,4,82.0,10.9,3.4,4.3,-6.3,1.1,10.8,17.6,54.8,23.9
309,Mike Dunleavy,IND,28,6-9,230,Duke,USA,2002,1,3,18.0,15.1,3.8,2.4,-2.3,2.7,11.0,25.3,52.0,14.7
310,Mike James,WAS,34,6-2,188,Duquesne,USA,Undrafted,Undrafted,Undrafted,61.0,8.7,2.2,3.3,-10.4,1.5,7.2,17.5,48.3,19.2
311,Mike Miller,MIN,29,6-8,218,Florida,USA,2000,1,5,73.0,9.9,6.6,4.5,-5.4,3.0,18.8,14.1,58.8,21.2
312,Mike Taylor,LAC,23,6-2,165,Iowa State,USA,2008,2,55,51.0,5.7,1.7,2.1,-8.4,2.9,8.5,22.0,47.7,23.1
313,Mikki Moore,BOS,33,7-0,225,Nebraska,USA,Undrafted,Undrafted,Undrafted,70.0,3.9,3.7,0.8,-4.6,6.7,15.4,10.7,59.3,6.8
314,Mo Williams,CLE,26,6-1,190,Alabama,USA,2003,2,47,81.0,17.8,3.4,4.1,10.8,1.8,8.5,22.9,58.8,19.9
315,Monta Ellis,GSW,23,6-3,180,None,USA,2005,2,40,25.0,19.0,4.3,3.7,-4.7,1.5,10.4,25.2,50.3,16.5
316,Morris Almond,UTA,24,6-6,225,Rice,USA,2007,1,25,25.0,3.7,1.4,0.3,-9.8,3.7,10.1,18.5,49.8,5.4
317,Morris Peterson,NOH,31,6-7,220,Michigan State,USA,2000,1,21,43.0,4.4,2.0,0.4,-0.2,2.7,15.3,19.0,49.9,5.6
318,Mouhamed Sene,NYK,23,6-11,230,None,Senegal,2006,1,10,6.0,3.3,2.3,0.0,9.3,14.3,26.5,21.5,74.6,0.0
319,Nate Robinson,NYK,25,5-9,180,Washington,USA,2005,1,21,74.0,17.2,3.9,4.1,0.4,4.2,8.7,24.9,54.9,22.8
320,Nathan Jawai,TOR,22,6-10,280,Midland (Texas),Australia,2008,2,41,6.0,0.3,0.3,0.0,-19.5,3.6,5.3,12.2,25.0,0.0
321,Nazr Mohammed,CHA,31,6-10,250,Kentucky,USA,1998,1,29,39.0,2.7,2.0,0.2,-6.1,11.3,15.5,19.9,43.8,4.1
322,Nenad Krstic,OKC,25,7-0,240,None,Serbia,2002,1,24,46.0,9.7,5.5,0.6,-6.2,7.5,15.2,18.5,50.4,4.3
323,Nene,DEN,26,6-11,250,None,Brazil,2002,1,7,77.0,14.6,7.8,1.4,6.7,7.9,17.0,18.1,64.5,6.9
324,Nick Collison,OKC,28,6-10,255,Kansas,USA,2003,1,12,71.0,8.2,6.9,0.9,-5.4,10.0,17.6,13.4,59.9,5.7
325,Nick Young,WAS,24,6-6,200,Southern California,USA,2007,1,16,82.0,10.9,1.8,1.2,-4.5,1.7,6.9,22.7,53.0,9.3
326,Nicolas Batum,POR,20,6-8,200,None,France,2008,1,25,79.0,5.4,2.8,0.9,8.5,6.4,10.7,13.8,55.5,7.3
327,O.J. Mayo,MEM,21,6-4,210,Southern California,USA,2008,1,3,82.0,18.5,3.8,3.2,-7.3,1.9,9.0,23.8,53.9,15.1
328,Oleksiy Pecherov,WAS,23,7-0,234,None,Ukraine,2006,1,18,32.0,3.6,2.4,0.1,-10.8,12.0,17.1,18.7,51.0,1.2
329,Othello Hunter,ATL,23,6-8,225,Ohio State,USA,Undrafted,Undrafted,Undrafted,16.0,1.4,1.5,0.1,12.7,9.4,16.5,11.6,49.5,2.1
330,Patrick O'Bryant,TOR,23,7-0,250,Bradley,USA,2006,1,9,39.0,2.6,1.7,0.3,0.4,5.1,20.1,18.7,54.4,7.2
331,Pau Gasol,LAL,28,7-0,250,None,Spain,2001,1,3,81.0,18.9,9.6,3.5,9.4,8.9,17.2,20.3,61.7,14.6
332,Paul Davis,LAC,24,6-11,270,Michigan State,USA,2006,2,34,27.0,4.0,2.5,0.4,-4.9,8.2,12.4,17.3,47.4,6.7
333,Paul Millsap,UTA,24,6-8,250,Louisiana Tech,USA,2006,2,47,76.0,13.5,8.6,1.8,6.2,11.7,18.6,19.7,57.6,9.8
334,Paul Pierce,BOS,31,6-7,235,Kansas,USA,1998,1,10,81.0,20.5,5.6,3.6,8.8,2.1,13.7,25.1,58.2,16.1
335,Peja Stojakovic,NOH,32,6-10,229,None,Serbia,1996,1,14,61.0,13.3,4.3,1.2,4.9,2.3,11.5,18.3,53.1,5.6
336,Pops Mensah-Bonsu,TOR,25,6-10,240,George Washington,USA,Undrafted,Undrafted,Undrafted,22.0,5.0,5.1,0.3,0.7,16.7,21.2,19.8,44.7,3.2
337,Quentin Richardson,NYK,29,6-6,235,DePaul,USA,2000,1,18,72.0,10.2,4.4,1.6,-3.0,3.6,13.0,18.0,51.0,9.3
338,Quincy Douby,TOR,25,6-3,175,Rutgers,USA,2006,1,19,27.0,4.3,1.2,0.9,-4.5,2.0,8.8,18.9,48.6,13.5
339,Quinton Ross,MEM,28,6-6,193,Southern Methodist,USA,Undrafted,Undrafted,Undrafted,68.0,3.9,1.9,0.7,-2.4,2.6,8.6,12.2,47.8,6.5
340,Rafer Alston,ORL,32,6-2,175,Fresno State,USA,1998,2,39,77.0,11.7,2.9,5.3,4.0,1.4,7.8,19.5,49.4,27.1
341,Raja Bell,CHA,32,6-5,215,Florida International,U.S. Virgin Islands,Undrafted,Undrafted,Undrafted,67.0,11.9,3.6,2.1,1.7,2.0,9.0,16.2,54.8,9.5
342,Rajon Rondo,BOS,23,6-1,171,Kentucky,USA,2006,1,21,80.0,11.9,5.2,8.2,9.9,4.4,12.3,18.9,54.3,37.7
343,Ramon Sessions,MIL,23,6-3,190,Nevada-Reno,USA,2007,2,56,79.0,12.4,3.4,5.7,-0.9,2.9,10.2,21.8,52.5,34.6
344,Randolph Morris,ATL,23,6-11,275,Kentucky,USA,Undrafted,Undrafted,Undrafted,23.0,0.8,0.9,0.1,8.8,4.9,19.3,12.4,48.0,3.2
345,Randy Foye,MIN,25,6-4,213,Villanova,USA,2006,1,7,70.0,16.3,3.1,4.3,-3.9,1.4,7.8,22.4,51.7,19.7
346,Rashad McCants,SAC,24,6-4,215,North Carolina,USA,2005,1,14,58.0,9.6,1.9,1.2,-8.5,1.8,8.6,24.1,50.4,11.7
347,Rashard Lewis,ORL,29,6-10,230,None,USA,1998,2,32,79.0,17.7,5.7,2.6,10.4,3.4,12.3,21.4,58.0,12.1
348,Rasheed Wallace,DET,34,6-11,230,North Carolina,USA,1995,1,4,66.0,12.0,7.4,1.4,1.5,2.8,21.4,18.4,52.0,7.0
349,Rasho Nesterovic,IND,33,7-0,255,None,Slovenia,1998,1,17,70.0,6.8,3.4,1.6,-3.9,7.9,11.8,18.5,52.4,14.5
350,Rasual Butler,NOH,30,6-7,205,La Salle,USA,2002,2,52,82.0,11.2,3.3,0.9,0.2,2.1,9.0,16.6,54.1,4.7
351,Ray Allen,BOS,33,6-5,205,Connecticut,USA,1996,1,5,79.0,18.2,3.5,2.8,10.9,2.7,7.5,20.3,62.4,12.1
352,Raymond Felton,CHA,25,6-1,198,North Carolina,USA,2005,1,5,82.0,14.2,3.8,6.7,-0.1,1.9,9.0,21.5,48.3,30.6
353,Reggie Evans,PHI,29,6-8,245,Iowa,USA,Undrafted,Undrafted,Undrafted,79.0,3.3,4.6,0.3,-2.1,11.9,21.9,12.9,51.4,3.5
354,Renaldo Balkman,DEN,24,6-8,208,South Carolina,USA,2006,1,20,53.0,5.0,3.8,0.6,3.8,11.3,14.8,14.1,58.5,6.8
355,Richard Hamilton,DET,31,6-7,193,Connecticut,USA,1999,1,7,67.0,18.3,3.1,4.4,0.0,2.0,7.6,26.4,52.9,23.5
356,Richard Jefferson,MIL,29,6-7,225,Arizona,USA,2001,1,13,82.0,19.6,4.6,2.4,-1.4,2.0,11.7,24.5,55.4,11.7
357,Ricky Davis,LAC,29,6-7,195,Iowa,USA,1998,1,21,36.0,6.4,1.7,2.3,-14.8,1.1,6.8,17.0,44.5,16.9
358,Rob Kurz,GSW,24,6-9,232,Notre Dame,USA,Undrafted,Undrafted,Undrafted,40.0,3.9,2.0,0.5,-11.9,6.3,10.3,15.7,51.3,7.2
359,Robert Swift,OKC,23,7-1,270,None,USA,2004,1,12,26.0,3.3,3.4,0.3,-7.7,6.2,20.1,10.9,55.1,3.7
360,Robin Lopez,PHX,21,7-0,255,Stanford,USA,2008,1,15,60.0,3.2,2.0,0.1,-4.5,8.7,10.8,13.6,56.6,1.9
361,Rodney Carney,MIN,25,6-7,201,Memphis,USA,2006,1,16,67.0,7.2,1.9,0.4,-5.5,2.9,7.8,18.2,53.2,3.8
362,Rodney Stuckey,DET,23,6-5,205,Eastern Washington,USA,2007,1,15,79.0,13.4,3.5,4.9,-1.5,2.9,8.7,22.7,50.8,26.0
363,Roger Mason Jr.,SAS,28,6-5,212,Virginia,USA,2002,2,30,82.0,11.8,3.1,2.1,4.6,0.7,9.9,18.3,55.4,10.9
364,Roko Ukic,TOR,24,6-5,183,None,Croatia,2005,2,41,72.0,4.2,1.0,2.1,-4.8,3.0,5.3,20.1,43.0,28.5
365,Ronnie Brewer,UTA,24,6-7,227,Arkansas,USA,2006,1,14,81.0,13.7,3.7,2.2,1.6,4.1,8.2,18.4,56.5,10.5
366,Ronnie Price,UTA,26,6-2,184,Utah Valley,USA,Undrafted,Undrafted,Undrafted,52.0,4.0,1.3,2.1,-3.4,1.8,8.1,17.3,46.5,22.1
367,Ronny Turiaf,GSW,26,6-10,250,Gonzaga,France,2005,2,37,79.0,5.9,4.6,2.1,-1.5,5.4,15.3,12.5,55.9,14.3
368,Roy Hibbert,IND,22,7-2,278,Georgetown,USA,2008,1,17,70.0,7.1,3.5,0.7,-1.9,10.9,12.6,22.8,51.0,7.7
369,Royal Ivey,PHI,27,6-4,215,Texas-Austin,USA,2004,2,37,71.0,3.0,1.1,0.6,-9.5,2.2,7.2,12.7,46.5,8.1
370,Rudy Fernandez,POR,24,6-6,185,None,Spain,2007,1,24,78.0,10.4,2.7,2.0,5.2,2.5,8.7,17.7,58.8,13.3
371,Rudy Gay,MEM,22,6-8,222,Connecticut,USA,2006,1,8,79.0,18.9,5.5,1.7,-7.6,4.0,12.6,25.3,52.8,8.5
372,Russell Westbrook,OKC,20,6-3,187,UCLA,USA,2008,1,4,82.0,15.3,4.9,5.3,-4.9,6.7,8.5,25.3,48.9,27.3
373,Ryan Anderson,NJN,21,6-10,240,California,USA,2008,1,21,66.0,7.4,4.7,0.8,0.1,8.3,16.7,18.1,53.2,6.5
374,Ryan Bowen,NOH,33,6-9,218,Iowa,USA,1998,2,55,21.0,2.2,1.1,0.4,-4.5,4.8,7.2,9.6,58.5,6.7
375,Ryan Gomes,MIN,26,6-7,245,Providence,USA,2005,2,50,82.0,13.3,4.8,1.6,-6.4,4.0,11.8,20.2,51.8,8.7
376,Ryan Hollins,DAL,24,7-0,230,UCLA,USA,2006,2,50,45.0,3.2,2.2,0.2,3.8,11.0,11.2,15.4,56.9,2.4
377,Samuel Dalembert,PHI,29,6-11,250,Seton Hall,Haiti,2001,1,26,82.0,6.4,8.5,0.2,2.2,11.1,26.0,13.6,53.5,1.3
378,Sasha Pavlovic,CLE,25,6-7,235,None,Montenegro,2003,1,19,66.0,4.6,1.9,1.1,4.3,3.1,9.3,15.1,51.0,10.7
379,Sasha Vujacic,LAL,25,6-7,205,None,Slovenia,2004,1,27,80.0,5.8,1.7,1.4,1.8,1.4,9.0,15.3,53.1,13.0
380,Sean Marks,NOH,33,6-10,250,California,New Zealand,1998,2,44,60.0,3.2,3.1,0.2,-2.3,7.7,15.8,12.3,52.1,2.8
381,Sean May,CHA,25,6-9,266,North Carolina,USA,2005,1,13,24.0,3.9,2.9,0.4,-14.8,6.9,17.2,20.9,43.5,6.8
382,Sean Singletary,CHA,23,6-0,185,Virginia,USA,2008,2,42,37.0,2.4,0.9,0.8,-10.2,3.5,8.7,17.6,47.8,17.4
383,Sean Williams,NJN,22,6-10,235,Boston College,USA,2007,1,17,33.0,2.4,2.4,0.4,-2.2,9.6,13.3,13.3,46.5,5.4
384,Sebastian Telfair,MIN,24,6-0,175,None,USA,2004,1,13,75.0,9.8,1.7,4.6,-1.7,1.5,4.8,19.3,48.1,25.4
385,Sergio Rodriguez,POR,23,6-3,176,None,Spain,2006,1,27,80.0,4.5,1.6,3.6,-0.5,3.8,7.8,18.0,49.1,36.5
386,Shane Battier,HOU,30,6-8,220,Duke,USA,2001,1,6,60.0,7.3,4.8,2.3,5.9,2.8,11.1,9.8,56.8,9.8
387,Shannon Brown,LAL,23,6-4,211,Michigan State,USA,2006,1,25,48.0,4.2,0.9,0.8,-2.1,2.5,7.1,20.4,55.4,13.9
388,Shaquille O'Neal,PHX,37,7-1,325,Louisiana State,USA,1992,1,1,75.0,17.8,8.4,1.7,3.0,9.5,19.8,24.3,62.3,8.4
389,Shaun Livingston,OKC,23,6-7,185,None,USA,2004,1,4,12.0,5.9,2.3,1.7,-11.4,1.4,11.2,14.5,55.1,13.5
390,Shavlik Randolph,POR,25,6-10,240,Duke,USA,Undrafted,Undrafted,Undrafted,10.0,1.8,1.8,0.0,-50.8,24.4,30.8,22.1,61.0,0.0
391,Shawn Marion,TOR,31,6-7,228,UNLV,USA,1999,1,9,69.0,12.9,8.5,2.0,-0.4,7.4,17.4,17.3,52.2,8.6
392,Shawne Williams,DAL,23,6-9,225,Memphis,USA,2006,1,17,15.0,2.8,3.1,0.1,4.7,11.2,14.1,16.9,34.5,1.7
393,Shelden Williams,MIN,25,6-9,250,Duke,USA,2006,1,5,45.0,4.1,3.4,0.3,-1.6,9.6,21.3,18.2,50.3,3.6
394,Solomon Jones,ATL,24,6-10,245,South Florida,USA,2006,2,33,63.0,3.0,2.3,0.2,-5.2,7.8,13.4,11.2,65.5,3.7
395,Sonny Weems,DEN,22,6-6,203,Arkansas,USA,2008,2,39,12.0,1.6,0.3,0.3,-36.0,0.0,6.3,25.5,33.3,12.0
396,Speedy Claxton,ATL,31,5-11,170,Hofstra,USA,2000,1,20,2.0,2.5,0.0,1.5,-24.3,0.0,0.0,24.2,31.7,37.5
397,Spencer Hawes,SAC,21,7-0,245,Washington,USA,2007,1,10,77.0,11.4,7.1,1.9,-11.3,6.8,18.7,20.1,50.9,11.1
398,Stephen Graham,IND,27,6-6,215,Oklahoma State,USA,Undrafted,Undrafted,Undrafted,52.0,5.4,1.8,0.6,0.1,2.9,10.6,20.5,49.8,7.4
399,Stephen Jackson,GSW,31,6-8,215,Butler C.C. (KS),USA,1997,2,42,59.0,20.7,5.1,6.5,-3.0,3.0,9.8,25.3,53.0,25.4
400,Stephon Marbury,BOS,32,6-2,205,Georgia Tech,USA,1996,1,4,23.0,3.8,1.2,3.3,-3.9,0.5,6.1,16.9,37.7,27.4
401,Steve Blake,POR,29,6-3,172,Maryland,USA,2003,2,38,69.0,11.0,2.5,5.0,9.4,1.4,7.5,16.6,55.7,24.3
402,Steve Nash,PHX,35,6-3,178,Santa Clara,Canada,1996,1,15,74.0,15.7,3.0,9.7,4.2,0.9,7.9,20.7,61.5,40.3
403,Steve Novak,LAC,26,6-10,220,Marquette,USA,2006,2,32,71.0,6.9,1.8,0.6,-9.4,1.6,9.3,16.2,60.6,6.1
404,Steven Hill,OKC,23,7-0,245,Arkansas,USA,Undrafted,Undrafted,Undrafted,1.0,2.0,3.0,0.0,83.3,40.0,50.0,10.0,100,0.0
405,Stromile Swift,PHX,29,6-10,220,Louisiana State,USA,2000,1,2,19.0,3.3,2.4,0.2,-2.9,8.2,15.8,18.9,46.0,2.5
406,Sun Sun,LAL,23,6-9,205,None,China,2007,2,40,10.0,0.6,0.0,0.2,-76.2,0.0,0.0,17.5,27.3,11.8
407,T.J. Ford,IND,26,6-0,165,Texas-Austin,USA,2003,1,8,74.0,14.9,3.5,5.3,-1.2,2.5,8.9,23.1,53.3,27.8
408,Tarence Kinsey,CLE,25,6-6,189,South Carolina,USA,Undrafted,Undrafted,Undrafted,50.0,2.0,0.8,0.2,-9.3,4.0,9.8,17.0,59.5,6.2
409,Tayshaun Prince,DET,29,6-9,215,Kentucky,USA,2002,1,23,82.0,14.2,5.8,3.1,-1.5,4.4,12.3,18.9,51.6,13.9
410,Thabo Sefolosha,OKC,25,6-7,215,None,Switzerland,2006,1,13,66.0,5.9,3.7,1.7,-4.3,3.7,13.4,13.6,50.0,11.8
411,Thaddeus Young,PHI,21,6-8,220,Georgia Tech,USA,2007,1,12,75.0,15.3,5.0,1.1,3.4,5.6,9.8,20.2,54.9,5.7
412,Theo Ratliff,PHI,36,6-10,235,Wyoming,USA,1995,1,18,46.0,1.9,2.8,0.2,-2.1,8.5,14.8,7.4,56.0,2.4
413,Thomas Gardner,ATL,24,6-5,225,Missouri,USA,Undrafted,Undrafted,Undrafted,16.0,1.5,0.4,0.1,9.7,0.0,6.1,18.8,31.8,4.2
414,Tim Duncan,SAS,33,6-11,260,Wake Forest,US Virgin Islands,1997,1,1,75.0,19.3,10.7,3.5,5.2,8.9,24.9,28.5,54.9,18.8
415,Tim Thomas,CHI,32,6-10,240,Villanova,USA,1997,1,7,64.0,8.5,3.1,1.1,1.8,3.3,12.6,19.6,55.5,8.7
416,Tony Allen,BOS,27,6-4,213,Oklahoma State,USA,2004,1,25,46.0,7.8,2.3,1.4,6.1,2.6,9.4,20.3,54.1,13.3
417,Tony Battie,ORL,33,6-11,240,Texas Tech,USA,1997,1,5,77.0,4.8,3.6,0.4,3.8,7.8,15.0,15.4,51.8,4.4
418,Tony Parker,SAS,27,6-2,180,None,France,2001,1,28,72.0,22.0,3.1,6.9,6.6,1.2,8.5,31.3,55.6,37.1
419,Tracy McGrady,HOU,30,6-8,223,None,USA,1997,1,9,35.0,15.6,4.4,5.0,2.8,1.7,11.3,24.2,49.2,25.6
420,Travis Diener,IND,27,6-1,175,Marquette,USA,2005,2,38,55.0,3.7,1.6,2.2,-0.4,0.9,10.8,12.4,55.5,24.2
421,Travis Outlaw,POR,24,6-9,207,None,USA,2003,1,23,81.0,12.8,4.1,1.0,3.0,3.3,12.5,21.4,54.1,6.6
422,Trenton Hassell,NJN,30,6-5,233,Austin Peay,USA,2001,2,29,53.0,3.7,2.8,1.0,-9.4,4.7,9.2,9.7,48.0,7.3
423,Trevor Ariza,LAL,24,6-8,210,UCLA,USA,2004,2,43,82.0,8.9,4.3,1.8,7.2,5.6,12.1,16.3,54.4,10.6
424,Trey Johnson,CLE,24,6-5,218,Jackson State,USA,Undrafted,Undrafted,Undrafted,4.0,1.0,0.3,0.0,-37.4,0.0,7.7,25.0,29.6,0.0
425,Troy Murphy,IND,29,6-11,245,Notre Dame,USA,2001,1,14,73.0,14.3,11.8,2.4,-0.6,5.8,29.4,16.7,61.4,10.3
426,Tyronn Lue,ORL,32,6-0,175,Nebraska,USA,1998,1,23,44.0,4.2,1.0,1.4,-1.5,1.1,7.7,16.5,53.7,20.6
427,Tyrus Thomas,CHI,22,6-9,215,Louisiana State,USA,2006,1,4,79.0,10.8,6.4,1.0,-3.9,6.9,16.9,19.3,52.5,5.7
428,Tyson Chandler,NOH,26,7-1,235,None,USA,2001,1,2,45.0,8.8,8.7,0.5,7.8,12.6,16.5,13.6,58.1,2.3
429,Udonis Haslem,MIA,29,6-8,235,Florida,USA,Undrafted,Undrafted,Undrafted,75.0,10.6,8.2,1.1,0.9,6.8,19.1,14.3,55.3,5.1
430,Vince Carter,NJN,32,6-6,220,North Carolina,USA,1998,1,5,80.0,20.8,5.1,4.7,-2.0,2.6,12.1,26.4,54.5,23.0
431,Vladimir Radmanovic,CHA,28,6-10,235,None,Serbia,2001,1,12,78.0,6.9,2.8,1.0,2.8,3.2,12.5,18.0,54.9,8.7
432,Von Wafer,HOU,23,6-5,210,Florida State,USA,2005,2,39,63.0,9.7,1.8,1.1,3.9,1.7,7.6,22.7,54.1,10.0
433,Wally Szczerbiak,CLE,32,6-7,240,Miami (Ohio),USA,1999,1,6,74.0,7.0,3.1,1.1,4.5,3.0,12.4,15.1,58.1,8.6
434,Walter Herrmann,DET,30,6-9,225,None,Argentina,Undrafted,Undrafted,Undrafted,59.0,3.8,1.8,0.4,0.7,4.2,13.0,16.3,51.4,5.5
435,Walter Sharpe,DET,22,6-9,245,Alabama-Birmingham,USA,2008,2,32,8.0,1.0,0.4,0.0,-22.3,0.0,10.3,25.5,33.7,0.0
436,Will Bynum,DET,26,6-0,185,Georgia Tech,USA,Undrafted,Undrafted,Undrafted,57.0,7.2,1.3,2.8,2.5,2.5,7.6,27.1,52.0,34.3
437,Will Solomon,SAC,30,6-1,185,Clemson,USA,2001,2,32,53.0,5.0,1.2,2.5,-8.0,1.8,7.8,20.2,50.6,32.0
438,Willie Green,PHI,27,6-3,201,Detroit,USA,2003,2,41,81.0,8.5,1.6,2.0,0.8,1.7,5.6,18.7,49.3,13.7
439,Wilson Chandler,NYK,22,6-8,220,DePaul,USA,2007,1,23,82.0,14.4,5.4,2.1,-3.6,3.2,13.2,20.1,51.5,9.8
440,Yakhouba Diawara,MIA,26,6-7,230,Pepperdine,USA,Undrafted,Undrafted,Undrafted,63.0,3.4,1.3,0.4,-3.4,3.1,6.8,13.2,47.3,5.3
441,Yao Ming,HOU,28,7-6,310,None,China,2002,1,1,77.0,19.7,9.9,1.8,8.9,8.7,21.0,25.8,61.8,9.6
442,Yi Jianlian,NJN,21,7-0,238,None,China,2007,1,6,61.0,8.6,5.3,1.0,-3.3,4.9,19.8,20.5,47.4,7.0
443,Zach Randolph,LAC,27,6-9,260,Michigan State,USA,2001,1,19,50.0,20.8,10.1,2.1,-4.4,8.9,20.9,27.7,53.1,10.6
444,Zaza Pachulia,ATL,25,6-11,275,None,Georgia,2003,2,42,77.0,6.2,5.7,0.7,4.9,12.1,18.5,16.0,57.1,6.2
445,Zydrunas Ilgauskas,CLE,34,7-3,260,None,Lithuania,1996,1,20,65.0,12.9,7.5,1.0,14.1,9.7,19.0,23.6,52.3,6.0
