﻿Player,height_inches,Weight,Wingspan
Andrew Nembhard,76.5,,77.75
AJ Griffin,78,,83
Tyrese Martin,77.5,216,80
Ron Harper,77.5,240,85.25
Bennedict Mathurin,78,205,81
Keegan Murray,80,,83
Johnny Davis,77.5,,80
David Roddy,77,260,83
Vincent Williams,77,,84
Kennedy Chandler,72,,78
Ochai Agbaji,77,,80
Jabari Smith,82,220,86
Tari Eason,80,,86
MarJon Beauchamp,78,,84
Christian Koloko,84,221,89.25
Kenneth Lofton,77.5,,83
Jaden Ivey,76,195,81
Jalen Duren,83,250,89
Patrick Baldwin,81,,85.75
Ryan Rollins,76,,82
Dereon Seabron,76,,80
Moussa Diabate,80,,87
Christian Braun,78,,78.5
Malaki Branham,76,,85
Blake Wesley,75,,81
Paolo Banchero,81,,84.5
Kevon Harris,78,,83
Dalen Terry,79,,84.75
Nikola Jovic,83,,84.25
Jalen Williams,78,,86
Jaden Hardy,76,,81
Bryce McGowens,77,,81
Mark Williams,85,,91
Caleb Houstan,80,,84
Shaedon Sharpe,78,,84
Jabari Walker,79,,84
Jack White,79,,84
Peyton Watson,79,,84
Jeremy Sochan,81,,84.5
Ousmane Dieng,81,,84
Chima Moneke,78,,82
Jake LaRavia,80,,81.5
Max Christie,77,,80.75
Dru Smith,75,,80
Walker Kessler,84,,90
Simone Fontecchio,80,,84
Dyson Daniels,80,,84
Jason Preston,75,,80.5
Jaylin Williams,81,,85
Wendell Moore,76.25,,84.5
Isaiah Mobley,80,,87
Trevor Hudgins,72,,75
AJ Green,76,211,79
Trevor Keels,76,,79
Buddy Boeheim,77,,78
Scotty Pippen,73,,76
Cole Swider,81,,84
John Butler,84,,86
Josh Minott,81,,84
Jamal Cain,69,,81.5
Kendall Brown,78,,83
Julian Champagnie,78,,82
JD Davison,74,,76
Jordan Hall,79,,81
Michael Foster,80,,84
Dominick Barlow,82,,87
Orlando Robinson,82,,88
Keon Ellis,77,,81
AJ Lawson,78,,82
TyTy Washington,75,,80
Alondes William,76,,79
